npsn,nama,jenjang,status,kabupaten,kecamatan,alamat_jalan,dusun,kode_pos,telepon,email,website,akreditasi,jml_siswa,jml_siswa_l,jml_siswa_p,jml_rombel
20517415,SMP AN-NUR,SMP,SWASTA,Kab. Malang,Kec. Bululawang,Jl. Raya Bululawang,,65171,0341805609,smpannur1992@gmail.com,http://www.smpannur.sch.id,A,2887,1295,1592,91
20515443,SMKS SORE TULUNGAGUNG,SMK,SWASTA,Kab. Tulungagung,Kec. Boyolangu,JL. MASTRIP NO.100,-,66235,0355322498,smk_sore_tagung@yahoo.com,http://www.smksoretulungagung.sch.id,A,2814,2506,308,70
20533808,SMKS PGRI 3 MALANG,SMK,SWASTA,Kota Malang,Kec. Lowokwaru,JL. RAYA TLOGOMAS NO. 29 MALANG,-,65144,0341554383,mail.smkpgri3malang@gmail.com,http://www.smkpgri3-malang.sch.id,A,2737,2068,669,85
20535055,SMKS ISLAM 1 KOTA BLITAR,SMK,SWASTA,Kota Blitar,Kec. Kepanjenkidul,JL. MUSI NO.6 BLITAR,Kauman,66117,0342802137,smkislam@gmail.com,http://https://smkislam1blitar.sch.id,A,2699,2425,274,72
20510106,SMKS PGRI 2 PONOROGO,SMK,SWASTA,Kab. Ponorogo,Kec. Babadan,JL. SOEKARNO - HATTA,-,63491,0352461821,smkpgri2ponorogo@yahoo.com,http://www.smkpgri2ponorogo.com,A,2643,2380,263,72
20501692,SMKS KRIAN 1 SIDOARJO,SMK,SWASTA,Kab. Sidoarjo,Kec. Krian,JL. RAYA SIDOARJO KRIAN,Bakalan,61262,0318971207,mail@smkkrian1.sch.id,http://www.smkkrian1.sch.id,A,2606,2231,375,67
20522637,SMKS IBRAHIMY 1 SUKOREJO,SMK,SWASTA,Kab. Situbondo,Kec. Banyuputih,JL. KHR SYAMSUL ARIFIN SUKOREJO,SUKOREJO,68374,0338452666,smk_ibrahimy1@ymail.com,http://www.smkibrahimy1sukorejo.sch.id,A,2604,1211,1393,71
20537286,SMKN 1 BOYOLANGU,SMK,NEGERI,Kab. Tulungagung,Kec. Boyolangu,JL. KI MANGUNSARKORO VI/3,-,66233,0355323024,smkn1boyolangu@yahoo.co.id,http://www.smkn1boyolangu.sch.id,A,2582,594,1988,72
20515441,SMKN 1 BANDUNG,SMK,NEGERI,Kab. Tulungagung,Kec. Bandung,"Ds. Bantengan, Kec. Bandung",KRAJAN,66274,0355531899,smknbandung@smknbandung.sch.id,http://smknbandung.sch.id,A,2557,1612,945,72
20571035,SMP IBRAHIMY 3 SUKOREJO,SMP,SWASTA,Kab. Situbondo,Kec. Banyuputih,Jl. KHR. Syamsul Arifin ,Sumberejo,68374,0338452666,smpibrahimytiga@yahoo.com,http://,A,2540,0,2540,66
20532211,SMKN 5 SURABAYA,SMK,NEGERI,Kota Surabaya,Kec. Gubeng,JL. MAYJEND PROF. DR. MOESTOPO 167-169,-,60285,0315934888,stemba5sby@gmail.com,http://smkn5-sby.sch.id,A,2535,1759,776,75
20532204,SMKN 10 SURABAYA,SMK,NEGERI,Kota Surabaya,Kec. Sukolilo,JL. KEPUTIH TEGAL,-,60111,0315939581,info@smkn10surabaya.sch.id,http://www.smkn10surabaya.sch.id,A,2534,810,1724,72
20532203,SMKN 2 SURABAYA,SMK,NEGERI,Kota Surabaya,Kec. Sawahan,JL. TENTARA GENIE PELAJAR 26,-,60252,0315343708,smekda.surabaya@gmail.com,http://smkn2sby.sch.id,A,2534,1914,620,72
20533816,SMKN 4 MALANG,SMK,NEGERI,Kota Malang,Kec. Klojen,JL. TANIMBAR 22 MALANG,Kasin,65117,0341353798,mail@smkn4malang.sch.id,http://smkn4malang.sch.id,A,2527,1417,1110,75
20532205,SMKN 1 SURABAYA,SMK,NEGERI,Kota Surabaya,Kec. Wonokromo,JL. SMEA NO. 4 WONOKROMO,-,60243,0318292039,info@smkn1-sby.sch.id,http://www.smkn1-sby.sch.id,A,2517,986,1531,72
20532212,SMKN 6 SURABAYA,SMK,NEGERI,Kota Surabaya,Kec. Wonocolo,JL. MARGOREJO NO.76 WONOCOLO SURABAYA,-,60238,0318438267,smkn6s@yahoo.com,http://www.smkn6-sby.sch.id,A,2510,588,1922,72
20538346,SMK PGRI 1 NGANJUK,SMK,SWASTA,Kab. Nganjuk,Kec. Nganjuk,Jl. Barito No.112 Nganjuk Kab. Nganjuk,begadung,64413,0358322052,smkpgri1ngj@gmail.com,http://www.smkpgri1-nganjuk.sch.id,A,2506,2169,337,70
20517785,SMAS AN NUR BULULAWANG,SMA,SWASTA,Kab. Malang,Kec. Bululawang,JL. RAYA BULULAWANG,Bululawang,65171,0341833366,smasannur89@gmail.com,http://www.smasannur.sch.id,A,2494,1091,1403,68
20508448,SMKS PGRI 1 NGAWI,SMK,SWASTA,Kab. Ngawi,Kec. Ngawi,"JL. RAJAWALI NO.32 BERAN, NGAWI",Beran,63216,0351746081,tatausahasmkpgri1ngawi@gmail.com,http://www.smkpgri1ngawi.sch.id,A,2484,1879,605,70
20554703,SMK NEGERI 1 REJOTANGAN,SMK,NEGERI,Kab. Tulungagung,Kec. Rejotangan,JLN RAYA BUNTARAN TULUNGAGUNG,kebonagung,66293,0355394057,smkn1rejotangan@gmail.com,http://www.smkn1rejotangan.sch.id,A,2470,1388,1082,68
20535097,SMKN 1 BLITAR,SMK,NEGERI,Kota Blitar,Kec. Sananwetan,JL. KENARI 30 BLITAR,,66134,0342801947,info@smkn1blitar.sch.id,http://www.smkn1blitar.sch.id,A,2441,1764,677,72
20533818,SMKN 6 MALANG,SMK,NEGERI,Kota Malang,Kec. Kedungkandang,JL. KI AGENG GRIBIG NO. 28,Madyopuro,65138,0341722216,info@smkn6malang.sch.id,http://www.smkn6malang.sch.id,A,2435,1718,717,75
20551726,SMKN 1 UDANAWU,SMK,NEGERI,Kab. Blitar,Kec. Udanawu,JL. RAYA SLEMANAN UDANAWU BLITAR,Slemanan,66154,0342552030,smkn1udanawu@yahoo.co.id,http://www.smkn1udanawu.sch.id,A,2421,1241,1180,69
20523760,SMKN 5 JEMBER,SMK,NEGERI,Kab. Jember,Kec. Sukorambi,JL. BRAWIJAYA NO. 55 JEMBER,Krajan,68151,0331487535,kaliber.smkn5jember@gmail.com,http://www.smkn5jember.sch.id,A,2413,1441,972,72
20510101,SMKN 1 JENANGAN,SMK,NEGERI,Kab. Ponorogo,Kec. Jenangan,"JL. NIKEN GANDINI NO.98, KEL.SETONO, KEC.JENANGAN, KAB.PONOROGO",Setono,63492,0352481236,smknjenpo@yahoo.com,http://www.smkn1jenpo.sch.id,A,2406,2079,327,68
20555372,SMKS RADEN RAHMAT MOJOSARI,SMK,SWASTA,Kab. Mojokerto,Kec. Mojosari,Jl. Hasanudin 79 Mojosari,Candi rejo,61382,0321598708,smkradenrahmat.mojosari@gmail.com,http://www.smkradenrahmatmojosari.sch.id,A,2405,1704,701,70
20525627,SMKN 1 GLAGAH,SMK,NEGERI,Kab. Banyuwangi,Kec. Glagah,JL. KUNTULAN NO. 1 BANYUWANGI,Krajan,68432,0333421222,smkn1glagah@yahoo.com,http://smkn1glagah.sch.id,A,2380,2088,292,72
20551747,SMKN 1 KADEMANGAN,SMK,NEGERI,Kab. Blitar,Kec. Kademangan,JL. SADEWO 1 KADEMANGAN,-,66161,0342815208,smkkademangan@yahoo.co.id,https://smkkademangan.sch.id,A,2363,1510,853,70
20534398,SMK NEGERI 1 KOTA KEDIRI ,SMK,NEGERI,Kota Kediri,Kec. Mojoroto,JL. VETERAN 9 KEDIRI,SUKORAME,64112,0354772271,smkn1.kediri@gmail.com,http://smkn1kediri.sch.id,A,2353,1934,419,69
20517766,SMKN 1 SINGOSARI,SMK,NEGERI,Kab. Malang,Kec. Singosari,JL. RAYA MONDOROKO NO 03 SINGOSARI,Banjararum,65153,0341458138,smkn1sgsmalang@gmail.com,http://www.smkn1singosari.sch.id,A,2337,1510,827,69
20511918,SMK CANDA BHIRAWA PARE,SMK,SWASTA,Kab. Kediri,Kec. Pare,"JL. PB. SUDIRMAN NO. 68, PARE",-,64211,0354391187,info@smkcbpare.sch.id,http://www.smkcbpare.sch.id,A,2331,1806,525,65
20534397,SMK PGRI 1 KEDIRI,SMK,SWASTA,Kota Kediri,Kec. Mojoroto,JL. HIMALAYA 6 KEDIRI,-,64114,0354771130,smkpgri1kdr@gmail.com,http://smkpgri1kediri.sch.id,A,2301,2190,111,65
20522652,SMP IBRAHIMY 1 SUKOREJO,SMP,SWASTA,Kab. Situbondo,Kec. Banyuputih,Jl. KHR. Syamsul Arifin Sumberejo Banyuputih Situbondo,Sukorejo,68374,03338452666,admin@smpibrahimy1sukorejo.sch.id,http://smpibrahimy1sukorejo.sch.id,A,2297,2296,1,70
20534784,SMKS TAMANSISWA MOJOKERTO,SMK,SWASTA,Kota Mojokerto,Kec. Magersari,JL. PANDERMAN VIII,PANDERMAN,61317,0321321206,smk_tamansiswa_mjk@yahoo.com,http://https://www.smktamansiswa-mjk.sch.id,A,2285,1952,333,68
20523756,SMKN 2 JEMBER,SMK,NEGERI,Kab. Jember,Kec. Sumbersari,JL. TAWANGMANGU 59,TegalGede,68126,0331337930,smknegeri2jember@gmail.com,http://www.smk.2jember.sch.id,A,2255,2083,172,67
20532210,SMK NEGERI 12 SURABAYA,SMK,NEGERI,Kota Surabaya,Kec. Wonocolo,Jl. Siwalankerto Permai No. 1,-,60236,0318436687,smkn12surabaya@yahoo.com,http://www.smkn12surabaya.sch.id,A,2247,1119,1128,72
20522636,SMKN 1 PANJI SITUBONDO,SMK,NEGERI,Kab. Situbondo,Kec. Panji,JL. GUNUNG ARJUNO NO. 17,Mimbaan,68322,0338672507,smkn1panji@yahoo.com,http://www.smkn1panji-sit.sch.id,A,2234,1111,1123,66
20500411,SMKS PGRI 1 GRESIK,SMK,SWASTA,Kab. Gresik,Kec. Gresik,JL. DR. SUTOMO NO.46,-,61119,3981487,smkpgrigresik@gmail.com,http://www.smkpgri1gresik.sch.id,A,2228,1908,320,63
20514366,SMKS PGRI WLINGI,SMK,SWASTA,Kab. Blitar,Kec. Wlingi,JL. JENDRAL SUDIRMAN 86,-,66184,62342691224,smkpgri_wlg@yahoo.co.id,http://www.smkpgriwlingi.sch.id,A,2215,1509,706,71
20540077,SMKS ANTARTIKA 2 SIDOARJO,SMK,SWASTA,Kab. Sidoarjo,Kec. Buduran,JL. SIWALANPANJI,Siwalanpanji,61252,0318065117,smkantartikadua@gmail.com,http://smkantartika2-sda.sch.id,A,2215,1180,1035,65
20515449,SMKN 3 BOYOLANGU,SMK,NEGERI,Kab. Tulungagung,Kec. Boyolangu,JL. KI MANGUNSARKORO,Beji,66233,0355321415,info@smkn3boy.sch.id,http://www.smkn3boy.sch.id,A,2214,2071,143,60
20517712,SMKS BRANTAS KARANGKATES,SMK,SWASTA,Kab. Malang,Kec. Sumberpucung,JL. LOLARAS 14,Bandung,65165,0341385876,smk.brantasmalang@gmail.com,http://smkbrantaskarangkates.sch.id,A,2202,1524,678,63
20542524,SMK NEGERI 1 TRENGGALEK,SMK,NEGERI,Kab. Trenggalek,Kec. Trenggalek,JL. BRIGJEN SUTRAN NOMOR 3,-,66315,0355793177,esemkane1tl@yahoo.co.id,http://www.smkn1trenggalek.sch.id,A,2192,1569,623,63
20517758,SMKS MUHAMMADIYAH 7 GONDANGLEGI,SMK,SWASTA,Kab. Malang,Kec. Gondanglegi,JL. KH. A. DAHLAN 20 GONDANGLEGI,-,65174,0341879370,smkm7gdl@yahoo.com,http://www.smkmutumalang.sch.id,A,2165,1301,864,66
20517767,SMKN 1 TUREN,SMK,NEGERI,Kab. Malang,Kec. Turen,JL. PANGLIMA SUDIRMAN NO. 41,-,65175,0341824059,smkn1turenmalang@gmail.com,http://www.smkn1-turen.sch.id,A,2164,356,1808,62
70038015,SMA IBRAHIMY 2 SUKOREJO,SMA,SWASTA,Kab. Situbondo,Kec. Banyuputih,Komplek Pondok Putri Pondok Pesantren Salafiyah Syafi`iyah Sukorejo Situbondo,SUKOREJO,68374,0338452666,smaibrahimy2sukorejo@gmail.com,http://,A,2164,0,2164,47
20548806,SMKN 11 MALANG,SMK,NEGERI,Kota Malang,Kec. Sukun,JL. PELABUHAN BAKAHUNI NO. 1 MALANG,Bakalan Krajan,65148,0341836330,info@smkn11malang.sch.id,http://www.smkn11malang.sch.id,A,2154,1298,856,70
20542517,SMK NEGERI 2 TRENGGALEK,SMK,NEGERI,Kab. Trenggalek,Kec. Trenggalek,Jln. Ronggo warsito Gg Sidomukti No. 01,Sidomulyo,66315,03557690148,smkduatrenggalek@yahoo.co,http://www.smkn2trenggalek.sch.id,A,2147,1285,862,61
20535468,SMK NEGERI 1 PASURUAN,SMK,NEGERI,Kota Pasuruan,Kec. Panggungrejo,JL. VETERAN 11 PASURUAN,-,67122,0343421380,smk1pasuruan@yahoo.com,http://www.smkn1-pasuruan.sch.id,A,2147,961,1186,62
20509295,SMKN 1 BENDO MAGETAN,SMK,NEGERI,Kab. Magetan,Kec. Bendo,Jalan Raya Kec. Bendo,KELURAHAN BENDO,63384,0351439660,smkn1bendomagetan@gmail.com,http://smkn1bendo.sch.id,A,2132,1551,581,60
20558812,SMK NEGERI 1 NGASEM KABUPATEN KEDIRI,SMK,NEGERI,Kab. Kediri,Kec. Ngasem,"JALAN TOTOK KEROT, SUMBERJO, NGASEM",-,64182,547762,smkn1ngasem_kediri@yahoo.co.id,http://www.smkn1ngasem-kediri.sch.id,A,2114,1106,1008,60
20564067,SMKN 1 KEPANJEN,SMK,NEGERI,Kab. Malang,Kec. Kepanjen,JL. RAYA KEDUNGPEDARINGAN,Kedungpedaringan,65163,395777,smkn1kepanjen@ymail.com,http://smkn1kepanjen.sch.id,A,2107,1236,871,60
20501716,SMKS KRIAN 2 SIDOARJO,SMK,SWASTA,Kab. Sidoarjo,Kec. Krian,JL. SIDOARJO KRIAN,KATERUNGAN,61262,0318985188,mail@smkkrian2.sch.id,http://www.smkkrian2.sch.id,B,2104,1380,724,53
69775580,SMKN 2 TULUNGAGUNG,SMK,NEGERI,Kab. Tulungagung,Kec. Tulungagung,JL. JABALSARI - SUMBERGEMPOL - TULUNGAGUNG,,66291,08113737375,info@smkn2tulungagung.sch.id,http://smkn2tulungagung.sch.id,A,2104,1568,536,60
20525590,SMKN 1 BANYUWANGI,SMK,NEGERI,Kab. Banyuwangi,Kec. Giri,JL. WIJAYA KUSUMA 46,-,68425,0333424541,smkn1bwi.wk46@gmail.com,http://smkn1banyuwangi.sch.id,A,2093,430,1663,62
20535099,SMKN 3 BLITAR,SMK,NEGERI,Kota Blitar,Kec. Sananwetan,JL. SUDANCO SUPRIADI NO. 24 BLITAR,Bendogerit,66133,0342801621,smkn3_blitar@yahoo.co.id,http://www.smkn3blitar.sch.id,A,2051,410,1641,61
20548745,SMKN 2 BOYOLANGU,SMK,NEGERI,Kab. Tulungagung,Kec. Boyolangu,JL. KI MANGUNSARKORO VI/1,krajan,66233,322989,smkn2boyolangu@gmail.com,http://www.smkn2boyolangu.sch.id,A,2045,131,1914,58
20502706,SMKN 1 PUNGGING,SMK,NEGERI,Kab. Mojokerto,Kec. Pungging,JL. RAYA TRAWAS PUNGGING,Lebak Sono,61384,0321593257,smkn1pungging_mjk@yahoo.com,http://www.smkn1pungging.sch.id,A,2040,1179,861,57
20514364,SMKN 1 DOKO,SMK,NEGERI,Kab. Blitar,Kec. Doko,JL. PAHLAWAN,RESAPOMBO,66186,0342331676,smkn1doko@gmail.com,http://www.smkn1doko.sch.id,A,2029,1147,882,60
20505026,SMKN 1 TUBAN,SMK,NEGERI,Kab. Tuban,Kec. Tuban,JL. MASTRIP NO.2 SIDOREJO TUBAN,-,62315,0356321422,info@smkn1-tuban.sch.id,http://www.smkn1-tuban.sch.id,A,2025,1188,837,57
20507705,SMKN 2 JIWAN,SMK,NEGERI,Kab. Madiun,Kec. Jiwan,"Jl. Marsma TNI Anumerta R. Iswahjudi, Kwangsen No 149",SUKOSARI,63161,0351868386,info@smkn2jiwan.sch.id,http://smkn2jiwan.sch.id,A,2014,1289,725,60
20519278,SMKN 1 BANGIL,SMK,NEGERI,Kab. Pasuruan,Kec. Bangil,JL. TONGKOL NO. 3,Sukolipuro - Dermo,67153,0343744144,smknesaba@yahoo.com,https://smkn1bangil.sch.id,A,2013,974,1039,57
20534408,SMK NEGERI 2 KOTA KEDIRI ,SMK,NEGERI,Kota Kediri,Kec. Mojoroto,JL. VETERAN NO. 5 KEDIRI & JL. MONGINSIDI 36 KEDIRI,-,64114,771441,smkn2kediri@gmail.com,http://smkn2kediri.sch.id,A,2003,286,1717,57
20566440,SMKN 1 TULUNGAGUNG,SMK,NEGERI,Kab. Tulungagung,Kec. Tulungagung,JALAN RAYA BOYOLANGU KM 5 TULUNGAGUNG,-,66217,0355325853,smknegeri1tulungagung@gmail.com,http://smkn1tulungagung.sch.id,A,1995,1173,822,60
20519220,SMKN 1 GRATI,SMK,NEGERI,Kab. Pasuruan,Kec. Grati,JL. RAYA NGOPAK 1 GRATI,-,67184,0343482009,smkn1grati_pas@yahoo.co.id,http://www.smkn1grati.sch.id,A,1994,1281,713,57
20532197,SMKN 7 SURABAYA,SMK,NEGERI,Kota Surabaya,Kec. Bubutan,JL. PAWIYATAN NO. 2 SURABAYA,BUBUTAN,60174,0315342407,smknegeri7sby@yahoo.com,http://www.smkn7sby.sch.id/,A,1989,1629,360,58
20525629,SMKN DARUL ULUM MUNCAR,SMK,NEGERI,Kab. Banyuwangi,Kec. Muncar,JL. KH. ASKANDAR KM.2 WRINGINPUTIH,Krajan,68472,0333597602,smkndu.muncar@gmail.com,http://smkndu-muncar.sch.id,A,1988,934,1054,57
20511927,SMK KARTANEGARA WATES,SMK,SWASTA,Kab. Kediri,Kec. Wates,Jl. Raya Kediri Dsn. Bondo Ds. Wates Kab. Kediri,-,64174,0354443103,admin@smkkartanegara.sch.id,http://smkkartanegara.sch.id,A,1980,1505,475,56
20570966,SMKS ISLAM BUSTANUL ULUM,SMK,SWASTA,Kab. Jember,Kec. Pakusari,JL. HIMALAYA NO.17 PAKUSARI,ROWO,68181,0331591880,smkibupakusari1@gmail.com,http://www.smkibu.sch.id,B,1972,1034,938,60
20519149,SMKN 1 PURWOSARI,SMK,NEGERI,Kab. Pasuruan,Kec. Purwosari,JL. RAYA PURWOSARI PASURUAN,PURWOSARI,67162,085136075267,purwosarismkn1@yahoo.co.id,https://www.smkn1purwosari.sch.id,A,1968,1054,914,57
20536289,SMKN 2 PROBOLINGGO,SMK,NEGERI,Kota Probolinggo,Kec. Kanigaran,JL. MASTRIP NO.153 PROBOLINGGO,Kanigaran,67213,0335421324,info@smkn2-pbl.sch.id,http://smkn2-pbl.sch.id,A,1955,1827,128,60
20539749,SMKN 10 MALANG,SMK,NEGERI,Kota Malang,Kec. Kedungkandang,JL. RAYA TLOGOWARU NO. 1 ,Tlogowaru,65133,0341754086,smkn10_malang@yahoo.co.id,http://www.smkn10-mlg.sch.id,A,1935,1333,602,60
20507713,SMKN 1 WONOASRI,SMK,NEGERI,Kab. Madiun,Kec. Wonoasri,JL. PANGLIMA SUDIRMAN NO. 1,PURWOSARI,63157,0351383079,smkpink@smkn1wonoasri.sch.id,http://smkn1wonoasri.sch.id,A,1927,1050,877,54
20503372,SMK NEGERI 3 JOMBANG,SMK,NEGERI,Kab. Jombang,Kec. Jombang,JL. PATIMURA NO. 6 JOMBANG,Sengon,61418,0321862138,smkn3jmb@yahoo.com,http://www.smkn3-jbg.sch.id,A,1920,1717,203,55
20533814,SMKN 2 MALANG,SMK,NEGERI,Kota Malang,Kec. Lowokwaru,JL. VETERAN 17 MALANG,KETAWANGGEDE,65145,0341551504,smkn2malang@yahoo.com,http://www.smkn2malang.sch.id,A,1918,584,1334,57
20546537,SMKN 2 KRAKSAAN,SMK,NEGERI,Kab. Probolinggo,Kec. Kraksaan,JL. DIPONEGORO NO.5,-,67282,0335846407,smkn2kraksaan@gmail.com,http://www.smkn2kraksaan.sch.id,A,1916,1280,636,57
20547845,SMK NEGERI 1 PAGERWOJO,SMK,NEGERI,Kab. Tulungagung,Kec. Pagerwojo,JL. RAYA PAGERWOJO DS. MULYOSARI KEC. PAGERWOJO KAB. TULUNGAGUNG,Suweru,66262,08283323395,smknpagerwojo@gmail.com,http://www.smknpagerwojo.sch.id,A,1893,1193,700,60
20504482,SMKN 2 BOJONEGORO,SMK,NEGERI,Kab. Bojonegoro,Kec. Bojonegoro,JL. Pattimura No. 3,Sumbang,62115,0353881912,smkn2.bojonegoro@yahoo.com,http://www.smkn2bojonegoro.sch.id,A,1876,1445,431,54
20503425,SMK PGRI 1 JOMBANG,SMK,SWASTA,Kab. Jombang,Kec. Jombang,JL. PATTIMURA V NO.75 JOMBANG,-,61418,0321862160,smkpgri1jombang@gmail.com,http://www.smkpgri1jombang.sch.id,A,1873,483,1390,52
20542523,SMK NEGERI 1 POGALAN,SMK,NEGERI,Kab. Trenggalek,Kec. Pogalan,JL.TULUNGAGUNG NO. 3 Tlp.(0355)-791371,Ngetal,66371,0355791371,info@smkn1pogalan.sch.id,http://www.smkn1pogalan.sch.id,A,1860,412,1448,54
20500423,SMKN 1 CERME GRESIK,SMK,NEGERI,Kab. Gresik,Kec. Cerme,JL. JURIT CERME,-,61171,0317992471,smkn1cermegresik@yahoo.co.id,http://www.smkn1cermegresik.sch.id,A,1857,1021,836,54
20521449,SMKN 1 LUMAJANG,SMK,NEGERI,Kab. Lumajang,Kec. Lumajang,JL. HOS. COKROAMINOTO 161,-,67311,881866,info@smkn1lmj.sch.id,http://www.smkn1lmj.sch.id,A,1856,883,973,54
20509296,SMKS YOSONEGORO,SMK,SWASTA,Kab. Magetan,Kec. Magetan,JL. TRIPANDITA NO.04,-,63319,0351895316,smkyosonegoro@yahoo.com,http://www.smk-yosonegoro.sch.id,A,1856,1782,74,58
20542536,SMKN 1 GEMPOL,SMK,NEGERI,Kab. Pasuruan,Kec. Gempol,JL. DAU DARMOREJO,Kepulungan,67155,0343635726,smkn1_gempol@yahoo.co.id,http://www.smkn1gempol.sch.id,A,1853,1096,757,54
20534179,SMKN 1 MADIUN,SMK,NEGERI,Kota Madiun,Kec. Kartoharjo,JL. M.H THAMRIN 1 MADIUN,,63115,0351462833,kantor@smkn1madiun.sch.id,http://smkn1madiun.sch.id,A,1851,1710,141,54
20566286,SMKN 2 SINGOSARI,SMK,NEGERI,Kab. Malang,Kec. Singosari,JL. PERUSAHAAN  NO.20 TUNJUNGTIRTO-SINGOSARI,TUNJUNGTIRTO,65153,03414345127,smkn2.singosari@yahoo.co.id,http://www.smkn2-singosari.sch.id,A,1849,1059,790,55
20557276,SMKN 1 NGLEGOK,SMK,NEGERI,Kab. Blitar,Kec. Nglegok,Jl. Penataran No. 1 Nglegok Kec. Nglegok Kab. Blitar,-,66181,0342561355,smkn1_nglegok@yahoo.com,http://smkn1nglegok.sch.id,A,1845,813,1032,53
20541319,SMKS DHARMA BAHARI,SMK,SWASTA,Kota Surabaya,Kec. Tandes,JL. SIKATAN LEBAR XVI NO. 1-5 TANDES SURABAYA,-,60185,0317420948,ict.smkdbs@gmail.com,http://www.smkdharmabahari.sch.id,B,1844,1538,306,49
20523734,SMKN 1 JEMBER,SMK,NEGERI,Kab. Jember,Kec. Patrang,JL. JAMBU NO. 17,Krajan,68111,0331483108,smknegeri1jember@yahoo.com,http://www.smknegeri1jember.sch.id,A,1826,791,1035,54
20540177,SMKN 1 TEGALSARI,SMK,NEGERI,Kab. Banyuwangi,Kec. Tegalsari,JL. KH. ABDUL MAJID NO. 09,KRAJAN 2,68491,03335980920,smkn1tegalsaribwi@gmail.com,http://www.smkn1tegalsari.sch.id,A,1825,951,874,50
20511947,SMK NEGERI 1 PLOSOKLATEN KABUPATEN KEDIRI,SMK,NEGERI,Kab. Kediri,Kec. Plosoklaten,Jl. Pare - Wates KM. 7,-,64175,0354392619,smkn.plosoklaten@gmail.com,http://smkn1plosoklaten.sch.id,A,1824,849,975,53
20551643,SMA BUDI UTOMO PERAK,SMA,SWASTA,Kab. Jombang,Kec. Perak,GADINGMANGU PERAK,GADING,61461,0321860816,smabudiutomoperak@gmail.com,http://www.smabudiutomoperak.sch.id,A,1818,772,1046,51
20533813,SMKN 1 MALANG,SMK,NEGERI,Kota Malang,Kec. Sukun,JL. SONOKEMBANG / JANTI,-,65148,0341326630,smkn1_mlg@yahoo.com,http://smkn1malang.sch.id/,A,1818,486,1332,54
20503375,SMK NEGERI 1 JOMBANG,SMK,NEGERI,Kab. Jombang,Kec. Jombang,JL. DR. SUTOMO 15 JOMBANG,SENGON,61415,0321861516,kantor@smkn1jombang.sch.id,http://smkn1jombang.sch.id,A,1816,199,1617,51
20533817,SMKN 5 MALANG,SMK,NEGERI,Kota Malang,Kec. Lowokwaru,JL. IKAN PIRANHA ATAS,-,65142,478195,info@smkn5malang.sch.id,http://www.smkn5malang.sch.id,A,1781,931,850,57
20506249,SMK NEGERI 1 LAMONGAN,SMK,NEGERI,Kab. Lamongan,Kec. Lamongan,JL. JEND SUDIRMAN 84 LAMONGAN,-,62212,63363637,smknlamongan@yahoo.com,http://www.smkn1lamongan.sch.id,A,1774,647,1127,51
20539063,SMKN 1 BADEGAN,SMK,NEGERI,Kab. Ponorogo,Kec. Badegan,JL. SUYUDONO NO.01,Nglambong,63455,0352751034,smkn1badegan@gmail.com,https://www.smkn1badegan.sch.id,A,1774,1089,685,45
20532180,SMKS KETINTANG SURABAYA,SMK,SWASTA,Kota Surabaya,Kec. Wonokromo,JL. KETINTANG NO. 147-151 SURABAYA,Wonokromo,60243,0318284121,smkketintang@gmail.com,http://smkketintang.sch.id,A,1765,826,939,53
20517714,SMKS BINA BANGSA DAMPIT,SMK,SWASTA,Kab. Malang,Kec. Dampit,JL. RAYA MAJANG TENGAH DAMPIT,Krajan,65181,0341897040,smkbisadpt@yahoo.co.id,http://smkbisadampit.sch.id,A,1764,1257,507,54
20577261,SMKS SEPULUH NOPEMBER SIDOARJO,SMK,SWASTA,Kab. Sidoarjo,Kec. Buduran,RAYA SIWALAN PANJI,SIWALANPANJI,61252,0318050111,smksepuluhnopembersda@gmail.com,http://www.smksepuluhnopembersda.sch.id/,A,1755,127,1628,45
20505025,SMKN 2 TUBAN,SMK,NEGERI,Kab. Tuban,Kec. Tuban,JL PROF. MOCH. YAMIN NO.106 KEBONSARI TUBAN,Kebonsari,62317,0356321255,smknduatbn@gmail.com,http://www.smkn2tuban.sch.id,A,1749,137,1612,54
20548807,SMKN 12 MALANG,SMK,NEGERI,Kota Malang,Kec. Blimbing,JL. PAHLAWAN BALEARJOSARI,-,65126,0341400884,surat@smkn12malang.sch.id,http://www.smkn12malang.sch.id,A,1741,851,890,51
20505029,SMKS TARUNA JAYA PRAWIRA TUBAN,SMK,SWASTA,Kab. Tuban,Kec. Tuban,"JL. DR. WAHIDIN SUDIROHUSODO, SIDOREJO TUBAN",-,62315,0356324379,info@smktjp.sch.id,http://www.smktjp.sch.id,A,1726,1665,61,57
20540110,SMKS YPM 8 SIDOARJO,SMK,SWASTA,Kab. Sidoarjo,Kec. Sidoarjo,JL. RAYA SARIROGO NO.481,-,61251,081230080007,smkypm8sda@gmail.com,http://smkypm8.sch.id,A,1709,1364,345,41
20541258,SMKN 1 BOJONEGORO,SMK,NEGERI,Kab. Bojonegoro,Kec. Bojonegoro,JL. PANGLIMA POLIM 50,-,62115,0353881310,smknegeri1bojonegoro@yahoo.com,http://www.smkn1bojonegoro.sch.id,A,1707,141,1566,51
20535098,SMKN 2 BLITAR,SMK,NEGERI,Kota Blitar,Kec. Sukorejo,JL. TANJUNG 111 BLITAR,-,66122,0342801882,smkn2@smkn2blitar.sch.id,http://www.smkn2blitar.sch.id,A,1699,109,1590,48
20554690,SMKN 8 JEMBER,SMK,NEGERI,Kab. Jember,Kec. Semboro,JL. PELITA NO.27,Babatan,68157,0336444112,jembersmkn8@yahoo.com,http://www.smkn8jember.sch.id,A,1696,1030,666,49
20538342,SMK NEGERI 1 NGANJUK,SMK,NEGERI,Kab. Nganjuk,Kec. Nganjuk,JL. DR. SOETOMO NO. 61C,Kauman,64411,0358321483,smknegeri1nganjuk@gmail.com,http://www.smkn1nganjuk.sch.id,A,1692,1131,561,48
20503433,SMK DWIJA BHAKTI 2,SMK,SWASTA,Kab. Jombang,Kec. Jombang,JL. KUSUMA BANGSA NO.74 JOMBANG,Sengon,61418,0321863246,smkdb2jombang@gmail.com,http://www.smkdb2jombang.sch.id,A,1684,1660,24,48
20532195,SMKN 3 SURABAYA,SMK,NEGERI,Kota Surabaya,Kec. Gayungan,JL. JEND. A. YANI SURABAYA,-,60234,0318412886,smkn3_sby@yahoo.co.id,http://smkn3sby-sch.id,A,1684,1386,298,51
20501709,SMKS YPM 1 TAMAN SIDOARJO,SMK,SWASTA,Kab. Sidoarjo,Kec. Taman,JL. RAYA NGELOM NO.86,NGELOM,61257,0317885076,smkypm1_taman@yahoo.co.id,http://www.smkypm1taman.sch.id,A,1680,1636,44,40
20525622,SMKS MUHAMMADIYAH 2 GENTENG,SMK,SWASTA,Kab. Banyuwangi,Kec. Genteng,JL. HASANUDDIN 103,Genteng Wetan,68465,0333846292,smkmudagenteng@gmail.com,smkmuh2genteng.sch.id,A,1663,1592,71,52
20554785,SMKN 1 PARON,SMK,NEGERI,Kab. Ngawi,Kec. Paron,"JL.RAYA GENTONG, PARON-NGAWI",Gentong,63253,0351731403,smkn1.paron@yahoo.co.id,http://www.smkn1paron.com,A,1660,896,764,48
20510098,SMKN 2 PONOROGO,SMK,NEGERI,Kab. Ponorogo,Kec. Ponorogo,JL. LAKS. YOS SUDARSO 21 A,Kepatihan,63416,0352481922,smkn2po@yahoo.com,http://smkn2ponorogo.sch.id,A,1648,51,1597,48
20517753,SMKS TUREN,SMK,SWASTA,Kab. Malang,Kec. Turen,JL. PANGLIMA SUDIRMAN NO. 02,Turen,65175,0341824052,kantor@smkturen.sch.id,http://www.smkturen.sch.id,A,1636,1579,57,52
20553265,SMKS NU SUNAN AMPEL,SMK,SWASTA,Kab. Malang,Kec. Poncokusumo,JL. RAYA SUBANDI NO. 59,-,65157,0341787995,smknusa@yahoo.co.id,http://smknusa.sch.id,A,1628,923,705,53
20511967,SMK YP 17 PARE,SMK,SWASTA,Kab. Kediri,Kec. Pare,JL. SOEKARNO HATTA NO. 19 PELEM PARE,PELEM,64223,0354391937,smkyp17_pare@yahoo.co.id,http://www.smkyp17pare.sch.id,B,1621,927,694,47
20510100,SMKN 1 PONOROGO,SMK,NEGERI,Kab. Ponorogo,Kec. Ponorogo,JL. JEND. SUDIRMAN 10,Krajan,63416,0352481293,smkn1po@gmail.com,http://www.smkn1ponorogo.sch.id,A,1617,73,1544,45
20502729,SMKN 1 DLANGGU,SMK,NEGERI,Kab. Mojokerto,Kec. Dlanggu,JL. A. YANI 1 DS. POHKECIK KEC. DLANGGU KAB. MOJOKERTO,Pohkecik,61371,0321513093,smkndlanggu@gmail.com,http://smkn1dlanggu.sch.id,A,1593,676,917,46
20509294,SMKN 1 MAGETAN,SMK,NEGERI,Kab. Magetan,Kec. Magetan,JL. KARTINI NO. 6,Magetan,63314,0351895094,smkn1_magetan@yahoo.co.id,http://www.smkn1magetan.sch.id,A,1590,77,1513,45
20502731,SMKN 1 JETIS,SMK,NEGERI,Kab. Mojokerto,Kec. Jetis,JALAN RAYA DESA MOJOLEBAK,Mojogeneng,61352,03213670015,smkn1jetis@gmail.com,http://www.smkn1jetis.sch.id,A,1586,1146,440,45
20536290,SMKN 1 PROBOLINGGO,SMK,NEGERI,Kota Probolinggo,Kec. Kedopok,JL. MASTRIP NO. 357 PROBOLINGGO,-,67239,0335421121,smkn1_probolinggo@yahoo.co.id,http://www.smkn1probolinggo.sch.id,A,1584,354,1230,45
20533815,SMKN 3 MALANG,SMK,NEGERI,Kota Malang,Kec. Klojen,JL. SURABAYA NO. 1 MALANG,Gading Kasri,65115,0341551734,smkn3_mlg@yahoo.co.id,http://smkn3malang.sch.id,A,1581,384,1197,48
20501717,SMKS ANTARTIKA 1 SIDOARJO,SMK,SWASTA,Kab. Sidoarjo,Kec. Buduran,JL. SIWALANPANJI,Siwalanpanji,61252,0318962851,smks.antartika1.sda@gmail.com,http://www.smkantartika1sda.sch.id,A,1577,1553,24,48
20541257,SMKN 1 BAURENO,SMK,NEGERI,Kab. Bojonegoro,Kec. Baureno,JL. RAYA JURUSAN KEPOHBARU 258 BAURENO,PLUMBUNGAN,62192,0322459140,smknegeri1baureno@gmail.com,http://www.smkn1baureno.sch.id,A,1571,1114,457,48
20508467,SMKN 2 NGAWI,SMK,NEGERI,Kab. Ngawi,Kec. Ngawi,JL. SUPRIYADI KM.3 NGAWI,Kandangan,63251,03514476027,smkn2ngawi@gmail.com,http://smkn2ngawi.sch.id,A,1562,670,892,44
20549436,SMKN 1 JATIREJO,SMK,NEGERI,Kab. Mojokerto,Kec. Jatirejo,JL. RAYA SUMENGKO JATIREJO,Sumengko,61373,03215201858,smkn1jtrj.mjk@gmail.com,http://smkn1jatirejo-mjk.sch.id,B,1556,900,656,45
20525589,SMKN IHYA ULUMMUDIN SINGOJURUH,SMK,NEGERI,Kab. Banyuwangi,Kec. Singojuruh,JL. KH. ABDULLAH HASBULLAH NO. 8 PADANG SINGOJURUH,KRAJAN,68464,0333635754,smkn.ius@gmail.com,http://www.smkniu.sch.id,A,1549,702,847,48
20538343,SMK NEGERI 2 NGANJUK,SMK,NEGERI,Kab. Nganjuk,Kec. Nganjuk,JL. LAWU NO. 3 KRAMAT,-,64419,0358321951,smkn2_nganjuk@yahoo.com,http://www.smkn2nganjuk.sch.id,A,1546,73,1473,45
60724600,SMKS ISLAM KREMBUNG,SMK,SWASTA,Kab. Sidoarjo,Kec. Krembung,JLN. RAYA REJENI,-Rejeni,61275,0318856988,smkislamkrembung@gmail.com,smkislamkrembung.sch.id,B,1544,880,664,45
20511016,SMKN 2 PACITAN,SMK,NEGERI,Kab. Pacitan,Kec. Pacitan,JL. WALANDA MARAMIS NO. 2,BARAK,63514,0357881078,info@smkn2pacitan.sch.id,http://www.smkn2pacitan.sch.id,A,1542,465,1077,48
20523849,SMKN 6 JEMBER,SMK,NEGERI,Kab. Jember,Kec. Tanggul,JL. PB. SUDIRMAN NO. 114 TANGGUL-JEMBER,Teko'an,68155,0336441347,smkn6.jember@yahoo.com,http://www.smkn6jember.sch.id,A,1541,687,854,48
20534751,SMKN 1 MOJOKERTO,SMK,NEGERI,Kota Mojokerto,Kec. Magersari,JL. RAYA KEDUNGSARI,Kedungsari,61315,0321381959,admin@smkn1mojokerto.sch.id,http://www.smkn1mojokerto.sch.id,A,1540,1006,534,45
20570622,SMKN 1 MOJOANYAR,SMK,NEGERI,Kab. Mojokerto,Kec. Mojoanyar,DUSUN WONOAYU DESA KEPUHANYAR KECAMATAN MOJOANYAR,WONOAYU,61364,03215284184,smkn01mojoanyar@gmail.com,http://www.smkn1mojoanyar.sch.id,A,1539,655,884,44
69908806,SMKS MUHAMMADIYAH 3,SMK,SWASTA,Kab. Mojokerto,Kec. Ngoro,Jl. Raya Kembangsri No. 54 Ngoro,Bangsri,61385,03216821774,mutiasmk@gmail.com,http://smkmuhammadiyah3.sch.id/,A,1522,823,699,49
20532198,SMKN 8 SURABAYA,SMK,NEGERI,Kota Surabaya,Kec. Genteng,JL. KAMBOJA NO. 18-20 SURABAYA,-,60272,0315342410,smknegeri8sby@gmail.com,http://www.smkn8-sby.sch.id,A,1520,257,1263,47
20548800,SMKS PGRI 5 JEMBER,SMK,SWASTA,Kab. Jember,Kec. Kencong,JL. KRAKATAU NO. 60,Wunguan I,68167,0336321378,smekgrima@ymail.com,http://www.esemkaprima.com,A,1506,683,823,35
20541264,SMKN PURWOSARI,SMK,NEGERI,Kab. Bojonegoro,Kec. Purwosari,JL. RAYA NGAMBON KM.1.5,Pojok,62161,03535215446,smknpwrbjn@yahoo.co.id,http://www.smknegeripurwosaribjn.sch.id,A,1505,822,683,42
20571770,SMK NEGERI 1 TANJUNGANOM NGANJUK,SMK,NEGERI,Kab. Nganjuk,Kec. Tanjunganom,JL. KARTINI NO. 1 WARUJAYENG - TANJUNGANOM,GAMBIREJO,64483,0358772950,smknegeri1tanjunganom@gmail.com,http://smkn1tanjunganom.sch.id,A,1483,895,588,42
20511014,SMKN 1 PACITAN,SMK,NEGERI,Kab. Pacitan,Kec. Pacitan,JL. LETJEN SOEPRAPTO 53 PACITAN,Ngampel,63515,0357881309,info@smkn1pacitan.sch.id,http://www.smkn1pacitan.sch.id,A,1480,800,680,57
20537499,SMKN 2 MAGETAN,SMK,NEGERI,Kab. Magetan,Kec. Magetan,KEMASAN NO 13,-,63314,0351895065,smkn2_magetan@yahoo.com,http://www.smkn2-magetan.sch.id,A,1477,565,912,42
20508489,SMKN 1 GENENG,SMK,NEGERI,Kab. Ngawi,Kec. Geneng,JL. RAYA GENENG-NGAWI,Tejo,63271,0351746275,smkn1geneng@gmail.com,smknegeri1geneng.sch.id,A,1475,1068,407,45
20533819,SMKN 7 MALANG,SMK,NEGERI,Kota Malang,Kec. Sukun,JL. SATSUI TUBUN GG IV MALANG,KEBONSARI,65149,804746,smkn7.mlg@gmail.com,http://smkn7malang.sch.id,A,1466,507,959,44
20549916,SMKN 1 KEMLAGI,SMK,NEGERI,Kab. Mojokerto,Kec. Kemlagi,JL. PAKUTOMO 01,Mojogebang,61353,03213670629,smkn1kemlagimojokerto@gmail.com,http://www.smkn1kemlagi.sch.id,A,1461,609,852,42
20503374,SMK NEGERI MOJOAGUNG,SMK,NEGERI,Kab. Jombang,Kec. Mojoagung,JL. VETERAN 66 MOJOAGUNG,Pandean,61482,0321495082,smkn1mojoagung@yahoo.com,https://smknegerimojoagung.sch.id,A,1459,434,1025,42
20540072,SMAS WACHID HASYIM 2,SMA,SWASTA,Kab. Sidoarjo,Kec. Taman,JL. RAYA NGELOM 86 RT 03 RW 03,NGELOM,61257,7881734,info@smawh2.sch.id,http://www.smawh2.sch.id,A,1457,542,915,36
20501714,SMKN 3 BUDURAN SIDOARJO,SMK,NEGERI,Kab. Sidoarjo,Kec. Buduran,JL. JENGGOLO 1 C SIDOARJO,Siwalan Panji,61252,0318961218,smkn3buduran@gmail.com,http://www.smkn3buduran.sch.id,A,1457,1249,208,42
20515524,SMP N 1 TULUNGAGUNG,SMP,NEGERI,Kab. Tulungagung,Kec. Tulungagung,Jl. Basuki Rahmad No. 96,-,66212,0355321806,humas.smpn1tulungagung@gmail.com,http://www.smpnegeri1tulungagung.sch.id,A,1448,689,759,33
20510096,SMK PEMKAB PONOROGO,SMK,SWASTA,Kab. Ponorogo,Kec. Jenangan,JL. Niken Gandini,SETONO,63401,0352461238,stmpemkab.ponorogo@yahoo.co.id,http://www.smkpemkabponorogo.sch.id,A,1445,1403,42,40
20546981,SMKN RENGEL,SMK,NEGERI,Kab. Tuban,Kec. Rengel,Jln. Kalisat No.01 Desa Punggulrejo Kec. Rengel - Tuban,Ngelo,62371,03568810234,smkn.rengel@gmail.com,http://www.smknrengel.sch.id,A,1445,814,631,42
20533803,SMK TELKOM MALANG,SMK,SWASTA,Kota Malang,Kec. Kedungkandang,JL. DANAU RANAU NO.01,SAWOJAJAR,65139,0341712500,info@smktelkom-mlg.sch.id,http://www.smktelkom-mlg.sch.id,A,1444,1019,425,41
20535473,SMK NEGERI 2 PASURUAN,SMK,NEGERI,Kota Pasuruan,Kec. Purworejo,JL. PATIUNUS 141 PASURUAN,-,67127,0343432245,smkn2pas@yahoo.co.id,http://www.smkn2-pas.sch.id,A,1439,1193,246,42
20570884,SMP BHINNEKA TUNGGAL IKA,SMP,SWASTA,Kab. Pasuruan,Kec. Purwosari,Desa Sengonagung,Pandean,67162,,smpbhinnekatunggalika@gmail.com,http://www.smpbhinnekatunggalika.sch.id,A,1436,679,757,44
20513253,SMK NEGERI 1 GONDANG NGANJUK,SMK,NEGERI,Kab. Nganjuk,Kec. Gondang,JL. RAYA GONDANG LENGKONG,Balongrejo,64451,0358611606,smkn1gondang@yahoo.co.id,http://www.smkn1gondang-nganjuk.sch.id,A,1435,867,568,42
20541411,SMKN 1 BEJI,SMK,NEGERI,Kab. Pasuruan,Kec. Beji,JL. WICAKSANA NO.22B,Gununggangsir,67154,0343658383,smkn1beji.pasuruan@gmail.com,http://smknegeri1beji.sch.id,A,1432,903,529,42
20554338,SMK NEGERI 2 LAMONGAN,SMK,NEGERI,Kab. Lamongan,Kec. Lamongan,JL. VETERAN NO. 7A LAMONGAN,BANJARMENDALAN,62212,0322316619,smkn2_lmg@yahoo.com,http://smkn2-lmg.sch.id,A,1421,1254,167,42
20570902,SMKN 1 JABON,SMK,NEGERI,Kab. Sidoarjo,Kec. Jabon,Jl. Raya Panggreh,Panggreh,61276,0343656413,smkn1_jabon@yahoo.com,http://smkn1jabon.sch.id,A,1419,716,703,43
20505024,SMKN JATIROGO,SMK,NEGERI,Kab. Tuban,Kec. Jatirogo,JL. RAYA BADER NO.55 JATIROGO,-,62362,085100007409,smkjatirogo@gmail.com,http://www.smkn-jatirogo.sch.id,A,1416,842,574,41
20534177,SMKN 3 MADIUN,SMK,NEGERI,Kota Madiun,Kec. Taman,JL. MAYJEN PANJAITAN 20A,BANJAREJO,63137,0351457359,smk3mdn@gmail.com,http://www.smknegeri3madiun.sch.id,A,1416,592,824,43
20570881,SMKN 1 DRIYOREJO,SMK,NEGERI,Kab. Gresik,Kec. Driyorejo,JL. MIRAH DELIMA KOTA BARU DRIYOREJO (KBD) GRESIK,gadung,61177,0317580088,smknegeri1driyorejo@yahoo.co.id,http://www.smknegeri1driyorejo.sch.id,A,1413,900,513,39
20523754,SMKN 3 JEMBER,SMK,NEGERI,Kab. Jember,Kec. Patrang,Jl. Dr. Soebandi No. 31,Kreongan Atas,68118,0331484566,smktigajember@gmail.com,http://www.smk3jember.sch.id,A,1413,437,976,43
20517759,SMKS MUHAMMADIYAH 1 KEPANJEN,SMK,SWASTA,Kab. Malang,Kec. Kepanjen,"KAMPUS 1: JL. KH. AHMAD DAHLAN 34 KEPANJEN, KAMPUS 2: JL. PANJI 130 KEPANJEN",-,65163,0341395451,info@smkm1-kpn.sch.id,http://www.smkm1-kpn.sch.id,A,1412,1216,196,48
20540046,SMAS AL ISLAM KRIAN,SMA,SWASTA,Kab. Sidoarjo,Kec. Krian,JL. KYAI MOJO NO.14,JERUK,61262,0318971240,info@smaliska.sch.id,http://www.smaliska.sch.id,A,1408,541,867,39
20541266,SMK NEGERI 3 BOJONEGORO,SMK,NEGERI,Kab. Bojonegoro,Kec. Bojonegoro,JL. PANGLIMA POLIM NO. 49,Sumbang,62115,0353880310,admin@smkn3bojonegoro.sch.id,http://www.smkn3bojonegoro.sch.id,A,1404,1228,176,42
20541260,SMKN KASIMAN,SMK,NEGERI,Kab. Bojonegoro,Kec. Kasiman,JL. WONOSARI,Sambeng,62164,03535215687,smkn1kasiman@yahoo.co.id,http://smknkasiman.blog.com,A,1399,943,456,39
20503421,SMK BUDI UTOMO,SMK,SWASTA,Kab. Jombang,Kec. Perak,Desa Gadingmangu Kec. Perak Kab. Jombang ,-,61461,0321879157,smkbu.jombang@gmail.com,http://www.smkbudiutomo-jombang.sch.id,B,1398,949,449,45
20532681,SMKS RAJASA SURABAYA,SMK,SWASTA,Kota Surabaya,Kec. Genteng,JL. GENTENGKALI NO. 27,Genteng,60275,0315344810,smkrjs.sby@smkrajasa.sch.id,http://www.smkrajasa.sch.id,A,1394,1164,230,44
20522671,SMA IBRAHIMY 1 SUKOREJO,SMA,SWASTA,Kab. Situbondo,Kec. Banyuputih,JL. KHR SYAMSUL ARIFIN,SUKOREJO,68374,085183271914,sma_ibrsukorejo@yahoo.co.id,http://www.salafiyah.or.id,A,1393,1390,3,40
20508468,SMKN 1 NGAWI,SMK,NEGERI,Kab. Ngawi,Kec. Ngawi,JL. TEUKU UMAR 10 NGAWI,Ketanggi,63211,0351749517,smkn1ngwi@yahoo.co.id,http://www.smkn1-ngw.sch.id,A,1392,394,998,39
69816292,SMK NEGERI 1 MEJAYAN KABUPATEN MADIUN,SMK,NEGERI,Kab. Madiun,Kec. Mejayan,JL.IMAM BONJOL NO.7,PANDEAN,63153,0351388490,smknegeri1mejayan@gmail.com,http://smkn1mejayan.sch.id,A,1391,981,410,40
20549448,SMKN 1 SLAHUNG,SMK,NEGERI,Kab. Ponorogo,Kec. Slahung,JL. MACAN TUTUL,Maron,63463,03523740020,smkn1slahungponorogo@gmail.com,http://www.smkn1slahungponorogo.sch.id,A,1388,899,489,40
20541267,SMKN 4 BOJONEGORO,SMK,NEGERI,Kab. Bojonegoro,Kec. Kapas,JL. RAYA SURABAYA BOJONEGORO,-,62181,0353892418,smkn4bojonegoro@yahoo.co.id,http://www.smkn4bojonegoro.sch.id,A,1383,827,556,40
20540048,SMAS ANTARTIKA,SMA,SWASTA,Kab. Sidoarjo,Kec. Buduran,JL. SIWALANPANJI NO. 6,siwalanpanji,61252,8963950,smaantartika@smaantarda.sch.id,https://smaantarda.sch.id/,A,1382,659,723,39
20507715,SMKN 1 GEGER,SMK,NEGERI,Kab. Madiun,Kec. Geger,JL. RAYA NGLANDUNG,-,63171,0351366099,smkn1geger.kab.madiun@gmail.com,http://www.smkn1geger.sch.id,A,1377,566,811,39
20533812,SMKS NASIONAL MALANG,SMK,SWASTA,Kota Malang,Kec. Klojen,JL. RAYA LANGSEP NO. 43,-,65116,0341565753,smk.nasional.malang@gmail.com,http://www.smknasional-malang.sch.id,A,1377,1126,251,46
20523758,SMKS TEKNOLOGI BALUNG,SMK,SWASTA,Kab. Jember,Kec. Balung,RAMBIPUJI NO.33,Karang Anyar,68161,0336621650,stmbalung@gmail.com,http://www.smkteknologibalung.sch.id,A,1375,1212,163,45
20540058,SMAS KEMALA BHAYANGKARI 3,SMA,SWASTA,Kab. Sidoarjo,Kec. Porong,JL. BHAYANGKARI NO. 36 C,Porong,61274,0343851556,smabhatig@gmail.com,http://WWW.SMABHAYANGKARI3.sch.id,A,1375,611,764,36
20534388,SMA NEGERI 2 KOTA KEDIRI ,SMA,NEGERI,Kota Kediri,Kec. Mojoroto,JL. VETERAN  7,Bandarlor,64112,771121,smadakdr@yahoo.com,http://smadakediri.sch.id,A,1374,590,784,36
20506327,SMA NEGERI 1 LAMONGAN,SMA,NEGERI,Kab. Lamongan,Kec. Lamongan,JL. VETERAN 41 LAMONGAN,Jetis,62211,0322321819,smasa_lmg@yahoo.co.id,http://www.sman1lmg.sch.id,A,1370,625,745,36
20501720,SMKN 1 BUDURAN SIDOARJO,SMK,NEGERI,Kab. Sidoarjo,Kec. Buduran,JL. JENGGOLO NO. IB SIDOARJO,-,61252,0318941985,smkn1.bdrn@gmail.com,http://smkn1buduran.sch.id,A,1370,161,1209,39
20532145,SMA KATOLIK ST.LOUIS 1,SMA,SWASTA,Kota Surabaya,Kec. Tegal Sari,JL. M. JASIN POLISI ISTIMEWA NO. 7,-,60265,5676522,office@smakstlouis1sby.sch.id,http://www.smakstlouis1sby.sch.id,A,1366,656,710,38
20515450,SMAN 1 BOYOLANGU,SMA,NEGERI,Kab. Tulungagung,Kec. Boyolangu,JL. KI MANGUNSARKORO,Talun,66233,321462,smaboy_smile@yahoo.co.id,http://sman1boyolangu.sch.id,A,1365,527,838,36
20515430,SMAN 1 KEDUNGWARU,SMA,NEGERI,Kab. Tulungagung,Kec. Kedungwaru,JL. DR. WAHIDIN SUDIRO HUSODO 12,Kedungwaru,66224,0355321381,smari_duta@yahoo.com,http://www.smariduta.sch.id,A,1362,455,907,36
20517730,SMAN 1 KEPANJEN,SMA,NEGERI,Kab. Malang,Kec. Kepanjen,JL. A. YANI NO. 48 KEPANJEN,Ardirejo,65163,0341395122,smanekamlg@yahoo.com,http://www.smaneka.sch.id,A,1360,475,885,40
20525626,SMK MUHAMMADIYAH 8 SILIRAGUNG,SMK,SWASTA,Kab. Banyuwangi,Kec. Siliragung,JL. MT. HARIONO NO.42,Krajan,68488,0333713797,smkmodel8@gmail.com,http://www.smkmodel8.sch.id,A,1356,932,424,44
20538340,SMK NEGERI 1 BAGOR NGANJUK,SMK,NEGERI,Kab. Nganjuk,Kec. Bagor,JL.  RAYA GANDU,-,64461,0358325401,smkbagor@gmail.com,http://www.smknegeri1bagor.sch.id,A,1355,641,714,39
20584049,SMKS MANBAUL ULUM,SMK,SWASTA,Kab. Banyuwangi,Kec. Muncar,JL KH. ASKANDAR KM. 2 WRINGIN PUTIH KEC. MUNCAR,Krajan,68472,03335980007,smkmanbaululum@ymail.com,http://smkmanbaululum-mbrasan.sch.id,A,1349,891,458,49
20519147,SMKN 1 SUKOREJO,SMK,NEGERI,Kab. Pasuruan,Kec. Sukorejo,JL. SUMBER GARENG - SUKOREJO,Sumbergareng,67161,03437727315,smkn_sukorejo@yahoo.com,http://smkn1sukorejo.sch.id,A,1349,767,582,39
20501715,SMKN 1 SIDOARJO,SMK,NEGERI,Kab. Sidoarjo,Kec. Sidoarjo,JL. MONGINSIDI,Sidoklumpuk,61215,0318965636,smkn1sidoarjo@yahoo.com,http://smkn1sidoarjo.sch.id,A,1348,1160,188,38
20534386,SMA NEGERI 4 KOTA KEDIRI ,SMA,NEGERI,Kota Kediri,Kec. Kota Kediri,JL. SERSAN SUHARMAJI IX/52,Manisrenggo,64128,0354688864,sman4.info@gmail.com,http://www.sman4kediri.sch.id,A,1347,616,731,36
20555080,SMKS MAARIF NU DRIYOREJO,SMK,SWASTA,Kab. Gresik,Kec. Driyorejo,JL RANDEGANSARI,Bunut,61177,03199026241,smknudry@yahoo.com,http://smknudry.sch.id,B,1341,911,430,42
20554956,SMKN 1 SINE,SMK,NEGERI,Kab. Ngawi,Kec. Sine,JALAN RAYA TULAKAN-SINE KM 05,Tulakan,63264,085706480837,smkn1sine@gmail.com,http://www.smkn1sine.com/,B,1341,921,420,44
20501702,SMAN 2 SIDOARJO,SMA,NEGERI,Kab. Sidoarjo,Kec. Sidoarjo,JL. LINGKAR BARAT GADING FAJAR 2,Sepande,61271,0318961119,smanda_sda@yahoo.com,http://sman2sidoarjo.sch.id,A,1338,588,750,36
20551723,SMKN 1 PANGGUNGREJO BLITAR,SMK,NEGERI,Kab. Blitar,Kec. Panggungrejo,JL. PROTOKOL PANGGUNGREJO,KALIBENTAK,66174,03425440751,smkn1panggungrejo@gmail.com,http://www.smkn1panggungrejoblitar.sch.id,A,1337,733,604,38
20515431,SMAN 1 KAUMAN,SMA,NEGERI,Kab. Tulungagung,Kec. Kauman,Jl. Soekarno Hatta No.67 Balerejo Kauman,-,66261,322002,sman1_kauman@yahoo.com,http://www.smansaka.sch.id,A,1335,483,852,36
20501700,SMAN 4 SIDOARJO,SMA,NEGERI,Kab. Sidoarjo,Kec. Sidoarjo,JL. RAYA SUKO,SUKO,61224,0318966365,smanivsidoarjo@yahoo.com,http://www.sman4sda.sch.id,A,1322,530,792,36
20501847,SMAS HANG TUAH 2 GEDANGAN,SMA,SWASTA,Kab. Sidoarjo,Kec. Gedangan,JL. KRI RATULANGI NO. 1,Sawotratap,61254,8541134,smahangtuah.dua@gmail.com,http://www.smahangtuah2sda.sch.id,A,1320,650,670,36
20515500,SMP N 3 TULUNGAGUNG,SMP,NEGERI,Kab. Tulungagung,Kec. Tulungagung,Jl. Oerip Soemohardjo No.24,,66219,0355321824,smpn3tulungagung@yahoo.com,http://www.smpn3tulungagung.com,A,1320,685,635,33
20500419,SMKS YPI DARUSSALAM 1 CERME,SMK,SWASTA,Kab. Gresik,Kec. Cerme,JL. RAYA PASAR NO. 03 CERME,-,61171,0317990569,smkdarsa1cerme@gmail.com,http://smkypidarussalam1.sch.id,A,1318,1147,171,40
20547832,SMKN 1 SINGGAHAN,SMK,NEGERI,Kab. Tuban,Kec. Singgahan,JL. PANGLIMA SUDIRMAN DESA MULYOAGUNG SINGGAHAN,Krajan,62361,08113020049,smkn1singgahan@gmail.com,http://smkn1singgahan.sch.id,A,1314,756,558,39
20501695,SMKN 2 BUDURAN,SMK,NEGERI,Kab. Sidoarjo,Kec. Buduran,JL. JENGGOLO 2 A BUDURAN,-,61219,0318964034,info@smkn2buduran.sch.id,http://www.smkn2buduran.sch.id,A,1312,373,939,36
20534389,SMA NEGERI 1 KOTA KEDIRI ,SMA,NEGERI,Kota Kediri,Kec. Mojoroto,JL. VETERAN 1,-,64114,0354771829,redaksi@smastkediri.sch.id,http://www.smastkediri.sch.id,A,1312,541,771,36
20506292,SMA NEGERI 1 BABAT,SMA,NEGERI,Kab. Lamongan,Kec. Babat,JL. SUMOWIHARJO 1 BABAT,Babat,62271,451201,smanegeri1babat.lmg@gmail.com,https://smanegeri1babatlmg.sch.id/,A,1308,536,772,36
20519299,SMAN 1 PANDAAN,SMA,NEGERI,Kab. Pasuruan,Kec. Pandaan,Jl. Dr. Sutomo Desa Sumbergedang,SUKUN,67156,0343631593,smanpandaan@gmail.com,http://www.smanda.sch.id,A,1304,478,826,36
20506254,SMA NEGERI 2 LAMONGAN,SMA,NEGERI,Kab. Lamongan,Kec. Lamongan,JL. VETERAN NO. 01 LAMONGAN,Banjar Mendalan,62212,0322321187,sma2lamongan@yahoo.co.id,http://sman2lamongan.sch.id,A,1302,484,818,36
20501784,SMAN 1 KRIAN,SMA,NEGERI,Kab. Sidoarjo,Kec. Krian,JL. SUNANDAR PS NO.  5,Kraton,61262,0318971528,sman1_krian@yahoo.com,http://www.sman1krian.sch.id,A,1302,493,809,36
20500477,SMAN 1 MANYAR,SMA,NEGERI,Kab. Gresik,Kec. Manyar,JL. KAYU RAYA PONGANGAN INDAH MANYAR GRESIK,Pedukuhan,61151,0313950560,sman1manyargresik@yahoo.com,http://www.smanemagresik.sch.id,A,1301,485,816,36
20501701,SMAN 3 SIDOARJO,SMA,NEGERI,Kab. Sidoarjo,Kec. Sidoarjo,JL. DR. WAHIDIN NO. 130 SIDOARJO,SEKARDANGAN,61215,8961625,sman3.sda@gmail.com,http://sman3sda.sch.id,A,1300,532,768,36
20515429,SMAN 1 NGUNUT,SMA,NEGERI,Kab. Tulungagung,Kec. Ngunut,JL. RAYA SUMBERINGIN KIDUL,-,66292,0355395884,sman1_ngunut@yahoo.com,http://www.sma-nusa.sch.id,A,1298,423,875,36
20554405,SMK NEGERI 1 LENGKONG NGANJUK,SMK,NEGERI,Kab. Nganjuk,Kec. Lengkong,Jl. Raya Lengkong - Gondang Km.2,BANJARDOWO,64393,0358552340,smkn_lengkong@yahoo.com,http://www.smkn1lengkong.sch.id,A,1295,649,646,37
20525628,SMKN  KALIBARU,SMK,NEGERI,Kab. Banyuwangi,Kec. Kalibaru,JL. JEMBER NO. 122,Tegalpakis,68467,0333897392,smknkalibaru2@gmail.com,http://www.smknkalibaru.sch.id,A,1294,738,556,43
20515427,SMAN 1 REJOTANGAN,SMA,NEGERI,Kab. Tulungagung,Kec. Rejotangan,JL. RAYA BUNTARAN,-,66293,0355396250,smanrejotangan@yahoo.co.id,http://sman1rejotangan.sch.id,A,1292,489,803,38
20538341,SMK NEGERI 1 KERTOSONO NGANJUK,SMK,NEGERI,Kab. Nganjuk,Kec. Kertosono,JL. LANGSEP NO.24 ,Pelem,64314,0358551466,smkn_1_kertosono@yahoo.co.id,http://www.smkn1kts.sch.id,A,1290,564,726,37
20502724,SMAN 1 MOJOSARI,SMA,NEGERI,Kab. Mojokerto,Kec. Mojosari,Jl. Pemuda No. 55 Mojosari Kab. Mojokerto,Tuwiri,61382,0321591457,info@sman1mojosari.sch.id,http://https://www.sman1mojosari.sch.id,A,1288,494,794,36
20532186,SMKS DR SOETOMO SURABAYA,SMK,SWASTA,Kota Surabaya,Kec. Gubeng,JL. JOJORAN IV / 2-D,,60285,0315914480,smekdors.enjoy@yahoo.co.id,http://www.smekdors.sch.id,B,1288,677,611,35
20523749,SMKN 4 JEMBER,SMK,NEGERI,Kab. Jember,Kec. Patrang,JL. KARTINI NO. 1,JEMBER LOR,68118,0331487488,vokasi@smknegeri4jember.sch.id,http://www.smknegeri4jember.sch.id,A,1286,435,851,37
20510150,SMAN 1 PONOROGO,SMA,NEGERI,Kab. Ponorogo,Kec. Siman,JL. BUDI UTOMO 1 PONOROGO,Ronowijayan,63471,0352481145,ganesha@smazapo.sch.id,http://smazapo.sch.id,A,1286,499,787,36
20532237,SMAN 15 SURABAYA,SMA,NEGERI,Kota Surabaya,Kec. Gayungan,JL.  MENANGGAL SELATAN NO. 103,,60234,8290473,sman15sby@yahoo.co.id,http://www.sman15-sby.sch.id,A,1285,557,728,36
20501846,SMAN 1 KREMBUNG,SMA,NEGERI,Kab. Sidoarjo,Kec. Krembung,JL. Raya Kecamatan No. 2,Jabon,61275,8850565,krembungsman@gmail.com,http://www.sman1krembung.sch.id,A,1284,461,823,36
20514344,SMAN 1 TALUN,SMA,NEGERI,Kab. Blitar,Kec. Talun,JL RAYA KAWERON TALUN,KAWERON,66183,0342691148,sman1talun_blitar@yahoo.com,http://www.sman1talun.sch.id,A,1283,440,843,36
20502726,SMAN 1 PURI,SMA,NEGERI,Kab. Mojokerto,Kec. Puri,JL. JAYANEGARA NO.2,Gatoel,61363,0321322636,smanegeri1puri@gmail.com,http://sman1puri.sch.id,A,1283,522,761,36
20534749,SMAN 2,SMA,NEGERI,Kota Mojokerto,Kec. Magersari,JL. RAYA IJEN NO. 09,Banjar Anyar,61317,321505,info@sman2mojokerto.sch.id,http://www.sman2mojokerto.sch.id,A,1283,523,760,36
20523828,SMAN AMBULU,SMA,NEGERI,Kab. Jember,Kec. Ambulu,JL. CANDRADIMUKA 42,SUMBERAN,68172,0336881260,ambulusman@gmail.com,http://smanambulu.sch.id,A,1282,475,807,36
20500481,SMAN 1 CERME,SMA,NEGERI,Kab. Gresik,Kec. Cerme,JL. RAYA CERME LOR 176 CERME,Ngabetan,61171,7990034,smanicgres@gmail.com,http://www.smanic.sch.id,A,1281,440,841,36
20501706,SMAN 1 SIDOARJO,SMA,NEGERI,Kab. Sidoarjo,Kec. Sidoarjo,JL. JENGGOLO NO. 1 Sidoarjo,SIWALAN PANJI,61251,8941493,official.sman1sda@gmail.com,http://www.sman1-sda.sch.id,A,1279,574,705,36
20501862,SMAN 1 GEDANGAN,SMA,NEGERI,Kab. Sidoarjo,Kec. Gedangan,JL. RAYA SEDATI KM.2 Gedangan,wedi,61254,8910819,sman1gedangan.banana@gmail.com,http://www.sman1gedangan.sch.id,A,1274,521,753,36
20525854,SMAN 1 GENTENG,SMA,NEGERI,Kab. Banyuwangi,Kec. Genteng,Jln. KH. Wahid Hasyim No.20 Genteng,MARON,68465,845134,sman1genteng@gmail.com,http://www.sman1genteng.sch.id,A,1273,435,838,36
20500479,SMAN 1 GRESIK,SMA,NEGERI,Kab. Gresik,Kec. Gresik,JL. ARIF RAHMAN HAKIM NO. 1 GRESIK,Sidokumpul,61111,0313981887,sman_1_gresik@yahoo.com,http://www.sman1gresik.sch.id,A,1273,481,792,36
20519145,SMKN WINONGAN,SMK,NEGERI,Kab. Pasuruan,Kec. Winongan,"JL. BANDARAN, WINONGAN",MAYANGBANG,67182,0343441835,smknwinonganpas@gmail.com,http://www.smknwinongan.sch.id,A,1273,963,310,39
20502699,SMAN 1 BANGSAL,SMA,NEGERI,Kab. Mojokerto,Kec. Bangsal,Jalan Desa Peterongan,SUKOREJO,61381,5884929,smababangsal@yahoo.com,http://www.sman1bangsal.sch.id,A,1271,483,788,36
20502721,SMAN 1 GEDEG,SMA,NEGERI,Kab. Mojokerto,Kec. Gedeg,JL. PENDIDIKAN 55,Gedek,61351,0321362842,smangedeg1@gmail.com,http://www.sman1gedeg.sch.id,A,1269,422,847,36
20546536,SMKN 1 KRAKSAAN,SMK,NEGERI,Kab. Probolinggo,Kec. Kraksaan,JL. TENIS NO. 10 KRAKSAAN,-,67282,0335841306,admin@smkn1kraksan.sch.id,http://www.smkn1kraksan.sch.id,A,1268,660,608,39
20534387,SMA NEGERI 3 KOTA KEDIRI ,SMA,NEGERI,Kota Kediri,Kec. Pesantren,JL. MAUNI 88,Bangsal,64131,0354683809,sman3kdr@sman3kediri.sch.id,http://www.sman3kediri.sch.id,A,1268,500,768,36
20517736,SMAN 1 TUMPANG,SMA,NEGERI,Kab. Malang,Kec. Tumpang,JL. KAMBOJA NO. 10,,65156,787273,sman1tumpang.sch.id@gmail.com,http://sman1tumpang.sch.id,A,1265,451,814,36
20529955,SMA NEGERI 2 SUMENEP,SMA,NEGERI,Kab. Sumenep,Kec. Kota Sumenep,JL. KH. WAHID HASYIM III / 11,-,69417,0328661196,sman2sumenep@gmail.com,http://www.sman2sumenep.sch.id,A,1265,661,604,36
20517735,SMAN 1 SUMBERPUCUNG,SMA,NEGERI,Kab. Malang,Kec. Sumberpucung,JL. NUSA MENTARAMAN JATI GUWI,Mentaraman,65165,383986,smanegeri1sumberpucung@gmail.com,http://www.sman1sumberpucung.sch.id,A,1264,378,886,36
20502727,SMAN 1 SOOKO,SMA,NEGERI,Kab. Mojokerto,Kec. Sooko,JL. R. AKHMAD BASUNI NO. 361,Daleman,61361,0321322637,info@sman1sooko.sch.id,http://sman1sooko.sch.id,A,1264,532,732,36
20501708,SMKS YPM 3 TAMAN,SMK,SWASTA,Kab. Sidoarjo,Kec. Taman,JL. NGELOM MEGARE NO.30,-,61257,0317883449,yepeem3@yahoo.co.id,http://www.smkypm3taman.sch.id,A,1262,249,1013,31
20546979,SMKN 3 TUBAN,SMK,NEGERI,Kab. Tuban,Kec. Merakurak,JL. BLOSO DESA TEMANDANG MERAKURAK,Temandang,62355,0356711974,smk3cerdasberbudi@gmail.com,http://www.smkn3tuban.sch.id,A,1262,763,499,36
20534178,SMKN 2 MADIUN,SMK,NEGERI,Kota Madiun,Kec. Taman,JL. LETJEN HARYONO 18,-,63139,0351464407,smkn2_madiun@yahoo.com,http://smkn2madiun.sch.id,A,1262,241,1021,39
20534383,SMA NEGERI 7 KOTA KEDIRI ,SMA,NEGERI,Kota Kediri,Kec. Mojoroto,JL. PENANGGUNGAN 4,-,64114,0354771171,sman7kediri@yahoo.com,http://www.smaptakdr.sch.id,A,1259,574,685,36
20517737,SMAN 1 TUREN,SMA,NEGERI,Kab. Malang,Kec. Turen,JL. MAYJEN. PANJAITAN NO. 65 TUREN,-,65175,0341824711,admin@smanegeri1turen.sch.id,http://www.smanegeri1turen.sch.id,A,1258,427,831,36
20549024,SMA NEGERI 3 LAMONGAN,SMA,NEGERI,Kab. Lamongan,Kec. Lamongan,JALAN TANJUNG NO. 01 LAMONGAN,TANJUNG,62251,03223102013,sman3.lamongan@yahoo.com,http://www.smanegeri3lamongan.sch.id,A,1256,553,703,35
20519298,SMAN 1 PURWOSARI,SMA,NEGERI,Kab. Pasuruan,Kec. Purwosari,Jl. Pegadaian No. 1B Purwosari,Purwosari,67162,0343611067,sman1purwosari@yahoo.co.id,http://www.sman1purwosari.sch.id,A,1256,386,870,36
20536817,SMAN 1 BATU,SMA,NEGERI,Kota Batu,Kec. Batu,JL. KH. AGUS SALIM 57 BATU,-,65314,0341591310,sman1batu@yahoo.com,http://www.sman1batu.sch.id,A,1256,470,786,36
20570160,SMKN 2 SUKOREJO,SMK,NEGERI,Kab. Pasuruan,Kec. Sukorejo,Jl. Raya Sukorejo-Bangil Km.2 Lecari Sukorejo,BANYAK PUTIH,67161,03436752092,smkn2sukorejo@yahoo.co.id,http://smkn2sukorejo.sch.id,A,1252,717,535,38
20534382,SMA NEGERI 8 KOTA KEDIRI ,SMA,NEGERI,Kota Kediri,Kec. Kota Kediri,JL. PAHLAWAN KUSUMA BANGSA  77,BANJARAN,64124,0354687151,sman8kediri@gmail.com,http://www.sman8kediri.sch.id,A,1251,592,659,36
20533654,SMAS K KOLESE ST YUSUP,SMA,SWASTA,Kota Malang,Kec. Lowokwaru,JL. SIMPANG BOROBUDUR 1 MALANG,-,65142,410590,info@smakkosayu.sch.id,http://www.smakkosayu.sch.id,A,1250,600,650,36
20525603,SMK 17 AGUSTUS 1945 CLURING,SMK,SWASTA,Kab. Banyuwangi,Kec. Cluring,JL. KARANGREJO 10 CLURING BANYUWANGI,KRAJAN,68482,0333396271,smk17845cluringbwi@gmail.com,http://,A,1249,743,506,43
20517733,SMAN 1 SINGOSARI,SMA,NEGERI,Kab. Malang,Kec. Singosari,JL. KI HAJAR DEWANTORO 1,Banjararum,65153,454113,adm.sman1singosari@gmail.com,http://www.sman1singosari.sch.id,A,1249,466,783,36
20514347,SMAN 1 SRENGAT,SMA,NEGERI,Kab. Blitar,Kec. Srengat,JL. MERDEKA BAGELENAN SRENGAT,Krajan,66152,0342551096,smansrengat@yahoo.co.id,http://www.sman1srengat.sch.id,A,1248,441,807,36
20511952,SMA NEGERI 1 PLEMAHAN KABUPATEN KEDIRI ,SMA,NEGERI,Kab. Kediri,Kec. Plemahan,JL. PLK GG I BOGOKIDUL PLEMAHAN,Mulyo Asri,64155,528259,smanegeri1plemahan@gmail.com,http://www.sman1plemahan.sch.id,A,1247,408,839,36
20521724,SMKN 1 BONDOWOSO,SMK,NEGERI,Kab. Bondowoso,Kec. Bondowoso,JL. HOS COKROAMINOTO NO. 110,-,68217,0332431201,smk1bws@gmail.com,http://www.smk1bws.sch.id,A,1246,657,589,42
20506325,SMA NEGERI 1 KEDUNGPRING,SMA,NEGERI,Kab. Lamongan,Kec. Kedungpring,JL. RAYA MAYANGKARA 11,Mekande,62272,0322452200,sman1kedungpring@yahoo.co.id,http://www.sman1kedungpring.sch.id,A,1246,488,758,33
69888642,SMA PROGRESIF BUMI SHALAWAT,SMA,SWASTA,Kab. Sidoarjo,Kec. Sidoarjo,JL. Kiai Dasuki No.1,Lebo,61223,03199010520,smaprogresif.bs@gmail.com,http://sekolahprogresif.sch.id,A,1246,666,580,36
20507698,SMKN 1 KEBONSARI,SMK,NEGERI,Kab. Madiun,Kec. Kebonsari,Ds. Kedondong Kec. Kebonsari Kab. Madiun,Padas,63173,0351365504,smkn1kebonsari@gmail.com,http://www.smkn1kebonsari.sch.id,A,1245,965,280,36
69786498,SMK NEGERI 2 MOJOKERTO,SMK,NEGERI,Kota Mojokerto,Kec. Prajurit Kulon,JL. PULOREJO,-,61325,0321387356,smkn2mr@gmail.com,http://www.smkn2mojokerto.sch.id,A,1245,402,843,36
20549465,SMAN 1 BULULAWANG,SMA,NEGERI,Kab. Malang,Kec. Bululawang,JL. RAYA BULULAWANG,-,65171,0341804010,smanbululawang@gmail.com,http://sman1bululawang.sch.id,A,1241,425,816,36
20532262,SMAN 8 SURABAYA,SMA,NEGERI,Kota Surabaya,Kec. Semampir,Jl. Sultan Iskandar Muda No. 42,,60155,0313291732,sman8okesby@gmail.com,http://www.sman8sby.sch.id,A,1241,514,727,35
20532235,SMAN 3 SURABAYA,SMA,NEGERI,Kota Surabaya,Kec. Bulak,"Jl. Memet Sastrowiryo Komplek TNI AL, Kenjeran",-,60121,3812356,smanegeri3@yahoo.co.id,http://www.sman3surabaya.sch.id,A,1241,539,702,36
20532219,SMAN 19 SURABAYA,SMA,NEGERI,Kota Surabaya,Kec. Kenjeran,JL. KEDUNG COWEK NO. 390,TANAH KALI KEDINDING,60129,03151504844,smanxix@gmail.com,http://sman19sby.sch.id,A,1241,492,749,36
20511965,SMA NEGERI 2 PARE KABUPATEN KEDIRI,SMA,NEGERI,Kab. Kediri,Kec. Pare,JL. PAHLAWAN KUSUMA BANGSA NO. 28 PARE,PELEM,64213,391177,info@smadapare.sch.id,http://smadapare.sch.id,A,1240,452,788,36
20511941,UPTD SMPN 1 Mojo,SMP,NEGERI,Kab. Kediri,Kec. Mojo,Jl. Raya Mojo,Surat,64162,0354479058,smpnsatumojo@gmail.com,http://www.smpn1mojokedirikab.sch.co.id,A,1240,661,579,33
20510146,SMAN 3 PONOROGO,SMA,NEGERI,Kab. Ponorogo,Kec. Ponorogo,Jl. Laks. Yos Sudarso III/1,-,63415,0352481525,guru@smagaponorogo.sch.id,http://smagaponorogo.sch.id,A,1229,443,786,34
20529956,SMKN 1 SUMENEP,SMK,NEGERI,Kab. Sumenep,Kec. Batuan,JL. TRUNOJOYO 298 SUMENEP,-,69451,0328664107,info@smk1sumenep.sch.id,http://www.smk1sumenepsch.id,A,1229,739,490,51
20501704,SMAN 1 TARIK,SMA,NEGERI,Kab. Sidoarjo,Kec. Tarik,JL.RAYA JANTI,Janti,61265,0318983814,sman1tarik@yahoo.co.id,http://sman1tarik.sch.id,A,1227,380,847,35
20501703,SMAN 1 WARU,SMA,NEGERI,Kab. Sidoarjo,Kec. Waru,JL. BRANTAS BARITO WISMA TROPODO,TROPODO,61256,0318661460,smataru_school@yahoo.co.id,http://www.smantaru.sch.id,A,1227,503,724,35
20519301,SMAN 1 GRATI,SMA,NEGERI,Kab. Pasuruan,Kec. Nguling,JALAN RAYA SUMURWARU 32 SUMBER ANYAR NGULING,Sumurwaru,67185,0343481017,sman1grati@yahoo.com,http://www.sman1grati.sch.id,A,1226,496,730,35
20554339,SMK NEGERI 1 SAMBENG LAMONGAN,SMK,NEGERI,Kab. Lamongan,Kec. Sambeng,Jl. Raya Pasar Legi No.1,Slegi,62284,0322454027,smkn1sambeng@gmail.com,http://smkn1sambeng.sch.id,A,1224,732,492,39
20508493,SMAN 1 WIDODAREN,SMA,NEGERI,Kab. Ngawi,Kec. Widodaren,JL. DR. RAJIMAN NO.30,KAUMAN,63256,0351671563,sman1_widodaren@yahoo.co.id,http://sman1widodaren.sch.id,A,1224,469,755,33
20519300,SMAN 1 KEJAYAN,SMA,NEGERI,Kab. Pasuruan,Kec. Kejayan,JL. KABUPATEN SLADI KEJAYAN,Kejayan,67172,426595,smanike07@yahoo.com,http://www.sman01kejayan.sch.id,A,1219,633,586,35
20532711,SMKS WACHID HASYIM SURABAYA,SMK,SWASTA,Kota Surabaya,Kec. Kenjeran,JL. SIDOTOPO WETAN BARU NO.37,-,60128,0313764757,smkwachidhasyimsurabaya@gmail.com,http://www.smkwachidhasyim.sch.id,A,1219,475,744,38
20570779,SMKN 1 GEDANGAN,SMK,NEGERI,Kab. Malang,Kec. Gedangan,Jl Sumberrejo,Krajan,65178,0341876211,smkn1gedanganmlg@gmail.com,http://www.smkn1gedangan-malang.sch.id,A,1218,647,571,37
20501722,SMAN 1 PORONG,SMA,NEGERI,Kab. Sidoarjo,Kec. Porong,JL. BHAYANGKARI NO.12,Juwetkenongo,61274,856068,sman.porong@yahoo.co.id,http://sman1porong.sch.id,A,1218,449,769,35
20534406,SMK PGRI 2 KEDIRI,SMK,SWASTA,Kota Kediri,Kec. Mojoroto,JL. KH. ABDUL KARIM NO. 5 KEDIRI,-,64118,0354771661,admingrida@smkpgri2kdr.sch.id,http://www.smkpgri2kdr.sch.id,A,1218,153,1065,44
20517739,SMAN 1 LAWANG,SMA,NEGERI,Kab. Malang,Kec. Lawang,JL. PRAMUKA NO. 152,Kalirejo,65216,0341426265,smanegeri1lawang@gmail.com,http://www.sman1-lawang.sch.id,A,1217,406,811,36
20501744,SMP NEGERI 4 SIDOARJO,SMP,NEGERI,Kab. Sidoarjo,Kec. Sidoarjo,Jl. Suko,suko,61224,0318963734,smpn4sidoarjo1@gmail.com,http://www.smpn4sidoarjo.sch.id,A,1215,568,647,33
20519179,SMPN 2 PANDAAN,SMP,NEGERI,Kab. Pasuruan,Kec. Pandaan,Jl. Melati 4 Plintahan Pandaan,Plintahan,67156,0343631950,smp2pda@gmail.com,http://www.smp2pandaan.sch.id,A,1213,607,606,33
20534384,SMA NEGERI 6 KOTA KEDIRI ,SMA,NEGERI,Kota Kediri,Kec. Kota Kediri,JL. NGASINAN 52,NGASINAN,64129,0354688574,info@smanakediri.sch.id,https://smanakediri.sch.id/,A,1212,608,604,34
20539750,SMKN 8 MALANG,SMK,NEGERI,Kota Malang,Kec. Blimbing,JL. TELUK PACITAN ARJOSARI MALANG,-,65126,0341479148,smkn8mlg@gmail.com,http://www.smkn8malang.sch.id,A,1212,790,422,36
20521463,SMKN 2 LUMAJANG,SMK,NEGERI,Kab. Lumajang,Kec. Lumajang,JL. GAJAH MADA LUMAJANG,-,67316,0334881925,smkn_02lmj@yahoo.co.id,http://www.smkn2lumajang.sch.id,A,1211,503,708,40
20574701,SMA QUEEN AL FALAH,SMA,SWASTA,Kab. Kediri,Kec. Mojo,Dsn. Kebanan Rt. 01 Rw. 04 Ds. Ploso Kec. Mojo,Kebanan,64162,4520531,smaqueenbro@yahoo.co.id,http://www.smaqueenalfalah.sch.id,A,1210,552,658,34
20501727,SMP NEGERI 2 SIDOARJO,SMP,NEGERI,Kab. Sidoarjo,Kec. Sidoarjo,Jalan Raya Ponti,Magersari,61211,0318941132,sdasmpn2@gmail.com,http://www.smpn2sda.sch.id,A,1209,615,594,33
20500473,SMAN 1 WRINGINANOM,SMA,NEGERI,Kab. Gresik,Kec. Wringin Anom,JL. RAYA SEMBUNG WRINGINANOM,Sembung,61176,08113253537,sman1wriinginanomgresik@gmail.com,http://www.smaniiwagresik.sch.idi,A,1207,393,814,33
20540064,SMAS MUHAMMADIYAH 2,SMA,SWASTA,Kab. Sidoarjo,Kec. Sidoarjo,JL. MOJOPAHIT NO. 666 B,Sidowayah,61215,8921591,smam2.sda@gmail.com,http://smamda.sch.id,A,1205,596,609,34
20511964,SMA NEGERI 1 WATES KABUPATEN KEDIRI ,SMA,NEGERI,Kab. Kediri,Kec. Wates,JL.POJOK - KC WATES-KAB.KEDIRI,BANGUN MULYA,64174,0354442540,smanewa_kabkediri@yahoo.com,http://smanewa.sch.id,A,1203,373,830,35
20542511,SMKS ISLAM PANGGUL,SMK,SWASTA,Kab. Trenggalek,Kec. Panggul,Jl. Raya Panggul - Trenggalek,Bakalan,66364,082232091595,smkislampanggul1995@gmail.com,http://,A,1202,655,547,40
20541412,SMKN PRIGEN,SMK,NEGERI,Kab. Pasuruan,Kec. Prigen,JL. PECALUKAN,-,67157,0343885332,smkn1_prigen@yahoo.com,http://www.smkn1prigen.com,A,1201,664,537,36
20534368,SMP NEGERI 6 KEDIRI,SMP,NEGERI,Kota Kediri,Kec. Mojoroto,Jl. Raya Gayam No. 2,,64113,0354772110,smp6kotakediri@gmail.com,https://smpn6kotakediri.sch.id/,A,1200,625,575,37
20523835,SMAN BALUNG,SMA,NEGERI,Kab. Jember,Kec. Balung,Jl. PB. Sudirman No. 126,KRAJAN LOR,68161,0336622577,info@sman1balung.sch.id,http://www.sman1balung.sch.id,A,1199,410,789,34
20540292,SMA DARUL ULUM 1 PETERONGAN,SMA,SWASTA,Kab. Jombang,Kec. Peterongan,Pondok Pesantren Darul Ulum Rejoso Peterongan Jombang,PESANTREN,61481,0321860129,smudu1@yahoo.com,http://www.smadu1-jbg.sch.id,A,1195,421,774,34
20533635,SMAS KATOLIK ST ALBERTUS,SMA,SWASTA,Kota Malang,Kec. Klojen,JL. TALANG NO.1,-,65112,0341564556,sma@dempoku.com,http://st-albertus.sch.id,A,1195,561,634,34
20537288,SMAN 1 KARANGREJO,SMA,NEGERI,Kab. Tulungagung,Kec. Karangrejo,JL. RAYA KARANGREJO - SENDANG,GEDANGAN,66253,320448,sman_karangrejo@yahoo.co.id,http://sman1karangrejotulungagung.sch.id,A,1192,431,761,32
20541413,SMK NEGERI REMBANG,SMK,NEGERI,Kab. Pasuruan,Kec. Rembang,"JL. RAYA REMBANG, KECAMATAN REMBANG",REMBANG,67152,0343745225,smknrembang.pas@gmail.com,http://www.smknrembangpas.sch.id,A,1188,810,378,36
20554854,SMKS YAPALIS KRIAN,SMK,SWASTA,Kab. Sidoarjo,Kec. Krian,KYAI MOJO NO. 18 KRIAN,JERUK GAMPING,61262,0318986494,smk.yapalis@gmail.com,http://www.smkyapalis-krian.sch.id,A,1188,448,740,39
20537106,SMP NEGERI 1 WONOAYU,SMP,NEGERI,Kab. Sidoarjo,Kec. Wonoayu,Jl. Raya Semambung,SEMAMBUNG,61261,03199892189,smpn1wonoayu@gmail.com,http://smpn1wonoayu.sch.id,A,1187,574,613,33
20532202,SMKS PAWIYATAN SURABAYA,SMK,SWASTA,Kota Surabaya,Kec. Sukomanunggal,JL. TANGKISTURI NO. 4-6 SURABAYA,-,60181,0315342508,smkpawiyatansby@gmail.com,http://www.smkpawiyatan.sch.id,B,1187,442,745,30
20523844,SMAN 1 JEMBER,SMA,NEGERI,Kab. Jember,Kec. Sumbersari,Jl. Letjen Panjaitan No. 55 Jember,-,68121,0331338586,sekolah@sman1jember.sch.id,http://www.sman1jember.sch.id,A,1186,522,664,33
20508480,SMAN 1 NGAWI,SMA,NEGERI,Kab. Ngawi,Kec. Ngawi,JL A. YANI NO. 45 NGAWI,Beran,63216,0351749089,sma_1_ngawi@yahoo.co.id,http://www.sman1ngawi.sch.id,A,1182,468,714,32
20554359,SMKS NU BAHRUL ULUM,SMK,SWASTA,Kab. Gresik,Kec. Menganti,JL. RAYA PELEM WATU NO.09,Pelemwatu,61174,0317990971,smeck_bu@yahoo.co.id,http://www.facebook.com/smecknu.bu,B,1181,674,507,39
20537273,SMP N 1 KAUMAN,SMP,NEGERI,Kab. Tulungagung,Kec. Kauman,"Jalan Soekarno - Hatta, Tulungagung",Bebekan,66261,0355323262,smpn1kauman@gmail.com,http://,A,1181,561,620,30
20525861,SMAN 1 ROGOJAMPI,SMA,NEGERI,Kab. Banyuwangi,Kec. Rogojampi,JL. ALI SAKTI NO.2,GURIT,68462,631459,smanrogojampi@yahoo.co.id,http://www.sman1rogojampi.sch.id,A,1180,471,709,33
20532243,SMAN 10 SURABAYA,SMA,NEGERI,Kota Surabaya,Kec. Wonocolo,JL. JEMUR SARI I / 28,-,60237,0318415273,opsdapodik@sma10sby.sch.id,http://www.sma10sby.sch.id,A,1180,555,625,33
20500468,SMKS SUNAN GIRI GRESIK,SMK,SWASTA,Kab. Gresik,Kec. Menganti,JL. RAYA MENGANTI GRESIK,Menganti,61174,7912308,smk_sugi@yahoo.com,http://www.smksunangirimenganti.sch.id,A,1179,719,460,36
20500480,SMAN 1 DRIYOREJO,SMA,NEGERI,Kab. Gresik,Kec. Driyorejo,JL. RAYA TENARU DRIYOREJO,TENARU,61177,0317507072,sman1driyorejo@yahoo.co.id,http://sman1driyorejo.sch.id,A,1178,409,769,33
20538394,SMA NEGERI 1 KERTOSONO NGANJUK,SMA,NEGERI,Kab. Nganjuk,Kec. Kertosono,JL. PANGLIMA SUDIRMAN 10 KERTOSONO,KEPUH,64351,551493,smaker.sejak.1964@gmail.com,http://www.sman1kertosono.sch.id,A,1177,469,708,33
20520820,SMAN 2 LUMAJANG,SMA,NEGERI,Kab. Lumajang,Kec. Lumajang,JL. HOS. COKROAMINOTO NO. 159 LUMAJANG,Tompokersan,67311,0334881036,info@sman2-lmj.sch.id,http://www.sman2-lmj.sch.id,A,1175,468,707,33
20538327,SMA NEGERI 3 NGANJUK,SMA,NEGERI,Kab. Nganjuk,Kec. Nganjuk,JL. Bengawan Solo No. 109 Telp. 0358322082 email : smanegeri3nganjuk@gmail.com,Begadung,64413,0358322082,smanegeri3nganjuk@gmail.com,http://www.sman3nganjuk.sch.id,A,1175,421,754,33
20511961,SMA NEGERI 1 GROGOL KABUPATEN KEDIRI,SMA,NEGERI,Kab. Kediri,Kec. Grogol,JL.RAYA GRINGGING 16 SONOREJO GROGOL,SUMBERASRI,64151,0354773009,sman1_grogol@yahoo.co.id,http://www.sman1grogol.sch.id,A,1174,455,719,33
20515509,SMP N 1 NGUNUT,SMP,NEGERI,Kab. Tulungagung,Kec. Ngunut,Jl. Recobarong,GENTENGAN,66292,0355395215,tusmpngunut@yahoo.co.id,http://www.smpn1ngunut.sch.id,A,1174,585,589,33
20531228,SMA NEGERI 2 BANGKALAN,SMA,NEGERI,Kab. Bangkalan,Kec. Bangkalan,JL. SOEKARNO HATTA NO 18,-,69116,0313095326,tu.smada2020@gmail.com,,A,1173,496,677,34
20503434,SMK DWIJA BHAKTI 1 JOMBANG,SMK,SWASTA,Kab. Jombang,Kec. Jombang,JL. KUSUMA BANGSA NO. 74,Sengon,61418,0321861996,smk.dwijabhaktisatu.jmg@gmail.com,http://www.smkdwijabhakti1jombang.sch.id,A,1173,1133,40,37
20519205,SMPN 1 BEJI,SMP,NEGERI,Kab. Pasuruan,Kec. Beji,Jl. Wicaksana No.22 A,Gununggangsir,67154,0343656140,smpn1beji.pas@gmail.com,http://www.smpn1beji.sch.id,A,1173,620,553,33
20501705,SMAN 1 TAMAN,SMA,NEGERI,Kab. Sidoarjo,Kec. Taman,JL. Sawunggaling 2 ,Sawunggaling 2,61257,0317882446,sman1taman.sda@gmail.com,http://www.sman1taman-sda.sch.id,A,1173,462,711,33
20573861,SMKS WACHID HASYIM 2 SURABAYA,SMK,SWASTA,Kota Surabaya,Kec. Benowo,JL. RAYA SEMEMI NO. 7,-,60198,0317440568,smkwachidhasyim2.sby@gmail.com,http://smkwh2-sby.sch.id,A,1173,446,727,36
20500476,SMAN 1 MENGANTI,SMA,NEGERI,Kab. Gresik,Kec. Menganti,JL. RAYA BOTENG,Magersari,61174,0317994974,sman1menganti@yahoo.co.id,http://www.smanim-gresik.sch.id,A,1172,468,704,33
20508492,SMAN 2 NGAWI,SMA,NEGERI,Kab. Ngawi,Kec. Geneng,JL. A. YANI KLITIK TROMOL POS 7 NGAWI,KLITIK,63271,0351749293,sman2ngawi@gmail.com,http://smadangawi.sch.id,A,1172,458,714,32
20503424,SMK PGRI 2 JOMBANG,SMK,SWASTA,Kab. Jombang,Kec. Jombang,JL.DR. WAHIDIN SUDIRO HUSODO IV JOMBANG,Sengon,61418,0321861932,smkpgri2_jombang@yahoo.co.id,http://www.smkpgri2jombang.sch.id,A,1171,1162,9,31
20547267,SMKN TAMBAKBOYO,SMK,NEGERI,Kab. Tuban,Kec. Tambakboyo,JL. RAYA DESA SAWIR NO.9 TAMBAKBOYO,Sawir,62353,03564160064,smeksata@gmail.com,http://www.smkntambakboyo.sch.id,A,1171,839,332,36
20501725,SMP NEGERI 2 TAMAN,SMP,NEGERI,Kab. Sidoarjo,Kec. Taman,Jl Sawunggaling No.4,Jemundo,61257,0317882459,smpn2tmn.sidoarjo@gmail.com,http://www.smpn2tamansda.sch.id,A,1170,566,604,33
20523845,SMAN 1 KENCONG,SMA,NEGERI,Kab. Jember,Kec. Kencong,JL. KARTINI 8 KENCONG,KRAJAN C,68167,0336321356,sman1kencong@gmail.com,http://sman1kencong.sch.id,A,1169,411,758,33
20538321,SMA NEGERI 1 NGANJUK,SMA,NEGERI,Kab. Nganjuk,Kec. Nganjuk,JL. KAPT. KASIHIN HS NO.4 NGANJUK,-,64415,0358321915,smasa_nganjuk@yahoo.co.id,http://www.smasa-nganjuk.sch.id,A,1169,416,753,33
20515433,SMAN 1 GONDANG,SMA,NEGERI,Kab. Tulungagung,Kec. Gondang,JL. RAYA GONDANG,PATOMAN,66263,324022,sman1gondangtulungagung@gmail.com,http://smagota.sch.id/,A,1165,381,784,33
20532236,SMAN 16 SURABAYA,SMA,NEGERI,Kota Surabaya,Kec. Tenggilis Mejoyo,JL.  PRAPEN,-,60299,8415492,sman16surabaya@gmail.com,http://www.sman16-sby.sch.id,A,1164,495,669,33
20525595,SMKS PGRI ROGOJAMPI,SMK,SWASTA,Kab. Banyuwangi,Kec. Rogojampi,Jl. Terminal Gitik Kec. Rogojampi Tlp./Fax (0333) 632693,Sidomulyo,68462,0333632693,smkprowangi84@gmail.com,http://smkprowangi.sch.id,A,1163,431,732,41
20500474,SMAN 1 SIDAYU,SMA,NEGERI,Kab. Gresik,Kec. Sidayu,JL. PAHLAWAN NO. 6 SIDAYU,-,61153,3949011,smansatusidayu@gmail.com,http://www.smansigres.sch.id,A,1161,390,771,33
20548724,SMK SUNAN DRAJAT LAMONGAN,SMK,SWASTA,Kab. Lamongan,Kec. Paciran,Jl. Komplek Ponpes Sunan Drajat,Banjaranyar,62264,0322665412,mail@smksunandrajat.sch.id,http://www.smksunandrajat.sch.id,A,1160,817,343,52
20501752,SMP NEGERI 1 TULANGAN,SMP,NEGERI,Kab. Sidoarjo,Kec. Tulangan,Jl. Amd. Gelang Tulangan Sidoarjo,Gelang,61273,8851650,smpntulangansda@gmail.com,http://smpn1tulangan.sch.id,A,1160,573,587,33
20501729,SMP NEGERI 2 KRIAN,SMP,NEGERI,Kab. Sidoarjo,Kec. Krian,Jl. Gub. Sunandar Priyo Sudarmo,Kraton,61262,0318971575,smpnduakrian@yahoo.com,http://www.smpn2krian.i8.com,A,1160,575,585,33
20515506,SMP NEGERI 2 TULUNGAGUNG,SMP,NEGERI,Kab. Tulungagung,Kec. Tulungagung,Jalan P. Sudirman 53,,66219,0355321930,admin.empero@gmail.com,http://www.empero.co.vu,A,1160,531,629,30
20515526,SMP N 1 SUMBERGEMPOL,SMP,NEGERI,Kab. Tulungagung,Kec. Sumbergempol,Jl. Raya Sumbergempol No. 30,Selojeneng,66291,089516602781,smpsatpol@yahoo.com,http://smpn1sumbergempol.sch.id,A,1159,592,567,33
20533653,SMA NEGERI 5 KOTA MALANG,SMA,NEGERI,Kota Malang,Kec. Klojen,JL. TANIMBAR 24,Kasin,65117,0341364580,inbox@sman5malang.sch.id,http://sman5malang.sch.id,A,1159,463,696,33
20532196,SMKN 4 SURABAYA,SMK,NEGERI,Kota Surabaya,Kec. Sawahan,JL. KRANGGAN NO.81-101 SURABAYA,SAWAHAN,60251,0315345788,smknempatsby@yahoo.com,http://www.smkn4sby.com,A,1159,126,1033,33
20511953,SMA NEGERI 1 PARE KABUPATEN KEDIRI ,SMA,NEGERI,Kab. Kediri,Kec. Pare,JL. PAHLAWAN KUSUMA BANGSA 41 PARE,Tulungrejo,64212,391132,info@sman1pare.sch.id,http://www.sman1pare.sch.id,A,1151,446,705,33
20515533,SMP NEGERI 1 CAMPURDARAT,SMP,NEGERI,Kab. Tulungagung,Kec. Campur Darat,Jln. Kanigoro No.1,BLUMBANG,66272,531128,smpnegeri01campurdarat@gmail.com,http://,A,1151,591,560,30
20532245,SMAN 12 SURABAYA,SMA,NEGERI,Kota Surabaya,Kec. Benowo,JL. SEMEMI BENOWO,Sememi,60198,0317406368,admin@sman12sby.sch.id,http://sman12sby.sch.id,A,1150,450,700,32
20538350,SMK TARUNA BAKTI KERTOSONO,SMK,SWASTA,Kab. Nganjuk,Kec. Kertosono,JL. IMAM BONJOL NO. 36,Tembarak,64315,0358552070,smk.tarunabakti.kts@gmail.com,http://www.smktarunabakti.sch.id,B,1149,1006,143,36
20505009,SMA NEGERI 1 TUBAN,SMA,NEGERI,Kab. Tuban,Kec. Tuban,JL. WR. SUPRATMAN NO. 2 TUBAN,,62318,0356321272,sman1tuban@gmail.com,http://smansatuban.sch.id,A,1149,452,697,33
20537011,SMAN 1 KEBOMAS,SMA,NEGERI,Kab. Gresik,Kec. Kebomas,JL.DR WAHIDIN SUDIRO HUSODO PERUM ALAM BUKIT RAYA BLOK A6 NO 8,Sumber,61161,0313955053,sman1kebomas@yahoo.com,http://smabomgresik.sch.id,A,1148,440,708,33
60729406,SMP PROGRESIF BUMI SHALAWAT,SMP,SWASTA,Kab. Sidoarjo,Kec. Sidoarjo,Jl. Kiai Dasuki No.1 Lebo,Lebo,61223,0318073739,administrasi@sekolahprogresif.sch.id,http://www.sekolahprogresif.sch.id,A,1148,651,497,35
20511912,UPTD SMPN 1 Ngadiluwih,SMP,NEGERI,Kab. Kediri,Kec. Ngadiluwih,Jl. Prof. DR. Moestopo No. 30 Ngadiluwih,Purwokerto,64171,0354479317,smpn1ngadiluwih@gmail.com,http://www.smpn1ngadiluwih.sch.id,A,1147,544,603,33
20519206,SMPN 1 GEMPOL,SMP,NEGERI,Kab. Pasuruan,Kec. Gempol,Jl. Waru Rejo Kejapanan Gempol,Warurejo,67155,0343842481,smpn1gempol@yahoo.co.id,http://https://www.smpn1gempol.sch.id,A,1147,567,580,33
20519212,SMPN 1 PANDAAN,SMP,NEGERI,Kab. Pasuruan,Kec. Pandaan,Jl. Raya Kebonwaris No. 17 Pandaan,Patebon,67156,0343631831,smpnegeri1pandaan@gmail.com,http://www.smpn1pandaan.sch.id,A,1146,549,597,32
20511854,UPTD SMPN 1 Plemahan,SMP,NEGERI,Kab. Kediri,Kec. Plemahan,Ds. Bogokidul,BOGOKIDUL,64155,0354529228,uptdsmp1plemahan@yahoo.co.id,http://https://smpn1plemahan.sch.id,A,1145,542,603,32
20541414,SMKN 1 WONOREJO,SMK,NEGERI,Kab. Pasuruan,Kec. Wonorejo,JL. PP. TERPADU AL-YASINI KLUWUT WONOREJO,Kluwut Utara,67173,0343410064,wonorejosmkn@yahoo.co.id,http://www.smkn1wonorejo.sch.id,A,1145,869,276,35
20533639,SMA NEGERI 7 KOTA MALANG,SMA,NEGERI,Kota Malang,Kec. Lowokwaru,JL. CENGGER AYAM I/14,-,65141,495256,tata.persuratan7@gmail.com,http://web.sman7malang.sch.id,A,1143,465,678,33
20566151,SMP UNGGULAN AMANATUL UMMAH,SMP,SWASTA,Kota Surabaya,Kec. Wonocolo,Jl. Siwalankerto Utara II No. 33 Surabaya ,Siwalankerto,60236,0318438902,smpuau@gmail.com,http://smp-au-surabaya.sch.id/,A,1142,582,560,33
20534403,SMK NEGERI 3 KOTA KEDIRI ,SMK,NEGERI,Kota Kediri,Kec. Kota Kediri,JL. HASANUDIN 10 KEDIRI,-,64122,682261,smkn3kediri@ymail.com,http://smkn3kediri.sch.id,A,1141,158,983,33
20510134,SMAN 1 BADEGAN,SMA,NEGERI,Kab. Ponorogo,Kec. Jambon,JL. KI AGENG PUNUK 2,Genting,63456,751251,sman1badegan@gmail.com,http://www.sman1badegan.sch.id,A,1140,312,828,32
20519194,SMPN 1 BANGIL,SMP,NEGERI,Kab. Pasuruan,Kec. Bangil,Jl. Pattimura No. 309 Bangil,POGAR,67153,0343741551,info@smpn1bangil.sch.id,http://www.smpn1bangil.sch.id,A,1139,592,547,33
20501771,SMP NEGERI 1 SUKODONO,SMP,NEGERI,Kab. Sidoarjo,Kec. Sukodono,Jl. Putra Bangsa No.15,Kweni,61258,0318830579,smpn1sukodono.spenido@gmail.com,http://https://smpn1sukodono-sidoarjo.sch.id/,A,1139,562,577,33
20541259,SMKN DANDER,SMK,NEGERI,Kab. Bojonegoro,Kec. Dander,JL. KH. R. MOH. ROSYID GANG. MBAH GATI,Sumbertlaseh,62171,0353885211,smkndander02@gmail.com,http://smkndander-bjn.sch.id,A,1138,833,305,33
20501773,SMP NEGERI 1 SEDATI,SMP,NEGERI,Kab. Sidoarjo,Kec. Sedati,Jl. Brantas No. 1 Juanda Sedati,Betro,61253,0318667427,smpn1sedati@yahoo.co.id,http://www.smpn1sedati.sch.id,A,1138,546,592,33
20511956,SMA NEGERI 1 MOJO KABUPATEN KEDIRI ,SMA,NEGERI,Kab. Kediri,Kec. Mojo,JL.Tambangan No.16 Ds.Mlati  Kec.Mojo,Mlati,64162,476918,sman1mojo@gmail.com,http://www.sman1mojo.sch.id,A,1137,470,667,33
20534176,SMKN 4 MADIUN,SMK,NEGERI,Kota Madiun,Kec. Taman,JL. MASTRIP 27 MADIUN,Mojorejo,63139,0351462896,smkn4_madiun@yahoo.co.id,http://www.smkn4madiun.sch.id,A,1137,237,900,38
20503373,SMK NEGERI 2 JOMBANG,SMK,NEGERI,Kab. Jombang,Kec. Jombang,JL. BUPATI RAA. SOEROADININGRAT NO. 6 JOMBANG,KEPANJEN,61411,0321861770,smkn2jmb@yahoo.co.id,http://www.smkn2jombang.sch.id,A,1136,28,1108,33
20510147,SMAN 2 PONOROGO,SMA,NEGERI,Kab. Ponorogo,Kec. Ponorogo,JL. PACAR 24,-,63418,0352481268,sman2ponorogo@gmail.com,http://sman2ponorogo.sch.id,A,1136,404,732,32
20502730,SMKN 1 SOOKO MOJOKERTO,SMK,NEGERI,Kab. Mojokerto,Kec. Sooko,JL. R.A. BASUNI NOMOR 5 - SOOKO,SOOKO,61361,0321322694,mail@smkn1sookomojokerto.sch.id,http://smkn1sookomojokerto.sch.id,A,1135,138,997,33
20537272,SMP NEGERI 1 GONDANG,SMP,NEGERI,Kab. Tulungagung,Kec. Gondang,"Ds/Kec. Gondang, Gondang, Tulungagung",,66263,0355326361,smpn1gondangtulungagung@gmail.com,http://www.smpn1gondang.net,A,1135,587,548,30
20521455,SMKN PASIRIAN,SMK,NEGERI,Kab. Lumajang,Kec. Pasirian,JL. RAYA CONDRO PASIRIAN,Kebonan,67372,0334574253,info@smkpasirian-lmj.sch.id,http://www.smkpasirian-lmj.sch.id,A,1130,745,385,46
69765030,SMK NEGERI 1 GROGOL KABUPATEN KEDIRI,SMK,NEGERI,Kab. Kediri,Kec. Grogol,"Jl. Raya Cerme, Dsn. Glatik, Ds. Cerme, Kec. Grogol",GLATIK,64151,03546025823,info@smkn1grogolkediri.sch.id,http://www.smkn1grogolkediri.sch.id,A,1127,513,614,31
20523847,SMAN 2 JEMBER,SMA,NEGERI,Kab. Jember,Kec. Sumbersari,JL. JAWA 16 ,TEGAL BOTO,68121,0331321375,info@sman2jember.sch.id,http://www.sman2jember.sch.id,A,1126,515,611,32
20511875,UPTD SMPN 1 Pagu,SMP,NEGERI,Kab. Kediri,Kec. Pagu,JL. PAGU-BUNGKAL 71,KANDANGAN,64183,0354545037,smpn1pagu@gmail.com,http://www.smpn1pagu.sch.id,A,1124,575,549,33
20523949,UNIT PELAKSANA TEKNIS DAERAH (UPTD) SATUAN PENDIDIKAN SMPN 1 AMBULU,SMP,NEGERI,Kab. Jember,Kec. Ambulu,Jln. Kotta Blater No. 05,Andongsari,68172,0336881583,smpn1.abl@gmail.com,http://www.smpn1ambulu.blogspot.com,A,1123,509,614,33
20538326,SMA NEGERI 2 NGANJUK,SMA,NEGERI,Kab. Nganjuk,Kec. Nganjuk,JL. ANJUK LADANG NO. 9 NGANJUK,,64417,0358322585,smanduanganjuk@yahoo.com,http://www.sman2nganjuk.sch.id,A,1121,427,694,33
20519302,SMAN 1 GONDANGWETAN,SMA,NEGERI,Kab. Pasuruan,Kec. Gondang Wetan,JL. RAYA BROMO 33  GONDANGWETAN,KARANG SENTUL,67174,441331,sman1gondangwetan@yahoo.co.id,http://www.sman1gondangwetan.sch.id,A,1120,590,530,33
20538324,SMA NEGERI 1 PATIANROWO NGANJUK,SMA,NEGERI,Kab. Nganjuk,Kec. Patianrowo,JALAN RAYA PG LESTARI,Dusun Pecuk,64391,0358551594,sman1patianrowo@yahoo.com,http://https://sman1patianrowo.sch.id,A,1119,393,726,32
20539724,SMK NEGERI GUDO,SMK,NEGERI,Kab. Jombang,Kec. Gudo,JL. PAWIYATAN NO. 6 GUDO ,Bumiarjo,61463,0321867638,smkngudojombang@gmail.com,http://smkngudo.sch.id,A,1118,483,635,33
20532558,SMP NEGERI 19 SURABAYA,SMP,NEGERI,Kota Surabaya,Kec. Sukolilo,Jl.Arief Rachman Hakim 103B,Klampis Ngasem,60117,0315940410,smpn19.sby@gmail.com,http://www.smpn19surabaya.sch.id,A,1118,536,582,36
20531146,SMA NEGERI 1 BANGKALAN,SMA,NEGERI,Kab. Bangkalan,Kec. Bangkalan,JL. PEMUDA KAFFA 10,Kraton,69111,0313095132,smansabkl@yahoo.co.id,http://www.sman1bangkalan.sch.id/,A,1117,516,601,32
69775452,SMK NEGERI 1 KRAS KABUPATEN KEDIRI,SMK,NEGERI,Kab. Kediri,Kec. Kras,Dsn. Demangan RT. 01 RW. 04,Demangan,64172,,smkn1kras@gmail.com,http://smkn1kras.sch.id,A,1117,589,528,32
20511001,SMKN NGADIROJO,SMK,NEGERI,Kab. Pacitan,Kec. Ngadirojo,JL. RAYA PACITAN - TRENGGALEK,Damas,63572,03573219001,smkn_ngadirojo@yahoo.com,http://www.smknngadirojo.sch.id,A,1117,620,497,34
20501731,SMP NEGERI 2 GEDANGAN,SMP,NEGERI,Kab. Sidoarjo,Kec. Gedangan,Jalan Singomenggolo,Malang Ganting,61254,0318910652,smpn2gedangan@gmail.com,http://www.smpn2gdn.sch.id,A,1116,578,538,33
20501770,SMP NEGERI 1 TAMAN,SMP,NEGERI,Kab. Sidoarjo,Kec. Taman,Jl Satria No 1,Ketegan,61257,0317881538,info@smpn1taman-sda.sch.id,https://smpn1taman-sda.sch.id,A,1114,523,591,33
20546807,SMP NURUL JADID,SMP,SWASTA,Kab. Probolinggo,Kec. Paiton,Jl. Kh. Zaini Mun im,Tanjung Lor,67291,082332827360,smp_nurja@yahoo.com,http://www.smpnj.sch.id/,A,1111,512,599,36
20515534,SMP NEGERI 1 BOYOLANGU,SMP,NEGERI,Kab. Tulungagung,Kec. Boyolangu,Jl. Raya Boyolangu,Maron,66271,0355324146,smpnboyolangu1@gmail.com,http://,A,1110,615,495,32
20515496,SMP NEGERI 6 TULUNGAGUNG,SMP,NEGERI,Kab. Tulungagung,Kec. Tulungagung,Jalan Panglima Sudirman No. 56,,66219,0355321661,smpn6tagung@gmail.com,http://smpnegeri6tulungagung.sch.id/,A,1110,588,522,33
20532163,SMAS MUHAMMADIYAH 2,SMA,SWASTA,Kota Surabaya,Kec. Gubeng,PUCANG ANOM 91 SURABAYA,Kertajaya,60282,5021316,admin@smamda.net,http://www.smamda.net,A,1102,577,525,31
20525624,SMKS MUHAMMADIYAH 6 ROGOJAMPI,SMK,SWASTA,Kab. Banyuwangi,Kec. Rogojampi,JL. KH. HASYIM ASYARI NO. 38,Rogojampi Utara,68462,0333631793,webmaster@smkmuh6rgj.sch.id,http://www.smkmuh6rgj.sch.id,A,1101,923,178,39
20532246,SMAN 13 SURABAYA,SMA,NEGERI,Kota Surabaya,Kec. Lakarsantri,JL. LIDAH KULON LAKARSANTRI,-,60213,7531770,sman13sby@gmail.com,http://www.sman13surabaya.sch.id,A,1101,462,639,30
20532613,SMP NEGERI 1 SURABAYA,SMP,NEGERI,Kota Surabaya,Kec. Genteng,Jl. Pacar No. 4 - 6,,60272,0315470111,smpn1_surabaya@yahoo.com,http://www.smpn1-sby.sch.id,A,1100,510,590,31
20523886,UNIT PELAKSANA TEKNIS DAERAH (UPTD) SATUAN PENDIDIKAN SMPN 2 AMBULU,SMP,NEGERI,Kab. Jember,Kec. Ambulu,Jl. Watu Ulo No. 57,KRAJAN,68172,,smpnambulu298@gmail.com,http://,A,1098,571,527,33
20506400,SMP MUHAMMADIYAH 12 PACIRAN,SMP,SWASTA,Kab. Lamongan,Kec. Paciran,Jl. Raya Sendangagung,Sendangagung,62264,082322202023,smpm12sendangpaciran@gmail.com,www.smpm12paciran.ac.id,A,1096,521,575,36
20511930,UPTD SMPN 1 Ngasem,SMP,NEGERI,Kab. Kediri,Kec. Ngasem,Jl Pamenang Ngasem Kab Kediri,Sobo,64182,0354699603,smpn1ngasem@gmail.com,http://smpn1ngasem.sch.id,A,1095,572,523,31
20501776,SMP NEGERI 1 KRIAN,SMP,NEGERI,Kab. Sidoarjo,Kec. Krian,Jl. Raya No 2 Krian,,61262,0318971253,snikasmpn1krian@gmail.com,http://www.smpn1kriansda.com,A,1095,518,577,31
20534124,SMAN 2 MADIUN,SMA,NEGERI,Kota Madiun,Kec. Manguharjo,JL. BILITON 24 MADIUN,-,63122,0351453542,admin@smanegeri2madiun.sch.id,http://smanegeri2madiun.sch.id/,A,1093,449,644,30
20525857,SMAN GLENMORE,SMA,NEGERI,Kab. Banyuwangi,Kec. Glenmore,JL. RS BHAKTI HUSADA,Dusun Krajan,68466,823223,smanglenmore@gmail.com,http://www.sman1glenmore.sch.id,A,1091,475,616,31
20534370,SMP NEGERI 4 KEDIRI,SMP,NEGERI,Kota Kediri,Kec. Mojoroto,Jl. Penanggungan No. 6,Bandar Lor,64114,0354771759,smpn4kotakediri@gmail.com,http://smpn4kotakediri.sch.id,A,1091,521,570,33
20532135,SMAS KRISTEN PETRA 1,SMA,SWASTA,Kota Surabaya,Kec. Dukuh Pakis,JL. Lingkar Dalam Barat Perum Graha Famili Surabaya,Pradahkali Kendal,60226,7347916,sma1@pppkpetra.sch.id,http://www.sma1.pppkpetra.sch.id,A,1091,541,550,32
20533641,SMA NEGERI 9 KOTA MALANG,SMA,NEGERI,Kota Malang,Kec. Lowokwaru,JL. PUNCAK BOROBUDUR 1,MOJOLANGU,65142,0341471855,info@sman9-mlg.sch.id,http://sman9-mlg.sch.id,A,1088,437,651,31
20532263,SMAN 9 SURABAYA,SMA,NEGERI,Kota Surabaya,Kec. Genteng,JL. WIJAYA KUSUMA  48,-,60272,0315342608,smanixsurabaya@gmail.com,https://www.sman9sby.sch.id,A,1088,452,636,31
20534372,SMP NEGERI 2 KEDIRI,SMP,NEGERI,Kota Kediri,Kec. Kota Kediri,Jl.Padang Padi No.18 Kaliombo,Kaliombo,64126,0354682240,smpn2kotakediri@yahoo.com,http://www.smpn2kediri.sch.id,A,1087,539,548,33
20501772,SMP NEGERI 1 SIDOARJO,SMP,NEGERI,Kab. Sidoarjo,Kec. Sidoarjo,Jl. Ponti Sidoarjo,MAGERSARI,61211,0318941179,smpn1sidoarjo@yahoo.co.id,http://www.smpn1sda.sch.id,A,1086,526,560,32
69727602,SMAS AL-IZZAH BATU,SMA,SWASTA,Kota Batu,Kec. Batu,Jalan Indragiri Gg. Pangkur No.78,SUMBEREJO,65318,590363,sma.alizzah.batu@gmail.com,http://smaalizzah-batu.sch.id,A,1085,570,515,32
20570399,SMK NEGERI 3 BANGKALAN,SMK,NEGERI,Kab. Bangkalan,Kec. Bangkalan,JL. MERTAJASAH NO. 70,MARTAJASAH,69117,0313062126,smkn3bangkalan.adm@gmail.com,http://www.smkn3.bangkalan.sch.id,B,1083,635,448,33
20500526,SMP NU BAHRUL ULUM,SMP,SWASTA,Kab. Gresik,Kec. Menganti,Jl. Raya Pelemwatu No. 09 Menganti Gresik,PELEMWATU,61174,0317990971,smpnubahrululum31@gmail.com,http://,A,1082,540,542,33
20525856,SMAN 1 GLAGAH,SMA,NEGERI,Kab. Banyuwangi,Kec. Glagah,JL. MELATI NO. 1 BANYUWANGI,-,68432,421357,smanglagah_bwi@yahoo.co.id,http://www.sman1glagah.sch.id,A,1081,429,652,30
20506349,SMP NEGERI 1 LAMONGAN,SMP,NEGERI,Kab. Lamongan,Kec. Lamongan,Jl.Ki Sarmidi Mangunsarkoro No. 18 Lamongan,,62211,0322321183,smpnegerisatulamongan@gmail.com,http://smpn1lamongan.sch.id,A,1081,519,562,30
69775463,SMKS NURUT TAQWA,SMK,SWASTA,Kab. Banyuwangi,Kec. Songgon,JL. ROGOJAMPI SONGGON,Cemoro,68463,0333630705,smknuruttaqwabwi@gmail.com,http://www.smknuruttaqwasonggon.sch.id,B,1080,557,523,32
20568697,SMKS DIPONEGORO TUMPANG,SMK,SWASTA,Kab. Malang,Kec. Tumpang,JL. TUNGGUL AMETUNG NO. 22 TUMPANG,Jago,65156,0341788252,semkadip@yahoo.co.id,http://www.semkadip.sch.id,A,1080,621,459,34
20536822,SMKN 1 BATU,SMK,NEGERI,Kota Batu,Kec. Batu,JL. BROMO NO.11 BATU,SISIR,65314,0341596400,smkn1batu@yahoo.co.id,http://www.smkn1batu.sch.id,A,1079,265,814,33
20534373,SMP NEGERI 1 KEDIRI,SMP,NEGERI,Kota Kediri,Kec. Kota Kediri,Jl. Diponegoro 26,,64121,0354682230,smpnegerisatukediri@yahoo.co.id,http://www.smpnegeri1kotakediri.sch.id,A,1079,538,541,33
20520022,SMAN 1 KRAKSAAN,SMA,NEGERI,Kab. Probolinggo,Kec. Kraksaan,JL. IMAM BONJOL 13 KRAKSAAN,-,67282,0335841214,sman1kraksaan@gmail.com,http://sman1kraksaan.sch.id/,A,1078,452,626,30
20532539,SMP NEGERI 12 SURABAYA,SMP,NEGERI,Kota Surabaya,Kec. Wonokromo,Ngagel Kebonsari 1,Ngagel Kebonsari,60245,0315055409,smp12sby@yahoo.com,http://www.smpn12sby.sch.net,A,1078,525,553,33
20534366,SMP NEGERI 8 KEDIRI,SMP,NEGERI,Kota Kediri,Kec. Mojoroto,Jl. Penanggungan No. 2 Kediri,,64114,0354771760,smpn8kediri@gmail.com,http://smpn8kotakediri.sch.id,A,1077,536,541,33
20539960,SMP AL-ISLAM KRIAN,SMP,SWASTA,Kab. Sidoarjo,Kec. Krian,Kyai Mojo 18,JERUK,61262,0318971281,admin@smpalislam-krian.sch.id,http://https://smpalislam-krian.sch.id/,A,1076,542,534,33
20522638,SMAN 2 SITUBONDO,SMA,NEGERI,Kab. Situbondo,Kec. Situbondo,JL. ANGGREK NO. 1,Lingk. Krajan,68312,0338671618,smadasit@yahoo.com,http://www.sman2situbondo.sch.id,A,1076,491,585,30
20532546,SMP NEGERI 29 SURABAYA,SMP,NEGERI,Kota Surabaya,Kec. Tambaksari,Prof Moestopo No. 4 Surabaya,PACAR KELING,60131,0315022766,smpnegeri29sby@gmail.com,http://smpn29surabaya.sch.id,A,1076,528,548,31
20535051,SMAN 2 BLITAR,SMA,NEGERI,Kota Blitar,Kec. Kepanjenkidul,JL. Ciliwung No. 396,Tanggung,66115,0342802229,sman2blitar@gmail.com,http://sman2blitar.sch.id,A,1075,420,655,31
20501749,SMP NEGERI 3 KRIAN,SMP,NEGERI,Kab. Sidoarjo,Kec. Krian,Jl. Raya Keboharan,Patoman,61262,0318971540,smpn3krn@yahoo.com,http://www.smpn3krian.com,A,1074,534,540,30
20542500,SMA NEGERI 1 TRENGGALEK,SMA,NEGERI,Kab. Trenggalek,Kec. Trenggalek,JL. SOEKARNO - HATTA NO.13,NGANTRU,66311,0355791401,smanesa_tgalek@yahoo.co.id,http://sman1trenggalek.sch.id,A,1073,394,679,30
20532231,SMAN 20 SURABAYA,SMA,NEGERI,Kota Surabaya,Kec. Sukolilo,JL. MEDOKAN SEMAMPIR,Medokan Semampir,60119,5935720,sman20surabaya@gmail.com,http://www.sman20surabaya.com,A,1073,485,588,30
20511935,UPTD SMPN 2 Pare,SMP,NEGERI,Kab. Kediri,Kec. Pare,Jl. Pahlawan Kusuma Bangsa No.2 Pare,Tulungrejo,64212,0354391256,smpn2parekdr@gmail.com,http://www.smpn2pare.sch.id,A,1072,531,541,30
20522640,SMAN 1 SITUBONDO,SMA,NEGERI,Kab. Situbondo,Kec. Situbondo,JL. PB. SUDIRMAN NO. 5A,Patokan,68312,671524,admin_smasa@sman1situbondo.sch.id,http://www.sman1situbondo.sch.id,A,1072,479,593,30
20523866,UNIT PELAKSANA TEKNIS DAERAH (UPTD) SATUAN PENDIDIKAN SMPN 1 JENGGAWAH,SMP,NEGERI,Kab. Jember,Kec. Jenggawah,Jl. Tempurejo No. 63 Jenggawah,Wonojati,68171,0331757327,smpnegerisatujenggawah@gmail.com,http://smpn1jenggawah.sch.id,A,1071,542,529,33
20532230,SMAN 2 SURABAYA,SMA,NEGERI,Kota Surabaya,Kec. Genteng,JL. WIJAYA KUSUMA NO. 48,Ketabang,60272,0315345972,info@sman2-sby.sch.id,http://www.sman2-sby.sch.id,A,1071,481,590,30
20507728,SMAN 2 MEJAYAN,SMA,NEGERI,Kab. Madiun,Kec. Mejayan,Jalan Panglima Sudirman No. 58,Sanggrahan,63153,0351383093,smandamejayan@gmail.com,http://sman2mejayan.sch.id,A,1070,387,683,30
20509318,SMAN 1 MAGETAN,SMA,NEGERI,Kab. Magetan,Kec. Magetan,JL. MONGINSIDI 24 MAGETAN,Selosari,63313,0351895076,kantor@smasa-magetan.sch.id,http://www.smasa-magetan.sch.id,A,1070,402,668,30
20527175,SMKN 3 PAMEKASAN,SMK,NEGERI,Kab. Pamekasan,Kec. Pamekasan,JL. KABUPATEN NO. 103 PAMEKASAN,Bugih,69316,0324322576,smkn3pmk@yahoo.com,http://smkn3pmk.sch.id,A,1070,438,632,38
20532550,SMP NEGERI 20 SURABAYA,SMP,NEGERI,Kota Surabaya,Kec. Sambi Kerep,Dukuh Kapasan I,DUKUH KAPASAN I,60217,0317405171,smpn20sby@gmail.com,http://www.smpn20sby.sch.id,A,1069,562,507,32
20519141,SMKS WALISONGO 2 GEMPOL,SMK,SWASTA,Kab. Pasuruan,Kec. Gempol,JL. CEMPAKA PUTIH NO. 8 GEMPOL,GEMPOL,67155,0343851457,smkwalisongo2.gempol@gmail.com,http://www.smkwalisongo2.sch.id,A,1068,1034,34,37
20525598,SMKS DARUSSALAM BLOKAGUNG,SMK,SWASTA,Kab. Banyuwangi,Kec. Tegalsari,JL. PONPES DARUSSALAM BLOKAGUNG,BLOKAGUNG,68491,081213734208,smkdblokagung@yahoo.co.id,http://smkblokagung.sch.id,A,1067,607,460,40
20503618,SMA PGRI 1 JOMBANG,SMA,SWASTA,Kab. Jombang,Kec. Jombang,JL. PATIMURA V / 73 JOMBANG,Sengon,61418,0321862424,grisasma@yahoo.co.id,http://www.smagrisa.sch.id,A,1067,430,637,28
20503414,SMA NEGERI 2 JOMBANG,SMA,NEGERI,Kab. Jombang,Kec. Jombang,JL. DR WAHIDIN S .1 JOMBANG,-,61418,0321861777,sman2jbg@gmail.com,http://www.smadajo.sch.id,A,1067,372,695,30
20510135,SMAN 1 BABADAN,SMA,NEGERI,Kab. Ponorogo,Kec. Babadan,JL. PERIKANAN,Pondok,63491,486657,sman1babadan@yahoo.com,http://www.sman1babadanponorogo.sch.id,A,1067,325,742,31
20535050,SMAN 1 BLITAR,SMA,NEGERI,Kota Blitar,Kec. Sananwetan,JL. A. YANI  112,Sananwetan,66131,0342801414,info@sman1blitar.sch.id,http://www.sman1blitar.sch.id,A,1067,442,625,30
20549611,SMKS 3 PANCASILA AMBULU,SMK,SWASTA,Kab. Jember,Kec. Ambulu,KOPRAL SUTOMO NO.266,Krajan,68172,0336881753,smks03pancasila@gmail.com,http://www.smk3pancasila.sch.id/index.php?id=tampil&kode=11&kd=17,A,1066,1056,10,34
20511868,UPTD SMPN 3 Pare,SMP,NEGERI,Kab. Kediri,Kec. Pare,Jl. Sumatera No.31,Gedangsewu Kulon,64214,0354392595,smp3pare@yahoo.com,http://uptdsmpn3pare.blogspot.co.id/,A,1065,535,530,30
20529954,SMA NEGERI 1 SUMENEP,SMA,NEGERI,Kab. Sumenep,Kec. Kota Sumenep,JL. PAYUDAN TIMUR  1,PANGLIGUR,69411,662368,sumenepsmansa@gmail.com,http://smansasumenep.sch.id,A,1065,457,608,30
20534371,SMP NEGERI 3 KEDIRI,SMP,NEGERI,Kota Kediri,Kec. Kota Kediri,Jl.joyoboyo 84 Kediri,,64125,0354682260,smpn3kediri.official@gmail.com,http://www.smpn3kota kediri.sch.id,A,1065,494,571,33
20535465,SMA NEGERI 2 PASURUAN,SMA,NEGERI,Kota Pasuruan,Kec. Purworejo,JL. PANGLIMA SUDIRMAN 163,KEBONAGUNG,67116,421059,sma2kotapasuruan@gmail.com,http://www.smadapas.sch.id,A,1065,444,621,30
20507704,SMKS PGRI 1 MEJAYAN,SMK,SWASTA,Kab. Madiun,Kec. Mejayan,JL. KOLONEL MARHADI NO. 25,KRONGGAHAN MEJAYAN,63153,0351383276,smkpgri_mejayan@yahoo.com,http://www.smkpgri1mejayan.sch.id,A,1064,706,358,39
20509322,SMAN 2 MAGETAN,SMA,NEGERI,Kab. Magetan,Kec. Magetan,Jl. Tripandita No. 2 Magetan,-,63319,0351895317,sma2_magetan@yahoo.com,http://www.sman2magetan.sch.id,A,1064,415,649,30
20538325,SMA NEGERI 1 TANJUNGANOM NGANJUK,SMA,NEGERI,Kab. Nganjuk,Kec. Tanjunganom,JL. PANGLIMA SUDIRMAN 84,Lingk. Jetis,64483,0358771543,uptdsmantan@gmail.com,http://www.smantan.sch.id,A,1063,367,696,30
20527237,SMAN 3 PAMEKASAN,SMA,NEGERI,Kab. Pamekasan,Kec. Pamekasan,JL. Pintu Gerbang 37,Bugih,69316,0324322290,sman3pmk@gmail.com,http://www.sman3pmk.sch.id,A,1063,494,569,30
20535052,SMAN 3 BLITAR,SMA,NEGERI,Kota Blitar,Kec. Sukorejo,JL. BENGAWAN SOLO,Pakunden,66122,807225,sman3blitar@gmail.com,http://www.sman3blitar.sch.id,A,1063,414,649,30
20532564,SMP NEGERI 6 SURABAYA,SMP,NEGERI,Kota Surabaya,Kec. Gubeng,Jalan Jawa No.24,gubeng,60281,0315013602,info@smpn6sby.sch.id,http://www.smpn6sby.sch.id,A,1062,530,532,32
20500478,SMAN 1 KEDAMEAN,SMA,NEGERI,Kab. Gresik,Kec. Kedamean,JL. RAYA SLEMPIT KEDAMEAN,Lingsir,61175,0317912431,admin@smanike-gresik.sch.id,http://www.smanike-gresik.sch.id/,A,1061,438,623,30
20527233,SMAN 1 PAMEKASAN,SMA,NEGERI,Kab. Pamekasan,Kec. Pamekasan,JL. PRAMUKA NO. 2,Mandilaras,69313,0324322697,sman1pamekasan@yahoo.co.id,http://www.sman1pmk.sch.id,A,1061,434,627,30
20500495, UPT SMP NEGERI 8 GRESIK,SMP,NEGERI,Kab. Gresik,Kec. Driyorejo,Jalan Raya Tenaru Driyorejo,Tenaru,61177,0317507318,smpn1driyorejo85@yahoo.com,http://smpn1driyorejo.page.tl,A,1060,528,532,33
20503413,SMA NEGERI 3 JOMBANG,SMA,NEGERI,Kab. Jombang,Kec. Jombang,JL. DR. SUTOMO 75 JOMBANG,JOMBATAN,61419,0321861439,kantor@sman3jombang.sch.id,http://www.sman3jombang.sch.id,A,1060,370,690,30
20520819,SMAN 3 LUMAJANG,SMA,NEGERI,Kab. Lumajang,Kec. Lumajang,JL. JEND. PANJAITAN NO. 79 LUMAJANG,Citrodiwangsan,67312,881057,info.sman3lumajang@gmail.com,http://www.sman3lumajang.sch.id,A,1060,425,635,30
20531130,SMA NEGERI 1 KAMAL BANGKALAN,SMA,NEGERI,Kab. Bangkalan,Kec. Kamal,JL. RAYA TELANG NO. 02 KAMAL,-,69162,0313011312,smanegeri1kamal@gmail.com,http://www.sman1kamal.sch.id,A,1059,493,566,31
20500412,SMKN 1 SIDAYU GRESIK,SMK,NEGERI,Kab. Gresik,Kec. Sidayu,JL. RAYA WADENG SIDAYU GRESIK,Brak,61153,08113199901,smkn1sidayugresik@gmail.com,http://www.smkn1sidayu.sch.id,A,1059,752,307,32
20510099,SMKN 1 SAWOO,SMK,NEGERI,Kab. Ponorogo,Kec. Sawoo,JL. ROUTE PB. JEND SOEDIRMAN NO. 02,Sawoo,63475,0352313340,smkn1sawoo@gmail.com,http://www.smkn1sawooponorogo.sch.id,A,1059,749,310,33
20534369,SMP NEGERI 5 KEDIRI,SMP,NEGERI,Kota Kediri,Kec. Pesantren,Jl. Raya Kleco,KLECO,64132,0354682280,smpnegeri5kotakediri@gmail.com,http://www.smpn5kediri.sch.id,A,1058,526,532,33
20532542,SMP NEGERI 25 SURABAYA,SMP,NEGERI,Kota Surabaya,Kec. Sukomanunggal,Jl. Simo Mulyo No. 25 Surabaya,simomulyo,60181,0315324802,smpnegeri25.sby@gmail.com,http://smpn25surabaya.blogspot.com,A,1058,537,521,34
20533665,SMA NEGERI 3 KOTA MALANG ,SMA,NEGERI,Kota Malang,Kec. Klojen,JL. SULTAN AGUNG UTARA NO. 7,-,65111,0341324768,humas@sman3-malang.sch.id,http://www.sman3-malang.sch.id,A,1056,425,631,30
20502723,SMAN 1 KUTOREJO,SMA,NEGERI,Kab. Mojokerto,Kec. Kutorejo,JL. LAPANGAN NO.2,Kutorejo,61383,0321511232,sman1kutorejo.mojokerto@gmail.com,http://https://sman1kutorejo.sch.id,A,1055,428,627,30
20574699,SMK QUEEN AL-FALAH MOJO,SMK,SWASTA,Kab. Kediri,Kec. Mojo,Jl. Raya Kebanan-Ploso Ds. Ploso Kec. Mojo,Kebanan,64162,03544520550,smkqueenalfalah@yahoo.com,http://www.smkqueenalfalah.sch.id,B,1054,783,271,35
20511959,SMA NEGERI 1 KANDANGAN KABUPATEN KEDIRI,SMA,NEGERI,Kab. Kediri,Kec. Kandangan,JL. HAYAM WURUK NO.96 KANDANGAN,KEBONDALEM,64294,0354326759,sman_kandangan@yahoo.com,http://www.sman1kandangan.sch.id,A,1053,383,670,30
20511945,UPTD SMPN 1 Gurah,SMP,NEGERI,Kab. Kediri,Kec. Gurah,Jl. Seruji 8 Gurah Kediri,Gurah,64181,0354545323,smpn1gurah@gmail.com,http://www.smpn1gurah.sch.id,A,1053,507,546,30
20546533,SMAN 1 GENDING,SMA,NEGERI,Kab. Probolinggo,Kec. Gending,JL. RAYA SEBAUNG - GENDING,Krajan,67272,611273,sman1gending.kab.probolinggo@gmail.com,http://www.sman1gending.sch.id,A,1053,467,586,30
20532248,SMAN 5 SURABAYA,SMA,NEGERI,Kota Surabaya,Kec. Genteng,JL. KUSUMA BANGSA  21,Ketabang,60272,5345155,info@sman5sby.sch.id,https://sman5sby.sch.id,A,1053,487,566,30
20514351,SMAN 1 GARUM,SMA,NEGERI,Kab. Blitar,Kec. Garum,JL. RAYA BENCE GARUM,-,66182,561395,sman_garum@yahoo.com,http://sman1garum.sch.id,A,1052,310,742,30
20511951,SMA NEGERI 1 PLOSOKLATEN KABUPATEN KEDIRI ,SMA,NEGERI,Kab. Kediri,Kec. Plosoklaten,DS.KAWEDUSAN PLOSOKLATEN,BULUREJO,64175,0354546868,sman1plosoklaten@gmail.com,http://www.sman1plosoklaten.sch.id,A,1052,365,687,30
20517504,SMP NEGERI 4 KEPANJEN,SMP,NEGERI,Kab. Malang,Kec. Kepanjen,JL. KAWI NO. 3 ,Cepokomulyo,65163,0341395013,smpn4_kepanjen@yahoo.co.id,http://smpn4kepanjen.sch.id,A,1052,506,546,33
20501698,SMAN 1 WONOAYU,SMA,NEGERI,Kab. Sidoarjo,Kec. Wonoayu,JL. RAYA PAGERNGUMBUK,PAGERNGUMBUK,61261,0318977980,info@sman1wonoayu.sch.id,http://www.sman1wonoayu.sch.id,A,1052,391,661,30
20533661,SMA NEGERI 10 KOTA MALANG,SMA,NEGERI,Kota Malang,Kec. Kedungkandang,JL. DANAU GRATI  NO. 1,Sawojajar,65139,719300,sman10malang@yahoo.com,http://www.sman10malang.sch.id,A,1051,438,613,30
20532244,SMAN 11 SURABAYA,SMA,NEGERI,Kota Surabaya,Kec. Tandes,"Perumnas Tandes I, Manukan Kulon, Tandes Surabaya",-,60185,0317405420,smaxisurabaya@gmail.com,http://https://www.sman11surabaya.sch.id,A,1051,406,645,30
20532233,SMAN 22 SURABAYA,SMA,NEGERI,Kota Surabaya,Kec. Wiyung,JL. BALAS KLUMPRIK WIYUNG,Sumberan,60222,0317664530,sman22surabaya@gmail.com,http://www.sman22sby.sch.id,A,1051,441,610,30
20549236,SMKS 1 PANCASILA AMBULU,SMK,SWASTA,Kab. Jember,Kec. Ambulu,JL. RONGGOLAWE NO.05,Sumberan,68172,0336881302,smk1pancasila_ambulu@yahoo.co.id,http://www.smk1pancasila.sch.id,A,1050,272,778,33
20534367,SMP NEGERI 7 KEDIRI,SMP,NEGERI,Kota Kediri,Kec. Kota Kediri,Jl. Ngasinan No.54 Kediri,REJOMULYO,64129,0354685061,smpn7kediri@gmail.com,http://www.smpn7kediri.sch.id,A,1050,550,500,33
20534175,SMKN 5 MADIUN,SMK,NEGERI,Kota Madiun,Kec. Manguharjo,JL. MERAK 5 MADIUN,-,63128,0351464575,smkn5kotamadiun@gmail.com,http://smkn5madiun.sch.id,A,1049,661,388,35
20523836,SMAN 3 JEMBER,SMA,NEGERI,Kab. Jember,Kec. Kaliwates,Jl Basuki Rahmad No. 26,Gumuksari,68132,0331332282,info@sman3-jember.sch.id,sman3-jember.sch.id,A,1048,462,586,30
20532232,SMAN 21 SURABAYA,SMA,NEGERI,Kota Surabaya,Kec. Sawahan,JL. ARGOPURO 11 - 15,Sawahan,60251,5350753,sman21_sby@yahoo.co.id,http://www.sman21surabaya.sch.id,A,1048,423,625,30
20509317,SMAN 1 MAOSPATI,SMA,NEGERI,Kab. Magetan,Kec. Maospati,JL. RAYA MAOSPATI-MAGETAN  NO. 999,Malang,63392,869048,smanegeri1maospati@yahoo.com,http://www.smanti.sch.id,A,1047,374,673,30
20542535,SMKS DARUT TAQWA,SMK,SWASTA,Kab. Pasuruan,Kec. Purwosari,JL. PESANTREN NGALAH NO. 16,Pandean,67162,0343612026,smkdaruttaqwapurwosari@gmail.com,http://https://smkdaruttaqwapurwosari.sch.id,B,1047,738,309,38
20546800,SMP MUHAMMAD SHODIQ,SMP,SWASTA,Kab. Probolinggo,Kec. Maron,Dusun Krajan Rt 07 Rw 02,KRAJAN,67276,085336388939,smpmuhammadshodiq789@gmail.com,http://smpmuhammadshodiq.sch.id/,B,1047,316,731,27
20537271,SMP NEGERI 1 BANDUNG,SMP,NEGERI,Kab. Tulungagung,Kec. Bandung,Jl. Raya Bandung-Prigi,Contong,66274,0355531184,smpsatubandung@yahoo.co.id,http://smpn1bandung-tlg.sch.id/,A,1046,550,496,30
20536818,SMAN 2 BATU,SMA,NEGERI,Kota Batu,Kec. Junrejo,JL. HASANUDIN JUNREJO,Jeding,65321,0341465454,smanduabatu@gmail.com,http://www.sman2batu.sch.id,A,1046,410,636,30
20514349,SMAN 1 KESAMBEN,SMA,NEGERI,Kab. Blitar,Kec. Kesamben,JL. BROMO KOTAK POS 14 KESAMBEN,Kesamben,66191,0342331397,info@sman1kesamben.sch.id,http://www.sman1kesamben.sch.id,A,1044,323,721,30
20506255,SMA NEGERI 1 SUKODADI LAMONGAN,SMA,NEGERI,Kab. Lamongan,Kec. Sukodadi,Jl. Pandu No. 32 Sukodadi,Merjoyo,62253,0322390010,sman1sukodadi@yahoo.co.id,http://www.smansukodadi.sch.id,A,1043,435,608,30
20509319,SMAN 1 KAWEDANAN,SMA,NEGERI,Kab. Magetan,Kec. Kawedanan,JL. Raya Genengan,GENENGAN,63382,439255,sman1kawedanan@yahoo.com,http://www.sman1kawedanan.sch.id,A,1043,335,708,30
20525573,SMP PLUS DARUSSALAM,SMP,SWASTA,Kab. Banyuwangi,Kec. Tegalsari,Jl. Ponpes Darussalam Blokagung,Blokagung,68485,082311161994,smpplusdarussalambwi@gmail.com,http://www.smpplusdarussalamblokagung.sch.id,A,1042,460,582,31
20538371,SMP NEGERI 1 TANJUNGANOM,SMP,NEGERI,Kab. Nganjuk,Kec. Tanjunganom,Jln. Basuki Rahmat No. 63 Tanjunganom,Lingk Kujonmanis,64483,0358771655,smpn1tanjunganom@gmail.com,http://www.smpn1tanjunganom.sch.id,A,1041,539,502,33
69827649,SMKS MUHAMMADIYAH 1 PANDAAN,SMK,SWASTA,Kab. Pasuruan,Kec. Pandaan,JL. RAYA PANDAAN - BANGIL KM. 2 KEBONWARIS,Kebonwaris,67156,0343630049,smksmutupandaan@gmail.com,https://www.smk-mutupandaan.sch.id/,A,1041,301,740,38
20532261,SMAN 7 SURABAYA,SMA,NEGERI,Kota Surabaya,Kec. Genteng,JL. NGAGLIK  27 - 29,-,60273,0313718085,sman7sby@ymail.com,http://www.sman7surabaya.sch.id,A,1040,459,581,30
20503401,SMP DARUL ULUM 1 PETERONGAN,SMP,SWASTA,Kab. Jombang,Kec. Peterongan,Jl. Rejoso Peterongan Jombang 61481,PETERONGAN,61481,0321860226,smpdu1_ptrg@yahoo.com,http://www.smpdu1.sch.id,A,1039,522,517,32
20501781,SMP NEGERI 1 CANDI,SMP,NEGERI,Kab. Sidoarjo,Kec. Candi,Jl. Mojopahit 7,LARANGAN,61271,0318941105,candismpn@gmail.com,http://smpn1candi.sch.id/,A,1039,539,500,30
20501738,SMP NEGERI 2 WARU SIDOARJO,SMP,NEGERI,Kab. Sidoarjo,Kec. Waru,Komp. Kepuh Permai,Kepuh Kiriman,61256,8661775,smpnegeri2warusidoarjo@yahoo.co.id,http://www.smpn2waru.sch.id,A,1039,491,548,33
20504500,SMAN 1 BOJONEGORO,SMA,NEGERI,Kab. Bojonegoro,Kec. Bojonegoro,JL. PANGLIMA SUDIRMAN NO. 28 BOJONEGORO 62111,,62111,0353881574,sman1bojonegoro@yahoo.com,http://sman1bojonegoro.sch.id,A,1038,393,645,29
69765031,SMK NEGERI 1 SEMEN KABUPATEN KEDIRI,SMK,NEGERI,Kab. Kediri,Kec. Semen,"DS. TITIK, SEMEN (EX. SDN SEMEN 2)",Titik,64161,03546024738,smkn1semen@gmail.com,http://smkn1semen.sch.id,A,1038,672,366,30
69965840,SMA ISLAM ASSYAFIAH,SMA,SWASTA,Kab. Nganjuk,Kec. Loceret,"Dusun Mojosari, Desa Ngepeh, Loceret",Mojosari,64471,085749378805,smaislamassyafiah@gmail.com,https://assyafiah.sch.id/,A,1038,289,749,30
20522655,SMAN 1 ASEMBAGUS,SMA,NEGERI,Kab. Situbondo,Kec. Asembagus,JL. AWAR - AWAR NO. 999,-,68373,0338451240,smaba86@gmail.com,http://sman1asembagus.sch.id,A,1038,554,484,30
20525855,SMAN 1 GIRI,SMA,NEGERI,Kab. Banyuwangi,Kec. Giri,JL. H.O.S. COKROAMINOTO NO. 38,CUNGKING,68425,0333421719,smangiri1@gmail.com,http://sman1giri.sch.id,A,1037,437,600,29
20534407,SMK PAWYATAN DAHA 1 KEDIRI,SMK,SWASTA,Kota Kediri,Kec. Kota Kediri,Jl. Slamet Riyadi No. 66  Kota Kediri,-,64124,0354687200,smkdaha1kdr@gmail.com,http://www.smkpawyatandaha1kediri.sch.id,A,1037,263,774,31
20525597,SMKS MUHAMMADIYAH 1 GENTENG,SMK,SWASTA,Kab. Banyuwangi,Kec. Genteng,JL. KH.Ahmad Dahlan Nomor.10,Resomulyo,68465,0333845605,smkmuhi.genteng1968@gmail.com,http://https://www.smkmuhigenteng.com/,A,1036,407,629,32
20538395,SMA NEGERI 1 PRAMBON NGANJUK,SMA,NEGERI,Kab. Nganjuk,Kec. Prambon,JL. A. YANI 1 SUGIHWARAS PRAMBON,SUGIHWARAS,64484,791437,smanprambon@gmail.com,http://sman1prambon.sch.id/,A,1036,344,692,30
20574675,SMAN 4 BLITAR,SMA,NEGERI,Kota Blitar,Kec. Kepanjenkidul,Jl. Melati No. 49,-,66111,0342805091,sman4blitar@yahoo.com,http://www.sman4blitar.sch.id,A,1035,430,605,30
20551724,SMAN 1 SUTOJAYAN,SMA,NEGERI,Kab. Blitar,Kec. Sutojayan,JL. DIPONEGORO NO. 103 SUTOJAYAN,Dadapan,66172,0342441352,sman1sutojayan1983@gmail.com,http://www.sman1sutojayan.sch.id,A,1034,325,709,30
20511954,SMA NEGERI 1 PAPAR KABUPATEN KEDIRI ,SMA,NEGERI,Kab. Kediri,Kec. Papar,"JL. RAYA  382 JANTI,PAPAR",JANTI,64153,0354529288,stupakediri@gmail.com,http://sman1papar.sch.id,A,1034,457,577,30
20511931,UPTD SMPN 4 Pare,SMP,NEGERI,Kab. Kediri,Kec. Pare,Jalan Merbabu,Pare,64211,035439108,stafsmp4pare@gmail.com,http://smpn4pare.sch.id,A,1034,557,477,30
20511960,SMA NEGERI 1 GURAH KABUPATEN KEDIRI,SMA,NEGERI,Kab. Kediri,Kec. Gurah,JL.BALONGSARI NO.3 DS.GURAH KEC.GURAH,GURAH,64181,548215,smagurah@yahoo.co.id,http://sman1gurah.sch.id,A,1033,368,665,30
20506240,SMA NEGERI 1 SEKARAN,SMA,NEGERI,Kab. Lamongan,Kec. Sekaran,JL. TELAGA NO. 07 DESA BULUTENGGER KECAMATAN SEKARAN,Bulutengger,62261,08113027444,smanska99@gmail.com,http://smanegeri1sekaran.sch.id,A,1033,444,589,29
20533664,SMA NEGERI 2 KOTA MALANG,SMA,NEGERI,Kota Malang,Kec. Klojen,JL. LAKS. MARTADINATA  84,-,65118,0341366311,humas@sman2-malang.sch.id,http://www.sman2-malang.sch.id,A,1033,350,683,30
20532548,SMP NEGERI 22 SURABAYA,SMP,NEGERI,Kota Surabaya,Kec. Gayungan,Jl. Gayungsari Barat X / 38,Gayungan,60235,0318290075,dapudasurabaya@gmail.com,http://www.smpn22sby.sch.id,A,1033,486,547,31
20523848,SMAN 2 TANGGUL,SMA,NEGERI,Kab. Jember,Kec. Tanggul,JL. SALAK 126,Krajan,68155,0336441014,sma2_tanggul39@yahoo.com,http://www.smanegeri2tanggul.sch.id,A,1032,391,641,30
20519143,SMKS TEKSTIL PANDAAN,SMK,SWASTA,Kab. Pasuruan,Kec. Pandaan,JL. PAHLAWAN SUNARYO NO. 2 PANDAAN,KUTI II,67156,0343641835,info@smktekstilpandaan.sch.id,http://www.smktekstilpandaan.sch.id,A,1030,802,228,34
20534748,SMAN 1,SMA,NEGERI,Kota Mojokerto,Kec. Prajurit Kulon,JL. IRIAN JAYA NO. 1,Kranggan,61321,0321322735,sman1kotamojokerto@yahoo.com,http://www.sman1mojokerto.sch.id,A,1030,402,628,29
20500546,SMP SUNAN GIRI MENGANTI,SMP,SWASTA,Kab. Gresik,Kec. Menganti,Jalan Raya Sunan Giri No. 16 RT. 006 RW. 003,MENGANTI,61174,0317913305,smpsunangirimenganti@yahoo.com,http://www.smpsunangirimenganti.com,A,1029,512,517,33
20584015,SMAS UNGGULAN AMANATUL UMMAH ,SMA,SWASTA,Kota Surabaya,Kec. Wonocolo,JL. SIWALANKERTO UTARA II NO. 33 SURABAYA,-,60236,0318476071,smau.au9@gmail.com,http://www.smauau-sby.sch.id,A,1028,457,571,29
20562087,SMK NEGERI 1 BANYUANYAR,SMK,NEGERI,Kab. Probolinggo,Kec. Banyuanyar,JL. Klenang Lor No. 100 ,ALASTIANG,67275,0335613348,smknegeri1.banyuanyar@gmail.com,http://www.smkn1banyuanyar.sch.id,B,1026,726,300,30
20525717,SMP NEGERI 1 SILIRAGUNG,SMP,NEGERI,Kab. Banyuwangi,Kec. Siliragung,Jl. Bhayangkara No. 36,KRAJAN,68488,082244778930,smpn1siliragung@gmail.com,http://,A,1025,485,540,29
20523892,UNIT PELAKSANA TEKNIS DAERAH (UPTD) SATUAN PENDIDIKAN SMPN 7 JEMBER,SMP,NEGERI,Kab. Jember,Kec. Patrang,Jl. Cendrawasih 22,slawu,68116,486475,smp7jember@gmail.com,http://,A,1025,544,481,33
20503371,SMK NEGERI KUDU,SMK,NEGERI,Kab. Jombang,Kec. Kudu,JL. TAPEN LOR,Tapen lor,61454,0321889497,smkn1kudu@gmail.com,http://smknkudu.sch.id,A,1025,736,289,30
20511958,SMA NEGERI 1 KANDAT KABUPATEN KEDIRI ,SMA,NEGERI,Kab. Kediri,Kec. Kandat,"JL. RAYA PULE NO.71,Ds.PULE,KEC.KANDAT",PULE SELATAN,64173,478007,smanegeri1kandat@gmail.com,http://www.sman1kandat.sch.id,A,1024,382,642,30
20506291,SMA NEGERI 1 PACIRAN LAMONGAN,SMA,NEGERI,Kab. Lamongan,Kec. Paciran,JL. RY KANDANGSEMANGKON,Kandang,62264,661632,sman1.paciran@yahoo.co.id,http://sman1paciran.sch.id,A,1024,407,617,28
20533667,SMA NEGERI 4 KOTA MALANG,SMA,NEGERI,Kota Malang,Kec. Klojen,JL. TUGU UTARA NO. 1,KLOJEN,65111,0341325267,info@sman4malang.sch.id,http://www.sman4malang.sch.id,A,1024,403,621,30
20533660,SMA NEGERI 1 KOTA MALANG,SMA,NEGERI,Kota Malang,Kec. Klojen,JL. TUGU UTARA  1,-,65111,366454,tu_sman1malang@yahoo.com,http://www.sman1-mlg.sch.id,A,1024,354,670,30
20532552,SMP NEGERI 14 SURABAYA,SMP,NEGERI,Kota Surabaya,Kec. Pakal,Jl.jurang Kuping Benowo,,60195,0317406556,smpn14_sby@yahoo.com,http://www.smpn14-surabaya.sch.id,A,1024,532,492,34
20511949,SMA NEGERI 1 PURWOASRI KABUPATEN KEDIRI ,SMA,NEGERI,Kab. Kediri,Kec. Purwoasri,Jln. Pahlawan Ds. Ketawang Kec. Purwoasri,Ketawang,64154,0354529619,smapurkediri@gmail.com,https://sman1purwoasri.sch.id/,A,1023,403,620,30
20506385,SMP NEGERI 2 LAMONGAN,SMP,NEGERI,Kab. Lamongan,Kec. Lamongan,Jl. Veteran Nomor 3 Lamongan,BANJAR MENDALAN,62212,0322321490,smpnegeri2lmg@gmail.com,http://smpnegeri2lamongan.sch.id/,A,1022,496,526,31
20511943,UPTD SMPN 1 Kepung,SMP,NEGERI,Kab. Kediri,Kec. Kepung,"Ds. Brumbung, Kec. Kepung, Kab. Kediri",Pucanganom,64293,0354326510,smpn1brumbung@gmail.com,http://smpnegerisatukepung.sch.id/,A,1021,471,550,30
20501726,SMP NEGERI 2 SUKODONO,SMP,NEGERI,Kab. Sidoarjo,Kec. Sukodono,Ds. Plumbungan No. 05,Plumbungan,61258,0318831090,smp2sdn@yahoo.co.id,http://www.smpn2-sukodono.sch.id,A,1021,535,486,30
20533652,SMA NEGERI 6 KOTA MALANG,SMA,NEGERI,Kota Malang,Kec. Kedungkandang,JL. Mayjen Sungkono 58,-,65136,0341752036,surat@smanegeri6malang.sch.id,http://smanegeri6malang.sch.id,A,1021,414,607,30
20532553,SMP NEGERI 15 SURABAYA,SMP,NEGERI,Kota Surabaya,Kec. Kenjeran,H. M. NOER No.352 SURABAYA,TANAH KALI KEDINDING,60129,0313814543,smpn15sby@gmail.com,http://www.smpn15sby@atwebpages.com,A,1021,491,530,30
20523823,SMAN KALISAT,SMA,NEGERI,Kab. Jember,Kec. Kalisat,JALAN KI HAJAR DEWANTARA 42,Krajan,68193,591084,smankalisat42@yahoo.com,http://www.smankalisat.sch.id,A,1020,517,503,29
20503416,SMA NEGERI JOGOROTO,SMA,NEGERI,Kab. Jombang,Kec. Jogoroto,JL. RAYA JOGOROTO 75 B,JOGOROTO,61485,865469,sman_jojo@yahoo.co.id,http://www.smanjogoroto.sch.id,A,1020,340,680,30
20517475,SMP NEGERI 1 KEPANJEN,SMP,NEGERI,Kab. Malang,Kec. Kepanjen,JL. ADIWACANA NO.19 ARDIREJO ,ARDIREJO,65163,0341395236,smpnegeri_1kepanjen@yahoo.com,http://,A,1020,517,503,33
20527236,SMAN 2 PAMEKASAN,SMA,NEGERI,Kab. Pamekasan,Kec. Pademawu,JL. JOKOTOLE NO. 234,-,69321,322133,sman2pmksn@gmail.com,http://sman2pamekasan.sch.id,A,1020,536,484,30
20501732,SMP NEGERI 2 CANDI,SMP,NEGERI,Kab. Sidoarjo,Kec. Candi,JL. Ngampelsari NO. 64,Ngampelsari,61271,0318961942,smpncandi2sidoarjo@gmail.com,http://www.smpn2candi.sch.id,A,1020,516,504,30
20511849,UPTD SMPN 1 Wates,SMP,NEGERI,Kab. Kediri,Kec. Wates,Jln. Raya Kediri No.3 Wates,Pesanggrahan,64174,0354442440,smpn1wates_kab_kediri@yahoo.co.id,http://www.smpnegeri1wates.sch.id,A,1019,479,540,30
20570689,SMP NEGERI 46 SURABAYA,SMP,NEGERI,Kota Surabaya,Kec. Sawahan,Jl. Mayjen Sungkono No.124,,60256,03199532499,smpn46sby@mail.com,http://www.smpn46surabaya.sch.id,A,1019,539,480,30
20507726,SMAN 1 GEGER,SMA,NEGERI,Kab. Madiun,Kec. Geger,Jl. Raya Uteran. No.634,Karanganyar,63171,0351367070,sman1geger.mdn@gmail.com,http://www.sman1geger.sch.id,A,1018,352,666,30
20517742,SMKS NU MIFTAHUL HUDA KEPANJEN,SMK,SWASTA,Kab. Malang,Kec. Kepanjen,JL. RAYA MOJOSARI 03 KEPANJEN,Mojosari,65163,0341399379,smknu_mifda@yahoo.com,http://smknumiftahulhuda.sch.id,B,1017,739,278,33
20511899,UPTD SMPN 1 Grogol,SMP,NEGERI,Kab. Kediri,Kec. Grogol,Jl. Raya Gringging 195,SONOREJO,64151,0354773677,smpn1grogolkediri@gmail.com,smpn1grogol.sch.id,A,1016,493,523,30
20525860,SMAN PURWOHARJO,SMA,NEGERI,Kab. Banyuwangi,Kec. Purwoharjo,JL. SLAMET COKRO,CURAHPECAK,68483,0333396475,sman1pwhj@yahoo.co.id,http://smanpurwoharjo.sch.id,A,1014,372,642,29
20517738,SMAN 1 DAMPIT,SMA,NEGERI,Kab. Malang,Kec. Dampit,JL. GUNUNG JATI 1138 DAMPIT,DAMPIT,65181,0341896285,sma.dampit@yahoo.co.id,http://www.sman1dampit.sch.id,A,1014,324,690,30
20507732,SMAN 1 NGLAMES,SMA,NEGERI,Kab. Madiun,Kec. Madiun,JL RAYA NGLAMES ,Gunung Sari,63151,463506,sma1nglames@yahoo.co.id,http://www.sma1nglames.sch.id,A,1013,420,593,29
20522641,SMAN 1 PANJI,SMA,NEGERI,Kab. Situbondo,Kec. Panji,Jalan Argopuro No 1 A,Mimbaan,68322,671936,smajisitubondo@gmail.com,http://www.sman1panji.sch.id,A,1013,544,469,30
20514348,SMAN 1 PONGGOK,SMA,NEGERI,Kab. Blitar,Kec. Ponggok,JL. RAYA GEMBONGAN PONGGOK,GEMBONGAN,66153,0342551528,info_sman1ponggok@yahoo.com,http://www.sman1ponggok.sch.id,A,1010,385,625,30
20500496, UPT SMP NEGERI 5 GRESIK,SMP,NEGERI,Kab. Gresik,Kec. Cerme,Jl. Raya Cerme Kidul 69,,61171,0317990030,smpn5gresik@gmail.com,http://smpn1cerme.sch.id,A,1007,490,517,31
70007563,SMP UBQ NURUL ISLAM,SMP,SWASTA,Kab. Mojokerto,Kec. Pungging,Dusun Panggreman,Panggreman,61384,,smp.ubq.nuris@gmail.com,http://,A,1007,545,462,32
20551645,SMAN 1 PAITON,SMA,NEGERI,Kab. Probolinggo,Kec. Paiton,JL. PAKUNIRAN PAITON,Sukodadi,67291,771054,smanpaiton@gmail.com,http://sman1paiton.sch.id,A,1007,531,476,29
20534120,SMAN 5 MADIUN,SMA,NEGERI,Kota Madiun,Kec. Taman,JL. MASTRIP 29 MADIUN,MOJOREJO,63139,454169,sman5madiun@gmail.com,http://sman5madiun.sch.id,A,1007,404,603,29
20514350,SMAN 1 KADEMANGAN,SMA,NEGERI,Kab. Blitar,Kec. Kademangan,JL. KRESNA 29,KADEMANGAN,66161,0342804485,smankademangan@yahoo.co.id,http://sman1kademanganblitar.sch.id/,A,1006,395,611,30
20534119,SMAN 6 MADIUN,SMA,NEGERI,Kota Madiun,Kec. Taman,JL. SUHUD NOSINGO 1,-,63132,0351453448,sman6madiun@gmail.com,http://www.sma6madiun.sch.id,A,1005,393,612,28
20525601,SMAN DARUSSHOLAH SINGOJURUH,SMA,NEGERI,Kab. Banyuwangi,Kec. Singojuruh,Jl. Aruji Karta Winata No. 39,Gumirih,68464,0333635381,smandarussholah@ymail.com,http://smandarussholah.sch.id,A,1003,432,571,29
20525587,SMAN 1 TEGALDLIMO,SMA,NEGERI,Kab. Banyuwangi,Kec. Tegaldlimo,JL. WIJAYA KUSUMA NO.1,RINGIN ANOM,68484,03335980275,tu_smanteg@yahoo.co.id,http://www.sman1tegaldlimo.sch.id,A,1003,371,632,29
20528662,SMAN 1 SAMPANG,SMA,NEGERI,Kab. Sampang,Kec. Sampang,JLN. JAKSA AGUNG SUPRAPTO  73,Barisan,69213,321508,smansasampang1@gmail.com,https://smansampang1.sch.id/,A,1003,424,579,28
20508544,SMP NEGERI 1 NGAWI,SMP,NEGERI,Kab. Ngawi,Kec. Ngawi,Jl. Ronggowarsito No. 1 Ngawi,Ketanggi,63211,0351749142,smpn1ngawijatim@gmail.com,http://www.smpn1ngawi.sch.id,A,1001,457,544,30
20508472,SMAN 1 JOGOROGO,SMA,NEGERI,Kab. Ngawi,Kec. Jogorogo,JL. RAYA JOGOROGO - NGAWI,GENGGONG,63262,0351730357,sman1jogorogo@yahoo.com,http://smanegeri1jogorogo.sch.id,A,1001,378,623,29
20531224,SMK NEGERI 1 BANGKALAN,SMK,NEGERI,Kab. Bangkalan,Kec. Bangkalan,JL. KENANGA 4 BANGKALAN,-,69116,0313095054,smkn1bangkalan@gmail.com,http://smkn1bangkalan.sch.id,B,999,671,328,38
20508501,SMP NEGERI 2 NGAWI,SMP,NEGERI,Kab. Ngawi,Kec. Ngawi,Jl. Jaksa Agung Suprapto No. 7 Ngawi,Cabean Kidul,63211,0351749136,smpn2.ngw@gmail.com,http://www.smpn2ngawi.sch.id,A,999,478,521,29
20519303,SMA NEGERI 1 BANGIL,SMA,NEGERI,Kab. Pasuruan,Kec. Bangil,JL. BADER NO. 3 KALIREJO BANGIL,KALIREJO,67153,741873,smanegeri1bangil@gmail.com,http://www.sman1bangil.sch.id,A,999,394,605,28
20503475,SMP NEGERI 3 PETERONGAN,SMP,NEGERI,Kab. Jombang,Kec. Peterongan,Ponpes Darul Ulum Peterongan Jombang,Rejoso,61481,6285607076173,smpn3.ppdu@gmail.com,http://smpn3peteronganppdu.sch.id/,A,998,414,584,32
20519170,SMPN 2 BANGIL,SMP,NEGERI,Kab. Pasuruan,Kec. Bangil,JL.BADER NO.2,Kalirejo,67153,0343741977,sempbada@gmail.com,http://www.smpn2bangil.sch.id,A,998,549,449,30
20532692,SMKS TEKNIK PAL SURABAYA,SMK,SWASTA,Kota Surabaya,Kec. Pabean Cantian,JL. UJUNG SURABAYA,Ujung Surabaya,60156,0313286812,smk_teknikpal@yahoo.com,http://smkteknikpal.sch.id,A,998,930,68,28
20532247,SMAN 4 SURABAYA,SMA,NEGERI,Kota Surabaya,Kec. Tambaksari,JL. Mayjen Prof. DR. Moestopo No. 04,Gubeng Masjid,60131,0315015455,tetrasmasby@gmail.com,http://sman4sby.sch.id,A,998,407,591,29
20501745,SMP NEGERI 3 WARU,SMP,NEGERI,Kab. Sidoarjo,Kec. Waru,Jl. Jend. S. Parman No. 30,WARU,61256,0318531398,smpn3waru@yahoo.com,http://smpn3warusda.sch.id/,A,997,498,499,28
20532559,SMP NEGERI 2 SURABAYA,SMP,NEGERI,Kota Surabaya,Kec. Krembangan,Jl. Kepanjen 1 Surabaya,Krembangan Selatan,60175,0313522836,smpnegeri2surabaya@gmail.com,http://spendasby.weebly.com,A,996,474,522,31
20532554,SMP NEGERI 16 SURABAYA,SMP,NEGERI,Kota Surabaya,Kec. Karang Pilang,Jl. Mastrip Bogangin GG.I,Kedurus,60223,0317662387,smpn_16@yahoo.co.id,http://smpn16sby.sch.id/,A,995,479,516,32
20540294,SMA DARUL ULUM 2 UNGGULAN BPPT,SMA,SWASTA,Kab. Jombang,Kec. Peterongan,Pondok Pesantren Darul Ulum Rejoso Peterongan Jombang,Pesantren,61481,865265,smadu2@yahoo.com,http://smulandu2-jbg.sch.id,A,994,415,579,30
20503408,SMA NEGERI MOJOAGUNG,SMA,NEGERI,Kab. Jombang,Kec. Mojoagung,JL. JANTI NO.18  MOJOAGUNG,-,61482,0321495408,smun1mojoagung@yahoo.com,http://www.smanmojoagung.sch.id,A,993,373,620,28
20511847,UPTD SMPN 2 Grogol,SMP,NEGERI,Kab. Kediri,Kec. Grogol,Jalan Raya Gringging 199,Sonorejo,64151,0354773468,smpn2grogol_spadagro@yahoo.co.id,http://www.smpn2grogol.sch.id,A,993,537,456,30
69900100,SMA MUHAMMADIYAH 10,SMA,SWASTA,Kota Surabaya,Kec. Genteng,Jl. Genteng Muhammadiyah No 45,genteng,60275,5352707,smamuh10sby@gmail.com,http://smaprestasi.sch.id,A,993,549,444,28
20531213,UPTD SMP NEGERI 2 BANGKALAN,SMP,NEGERI,Kab. Bangkalan,Kec. Bangkalan,Jl. KH. Hasyim Asyari No 20,Pangeranan,69115,0313095059,smpn_2bangkalanl@yahoo.com,http://www.uptdsmpn2bangkalan.sch.id,A,992,498,494,30
20511955,SMA NEGERI 1 NGADILUWIH KABUPATEN KEDIRI ,SMA,NEGERI,Kab. Kediri,Kec. Ngadiluwih,JL. PUSKESMAS BRANGGAHAN NGADILUWIH,BUDIMULYO,64171,0354477494,sman1ngadiluwih@yahoo.co.id,http://sma1ngadiluwih.sch.id,A,992,422,570,29
20563907,SMKN 1 TROWULAN,SMK,NEGERI,Kab. Mojokerto,Kec. Trowulan,JLN. MAWAR 1,Trowulan,61362,03214890348,smkn1trowulan@yahoo.com,http://smkn1trowulan.sch.id/,A,992,600,392,31
20523851,UNIT PELAKSANA TEKNIS DAERAH (UPTD) SATUAN PENDIDIKAN SMPN 1 JEMBER,SMP,NEGERI,Kab. Jember,Kec. Kaliwates,Jl. Dewi Sartika 1 Jember,Kepatihan,68137,0331486988,infosmpn1jember@gmail.com,http://www.smpnegeri1jember.sch.id,A,991,505,486,30
20503509,SMP NEGERI 1 JOMBANG,SMP,NEGERI,Kab. Jombang,Kec. Jombang,Jl. Bupati R. Soedirman No. 63 ,SENGON,61418,0321861664,smpnsatu.jombang@gmail.com,http://www.smpn1jombang.sch.id,A,991,470,521,31
20534769,UPT SMP NEGERI 1,SMP,NEGERI,Kota Mojokerto,Kec. Magersari,Jl. Gajah Mada No. 143,Balongsari,61314,0321322614,smpn1_mojokerto@yahoo.com,http://www.smpn1mojokerto.sch.id,A,991,481,510,31
20500488,UPT SMP NEGERI 18 GRESIK,SMP,NEGERI,Kab. Gresik,Kec. Menganti,Desa Domas RT 8 RW 03 Kecamatan Menganti Kab.Gresik,DOMAS,61174,0317990381,smpnmenganti1@gmail.com,http://uptsmpn18gresik.sch.id,A,989,516,473,30
20511843,UPTD SMPN 2 Ngadiluwih,SMP,NEGERI,Kab. Kediri,Kec. Ngadiluwih,Jalan Raya Desa Mangunrejo,MUNENGAN,64171,0354478437,smpn2ngadiluwih@yahoo.com,http://www.smpn2ngadiluwih.sch.id,A,989,521,468,30
20517496,SMP NEGERI 2 SUMBERPUCUNG,SMP,NEGERI,Kab. Malang,Kec. Sumberpucung,JL. TGP NO. 09 SUMBERPUCUNG RT. 1 RW. 1,SUMBERPUCUNG,65166,0341385280,SMP2TGP@GMAIL.COM,http://smpn2sumberpucung.sch.id,A,989,449,540,31
70002481,SMP AL MAAHIRA IIBS MALANG,SMP,SWASTA,Kab. Malang,Kec. Karangploso,Perumahan Tirtasani Royal Resort Kepuharjo,Kepuharjo,65152,081381301310,almaahiraiibs@gmail.com,http://https://al-maahiraiibs.sch.id,A,989,120,869,32
20515531,SMP NEGERI 1 KARANGREJO,SMP,NEGERI,Kab. Tulungagung,Kec. Karangrejo,Jl. Raya Karangrejo No.34,Sembon,66253,03557621107,smpnsatukarangrejo@gmail.com,http://,A,989,540,449,30
20536277,SMKN 3 PROBOLINGGO,SMK,NEGERI,Kota Probolinggo,Kec. Kanigaran,JL. PAHLAWAN NO. 26A,-,67214,0335421564,smkn3.probolinggo@yahoo.co.id,http://www.smkn3pbl.sch.id,A,989,199,790,30
20532577,SMP NEGERI 35 SURABAYA,SMP,NEGERI,Kota Surabaya,Kec. Rungkut,Rungkut Asri 22,Rungkut Kidul,60293,0318710722,smpn_35surabaya@yahoo.com,http://smpn35surabaya.blogspot.com,A,989,489,500,32
20521711,SMAN 2 BONDOWOSO,SMA,NEGERI,Kab. Bondowoso,Kec. Bondowoso,JL. LETJ. SUPRAPTO NO. 153,-,68211,0332421822,sman2bondowoso@yahoo.co.id,http://sman2bondowoso.sch.id,A,988,458,530,28
20519193,SMPN 1 PURWOSARI,SMP,NEGERI,Kab. Pasuruan,Kec. Purwosari,Purwosari,DONOREJO,67162,611030,smpn1purwosaripas@gmail.com,http://https://smpn1purwosari.com,A,988,470,518,30
20523815,SMAS BIMA AMBULU,SMA,SWASTA,Kab. Jember,Kec. Ambulu,JL. Pendidikan No. 11 Ambulu,AMBULU,68172,0336881415,bimasekolah@gmail.com,http://www.smabimaambulu.sch.id,A,987,493,494,29
20507733,SMAN 1 MEJAYAN,SMA,NEGERI,Kab. Madiun,Kec. Mejayan,JL P SUDIRMAN NO 82 ,-,63154,085792788307,sman1mjyn@gmail.com,http://www.sman1mejayan.sch.id,A,987,345,642,27
20532543,SMP NEGERI 26 SURABAYA,SMP,NEGERI,Kota Surabaya,Kec. Tandes,Jl. Raya Banjarsugihan No. 21,BANJARSUGIHAN,60185,0317405214,smpnegeri26surabaya@gmail.com,http://www.smpn26sby.sch.id,A,987,491,496,30
20540101,SMKS PENERBANGAN DHARMA WIRAWAN SDOARJO,SMK,SWASTA,Kab. Sidoarjo,Kec. Sedati,JL. ABDUL RACHMAN  NO.49,-,61253,0318665352,smk.penerbangan@yahoo.co.id,http://www.smkspenerbangan-sda.net,A,986,812,174,26
20537274,SMP NEGERI 1 NGANTRU,SMP,NEGERI,Kab. Tulungagung,Kec. Ngantru,Jln. Raya Ngantru 142,NGANTRU,66252,082333848008,smp.sangata@gmail.com,http://www.smpn1ngantru.sch.id/,A,986,516,470,30
70030698,SMP NEGERI 9 KOTA KEDIRI,SMP,NEGERI,Kota Kediri,Kec. Pesantren,"JLN. PALANG MERAH, KEL TINALAN, KEC. PESANTREN KOTA KEDIRI JAWA TIMUR",TINALAN,64132,03542899759,smpn9kotakediri@gmail.com,http://smpn9kotakediri.sch.id,A,986,533,453,31
20511848,UPTD SMPN 1 Gampengrejo,SMP,NEGERI,Kab. Kediri,Kec. Gampengrejo,Jl. Panglima Sudirman No 18,Gampeng,64182,0354688839,smpn1gampengrejo@yahoo.co.id,http://smpn1gampengrejokabkediri.sch.id/,A,983,539,444,30
20542510,SMK ISLAM 2 DURENAN,SMK,SWASTA,Kab. Trenggalek,Kec. Durenan,JL. RAYA KENDALREJO DURENAN TRENGGALEK,Talun,66381,0355878189,smkislam2drn1995@gmail.com,http://www.smkislam2durenan.sch.id,A,982,939,43,30
20506374,SMP NEGERI 2 PACIRAN,SMP,NEGERI,Kab. Lamongan,Kec. Paciran,Paciran Lamongan,BANJARANYAR PACIRAN LAMONGAN,62264,0322663216,smpnduapaciran@yahoo.co.id,http://www.smpn2-paciran.sch.id,A,981,529,452,31
20536827,SMKN 3 BATU,SMK,NEGERI,Kota Batu,Kec. Batu,TERUSAN METRO - DUSUN SANTREAN,Santrean,65318,0341592025,smkn3batu@yahoo.co.id,http://smkn3batu.sch.id,B,981,703,278,34
20532217,SMAN 17 SURABAYA,SMA,NEGERI,Kota Surabaya,Kec. Rungkut,JL. RUNGKUT ASRI TENGAH YKP,-,60293,0318700717,smantass@ymail.com,http://smantass.sch.id,A,981,435,546,28
20509323,SMAN 3 MAGETAN,SMA,NEGERI,Kab. Magetan,Kec. Sidorejo,JL. RAYA SARANGAN 45 MAGETAN,PUHMALANG,63351,0351895528,smantigamagetan@yahoo.co.id,http://smantigamagetan.sch.id,A,980,410,570,27
20554788,SMKN 1 KARANGANYAR,SMK,NEGERI,Kab. Ngawi,Kec. Karanganyar,JL. RAYA GENDINGAN-KARANGANYAR,bendo,63257,0351776854,smkra1ngawi@gmail.com,http://www.smkn1karanganyar.sch.id,A,980,609,371,30
20527238,SMAN 4 PAMEKASAN,SMA,NEGERI,Kab. Pamekasan,Kec. Pamekasan,JL. PINTU GERBANG NO. 39A,-,69316,0324322595,admin@sma4pamekasan.sch.id,http://sma4pamekasan.sch.id,A,980,594,386,29
20527180,SMP NEGERI 1 PAMEKASAN,SMP,NEGERI,Kab. Pamekasan,Kec. Pamekasan,Jl. R.A. Abd. Azis No. 125,Jungcangcang,69317,0324322588,smpn01pamekasan@gmail.com,http://www.smpn1-pamekasan.sch.id,A,980,495,485,30
20517763,SMKS MUHAMMADIYAH 6 DONOMULYO,SMK,SWASTA,Kab. Malang,Kec. Donomulyo,JL. TRISULA 3 DONOMULYO,DONOMULYO,65167,0341881047,smkmuhendo6@gmail.com,http://https://www.smkm6donomulyo.sch.id,A,979,696,283,33
20534125,SMAN 1 MADIUN,SMA,NEGERI,Kota Madiun,Kec. Taman,JL. MASTRIP 19 MADIUN,-,63139,454393,smasa_madiun@yahoo.com,http://sman1madiun.sch.id,A,979,381,598,28
20539751,SMKN 9 MALANG,SMK,NEGERI,Kota Malang,Kec. Kedungkandang,JL. SAMPURNA NO. 1 CEMOROKANDANG MALANG,-,65138,0341727998,surat@smkn9malang.sch.id,http://smkn9malang.sch.id,A,979,634,345,30
20511851,UPTD SMPN 1 Semen,SMP,NEGERI,Kab. Kediri,Kec. Semen,Jl. Argowilis 78,Bajang,64161,0354773369,uptd.smpn1semen.kediri@gmail.com,http://www.smpn1semen.sch.id,A,978,482,496,27
20536288,SMAN 1 PROBOLINGGO,SMA,NEGERI,Kota Probolinggo,Kec. Kanigaran,JL. SOEKARNO HATTA 137,-,67212,0335421566,sman1.prob@yahoo.co.id,http://sman1probolinggo.sch.id,A,977,381,596,28
20506248,SMK NEGERI 1 KALITENGAH LAMONGAN,SMK,NEGERI,Kab. Lamongan,Kec. Kalitengah,JL. MAHKOTA NO. 280,DIBEE,62255,0323382240,smkn.kalitengah@yahoo.com,http://www.smkn1kalitengah.sch.id,A,976,618,358,33
20532560,SMP NEGERI 30 SURABAYA,SMP,NEGERI,Kota Surabaya,Kec. Sukolilo,Jl. Medokan Semampir Indah No. 119 Surabaya,Sukolilo,60119,0315941550,smpn30surabaya@gmail.com,http://smpn30surabaya.com,A,974,513,461,30
20532545,SMP NEGERI 28 SURABAYA,SMP,NEGERI,Kota Surabaya,Kec. Lakarsantri,Jln. Menganti Lidah Wetan Surabaya,Lidah Wetan,60213,753046,smpnegeri28sby@yahoo.co.id,http://www.smpn28sby.sch.id,A,974,507,467,30
20541262,SMKN NGASEM,SMK,NEGERI,Kab. Bojonegoro,Kec. Ngasem,JL. RAYA KALITIDU NGASEM 183,Desa Bareng Kec. Ngasem Kab. Bojonegoro,62154,03537706187,smknegeringasem@rocketmail.com,http://smknegeringasem.sch.id,A,973,622,351,28
20517729,SMAN 1 GONDANGLEGI,SMA,NEGERI,Kab. Malang,Kec. Gondanglegi,JL.KETAWANG 2 GONDANGLEGI,Ketawang,65174,879002,smanggimlg@yahoo.co.id,http://www.sman1gondanglegi.sch.id,A,972,359,613,29
20541242,SMA NEGERI 1 SUMBERREJO BOJONEGORO,SMA,NEGERI,Kab. Bojonegoro,Kec. Sumberrejo,JL. RAYA SUMBEREJO NO. 131,Talun,62191,331116,smanis52@yahoo.co.id,http://www.sman1sumberrejo.sch.id,A,971,328,643,27
20521450,SMKN 1 TEKUNG,SMK,NEGERI,Kab. Lumajang,Kec. Tekung,JL. RAYA TUKUM NO.45,Tukum Krajan,67381,082245450088,smkn1tekung@yahoo.co.id,http://www.smkn1tekung.sch.id,A,970,864,106,35
20511936,UPTD SMPN 2 Mojo,SMP,NEGERI,Kab. Kediri,Kec. Mojo,Jl Raya Desa Kranding,Tamansari,64162,082333302365,smpnmojodua@gmail.com,https://sites.google.com/view/smpn2mojo,A,969,537,432,25
20515428,SMAN 1 PAKEL,SMA,NEGERI,Kab. Tulungagung,Kec. Pakel,DESA DUWET,Duwet,66273,531725,sman1pakel@yahoo.co.id,http://sman1pakel.sch.id,A,969,415,554,28
20521722,SMKN 3 BONDOWOSO,SMK,NEGERI,Kab. Bondowoso,Kec. Bondowoso,JL. SANTAWI NO. 96A,-,68216,0332432641,smkn3bws@gmail.com,http://www.smkn3bondowoso.sch.id,A,968,949,19,36
20500492,UPT SMP NEGERI 1 GRESIK,SMP,NEGERI,Kab. Gresik,Kec. Gresik,Jl.Jaksa Agung Suprapto No. 79 Gresik,SIDOKUMPUL,61111,0313981840,smp1_gresik@yahoo.co.id,http://uptsmpn1gresik.sch.id,A,968,445,523,30
20528658,SMKN 1 SAMPANG,SMK,NEGERI,Kab. Sampang,Kec. Sampang,JL. SUHADA NO. 11 A,-,69212,0323323279,smkn1_sampang@yahoo.com,http://smkn1sampang.sch.id/,B,968,476,492,35
20517469,SMP NEGERI 1 SINGOSARI,SMP,NEGERI,Kab. Malang,Kec. Singosari,JL. RAYA NO. 1 SINGOSARI,Candirenggo,65153,458059,www.smpn1_singosari@yahoo.com,http://www.smpn1-sgs.sch.id,A,967,462,505,31
20504480,SMAN 4 BOJONEGORO,SMA,NEGERI,Kab. Bojonegoro,Kec. Bojonegoro,JL. AKBP M. SUROKO NO. 30,Kadipaten,62111,881460,sman4.bojonegoro@yahoo.com,http://sman4bojonegoro.sch.id,A,966,388,578,27
20533610,SMAS LABORATORIUM UM,SMA,SWASTA,Kota Malang,Kec. Klojen,JL. BROMO 16,-,65119,0341368639,smalabum@yahoo.com,http://labschool-um.sch.id/,A,966,459,507,29
20539250,SMKS PGRI 4 SURABAYA,SMK,SWASTA,Kota Surabaya,Kec. Mulyorejo,JL. Kalijudan IX / 26-28 SURABAYA,-,60115,0313896645,smkpgri4sby@gmail.com,http://www.smkpgri4sby.sch.id/,A,966,953,13,27
20525712,SMP NEGERI 1 BANYUWANGI,SMP,NEGERI,Kab. Banyuwangi,Kec. Banyuwangi,Jln. Jenderal A. Yani No.74 Banyuwangi,Lingkungan Tamansari,68416,0333421964,smpn1bwi@yahoo.com,http://www.smp1banyuwangi.sch.id,A,965,435,530,25
20504487,SMA NEGERI 1 PADANGAN BOJONEGORO,SMA,NEGERI,Kab. Bojonegoro,Kec. Padangan,JL. DR. SUTOMO NO.02 PADANGAN,Arjosari,62162,551483,admin@sman1padangan.sch.id,http://www.sman1padangan.sch.id,A,965,314,651,27
20521712,SMAN 1 TENGGARANG,SMA,NEGERI,Kab. Bondowoso,Kec. Tenggarang,Jl. Raya Situbondo - Tenggarang No. 96,Kampung Haji,68281,421580,smasgajuara2020@gmail.com,http://sman1tenggarang.sch.id/,A,964,449,515,28
20507782,SMP NEGERI 1 MEJAYAN,SMP,NEGERI,Kab. Madiun,Kec. Mejayan,Jl. Panglima Sudirman Caruban,MEJAYAN,63153,0351383092,smp01_mejayan@yahoo.com,http://www.smp1mejayan.sch.id//,A,964,444,520,30
20509347,SMKN TAKERAN,SMK,NEGERI,Kab. Magetan,Kec. Takeran,DESA KUWONHARJO,Kuwonharjo,63383,0351439094,smkn1takeran@gmail.com,http://www.smkn1-takeran.sch.id,A,964,474,490,30
20501762,SMP YPM 1 TAMAN,SMP,SWASTA,Kab. Sidoarjo,Kec. Taman,"Megare 30, Ngelom  Taman - Sidoarjo",Ngelom,61257,0317881783,smpypm1taman@yahoo.com,http://www.smpypm1sepanjang.sch.id,A,963,476,487,28
20542503,SMA NEGERI 2 TRENGGALEK,SMA,NEGERI,Kab. Trenggalek,Kec. Trenggalek,JL. SOEKARNO - HATTA GG. SIWALAN,Sambirejo,66314,0355791628,sman2tglk@yahoo.co.id,http://www.sman2trenggalek.sch.id,A,963,352,611,27
20506343,SMA NEGERI 1 NGIMBANG,SMA,NEGERI,Kab. Lamongan,Kec. Ngimbang,"Jl. Raya Kecamatan Ngimbang, Desa Sendangrejo ",Balong,62273,03227710870,smangilmg@yahoo.co.id,http://www.sman1ngimbang.sch.id,A,962,378,584,28
20501779,SMP NEGERI 1 JABON,SMP,NEGERI,Kab. Sidoarjo,Kec. Jabon,"Jl. Dukuh Sari,no: 01 Jabon",Dukuhsari,61276,0343851295,smpn1jabonsidoarjo@gmail.com,http://www.smpn1jabon-sda.sch.id,A,962,487,475,30
20511898,UPTD SMPN 1 Kandat,SMP,NEGERI,Kab. Kediri,Kec. Kandat,Jl. Raya Desa Kandat,GALUHAN,64173,0354411440,smpn1kandat@yahoo.co.id,http://www.smpn1kandat.sch.id,A,961,493,468,27
20501774,SMP NEGERI 1 PRAMBON,SMP,NEGERI,Kab. Sidoarjo,Kec. Prambon,Wirobiting,KLAMPISAN,61264,8975960,smpn1prambon@yahoo.com,http://,A,961,513,448,30
20505008,SMA NEGERI 2 TUBAN,SMA,NEGERI,Kab. Tuban,Kec. Tuban,JL. DR. WAHIDIN SUDIROHUSODO NO. 869 SIDOREJO TUBAN,-,62315,0356321094,sman2tuban@gmail.com,http://www.sman2tuban.sch.id,A,961,340,621,27
20511950,SMA NEGERI 1 PUNCU KABUPATEN KEDIRI ,SMA,NEGERI,Kab. Kediri,Kec. Puncu,DS. ASMOROBANGUN KEC.PUNCU,Sidorejo,64292,0354397616,smanpuncu@yahoo.co.id,http://www.sman1puncu.sch.id,A,960,356,604,28
20501712,SMK PGRI 1 SIDOARJO,SMK,SWASTA,Kab. Sidoarjo,Kec. Sidoarjo,JL. DR. WAHIDIN 130B SIDOARJO,-,61215,0318965709,smkpgri1sidoarjo@gmail.com,http://smkpgri1sidoarjo.siap-sekolah.com/,A,960,951,9,32
20525727,SMP NEGERI 1 GIRI,SMP,NEGERI,Kab. Banyuwangi,Kec. Giri,Jl. Wijaya Kusuma Nomor 103,,68425,0333421172,smp.giri@yahoo.com,http://www.smpn1giri.sch.id,A,959,472,487,25
20509321,SMAN 1 BARAT,SMA,NEGERI,Kab. Magetan,Kec. Barat,JL. PASAR LEGI BARAT,Blaran,63393,0351869380,sma1barat@yahoo.co.id,http://www.sman1barat.sch.id,A,959,318,641,27
20542497,SMAN 1 KARANGAN,SMA,NEGERI,Kab. Trenggalek,Kec. Karangan,Jl. Raya Trenggalek - Ponorogo Km. 3,Kedungsangkal,66361,0355791540,info@sman1karangan.sch.id,http://www.sman1karangan.sch.id,A,959,315,644,27
20533778,SMP NEGERI 2 MALANG,SMP,NEGERI,Kota Malang,Kec. Klojen,Jl. Prof. Moch. Yamin 60 Malang,-,65118,0341325508,smpnmalang2@gmail.com,http://smpn2mlg.sch.id,A,959,460,499,30
20551746,UPT SMP NEGERI 1 SRENGAT,SMP,NEGERI,Kab. Blitar,Kec. Srengat,Jl Terate No. 1 Rt 04 Rw 01 Srengat,SRENGAT,66152,0342551023,smpn1_srengat@yahoo.com,http://,A,957,447,510,30
20517490,SMP NEGERI 1 TUREN,SMP,NEGERI,Kab. Malang,Kec. Turen,JL. PANGLIMA SUDIRMAN NO. 1A,,65175,0341824031,Email@smpn1turen.sch.id,http://www.Smpn1turen.sch.id,A,957,444,513,30
20541407,SMAS AL - YASINI KRATON,SMA,SWASTA,Kab. Pasuruan,Kec. Kraton,JL. PONDOK PESANTREN TERPADU AL-YASINI,-,67151,081333911193,smaexcellentalyasini@gmail.com,http://www.smaya.sch.id,A,957,726,231,28
20542496,SMAN 1 DURENAN,SMA,NEGERI,Kab. Trenggalek,Kec. Durenan,JL. RAYA KENDAL REJO NO. 82,KENDALREJO,66381,0355879615,smaonedurenan@gmail.com,http://sman1durenan.sch.id,A,957,281,676,27
20532625,SMP NEGERI 10 SURABAYA,SMP,NEGERI,Kota Surabaya,Kec. Tegal Sari,Jl. Kupang Panjaan V No.2 Surabaya,Dr. Soetomo,60262,0315632861,smpnxsurabaya@gmail.com,http://smpn10surabaya.sch.id,A,957,468,489,30
20551715,UPT SMP NEGERI 1 KANIGORO,SMP,NEGERI,Kab. Blitar,Kec. Kanigoro,Jl. Kusuma Bangsa No. 43 Kanigoro,KANIGORO,66171,0342441129,smpnegeri1kanigoro@gmail.com,http://www.smpn1kanigoro.sch.id,A,956,464,492,30
20514415,UPT SMP NEGERI 1 SUTOJAYAN,SMP,NEGERI,Kab. Blitar,Kec. Sutojayan,Jl. Raya Barat No. 52 Lodoyo,Kalipang,66172,441024,smpn1jaya@gmail.com,http://www.smpn1sutojayan.sch.id,A,956,461,495,30
20541378,SMP NEGERI 5 BOJONEGORO,SMP,NEGERI,Kab. Bojonegoro,Kec. Bojonegoro,Jl. Imam Bonjol No. 03 Bojonegoro,KADIPATEN,62111,883274,smpn5bjn@yahoo.co.id,http://smpn5bojonegoro.sch.id,A,956,547,409,30
20504430,SMP NEGERI 1 BOJONEGORO,SMP,NEGERI,Kab. Bojonegoro,Kec. Bojonegoro,Jl. M.h. Thamrin No.98 Bojonegoro,Kauman,62113,0353881173,smpnsatubojonegoro@gmail.com,http://www.smpn1bojonegoro.sch.id,A,956,412,544,30
20504412,SMP NEGERI 1 PADANGAN,SMP,NEGERI,Kab. Bojonegoro,Kec. Padangan,Jl. Diponegoro 117,KALANGAN,62162,0353551418,smpn1padangan@yahoo.com,http://,A,955,482,473,30
20539965,SMP DARUL MUTAALLIMIN,SMP,SWASTA,Kab. Sidoarjo,Kec. Taman,Jl. Kh Raden Mas Ali No 1 Tawangsari,Tawangsari,61257,0317886644,daminsmp@gmail.com,http://www.smpdamin.com,A,955,514,441,27
20514411,UPT SMP NEGERI 1 WLINGI,SMP,NEGERI,Kab. Blitar,Kec. Wlingi,Jl Ahmad Yani No. 22,Beru,66184,0342691015,smpn1wlingi@yahoo.co.id,http://www.smpn1wlingi.sch.id,A,954,476,478,30
20503381,SMK SULTAN AGUNG 1 TEBUIRENG,SMK,SWASTA,Kab. Jombang,Kec. Diwek,JL. IRIAN JAYA NO. 55-B TEBUIRENG,Cukir,61471,0321866940,smk_sa1@yahoo.com,http://www.smksa1tbi@sch.id/utama,A,954,954,0,29
20507758,SMP N 1 DOLOPO,SMP,NEGERI,Kab. Madiun,Kec. Dolopo,Jl. Adil Makmur 95,,63174,367048,smpn1dolopo@gmail.com,http://www.smpn1dolopo.wordpress.com,A,954,465,489,30
20533640,SMA NEGERI 8 KOTA MALANG,SMA,NEGERI,Kota Malang,Kec. Lowokwaru,JL. VETERAN 37,-,65145,0341551096,sman8malang@gmail.com,http://www.sman8-mlg.sch.id,A,954,404,550,27
20511940,UPTD SMPN 1 Plosoklaten,SMP,NEGERI,Kab. Kediri,Kec. Plosoklaten,Desa Kawedusan Kecamatan Plosoklaten Kabupaten Kediri,Kawedusan,64175,0354547546,smpnegeri1plosoklaten@gmail.com,www.smpn1plosoklaten.sch.id,A,953,465,488,27
20521460,SMAN 1 TEMPEH,SMA,NEGERI,Kab. Lumajang,Kec. Tempeh,"JL. SOEKARNO HATTA, NO.130",Tempeh Tengah,67371,0334520670,smantempeh1@gmail.com,http://www.sman1tempeh.sch.id,A,953,346,607,27
20540104,SMKS SENOPATI SEDATI,SMK,SWASTA,Kab. Sidoarjo,Kec. Sedati,JL. SENOPATI NO. 2 SEDATI,-,61253,0318915186,smk.senopati@gmail.com,http://smk-senopati.sch.id,A,953,667,286,29
20509375,SMP NEGERI 1 MAGETAN,SMP,NEGERI,Kab. Magetan,Kec. Magetan,Jl. Kartini No.4 Magetan,Magetan,63314,0351895091,smpn1magetan.dinas@gmail.com,http://www.smpn1magetan.sch.id,A,952,419,533,30
20511015,SMKN 3 PACITAN,SMK,NEGERI,Kab. Pacitan,Kec. Pacitan,Jln. Letjend Suprapto No. 47 Pacitan,Ngampel,63515,0357881090,smkn3pct@gmail.com,http://www.smkn3-pacitan.sch.id,A,952,732,220,35
20503445,SMP NEGERI 2 JOMBANG,SMP,NEGERI,Kab. Jombang,Kec. Jombang,Jl. Bupati RAA. Soeroadiningrat No.10,JOMBATAN,61419,0321861519,smpn2_jbg@yahoo.co.id,http://smpn2jombang.sch.id,A,951,430,521,30
20502722,SMAN 1 GONDANG,SMA,NEGERI,Kab. Mojokerto,Kec. Gondang,JL. RAYA PUGERAN NO. 61,Pugeran,61372,0321510314,surat@sman1gomoker.sch.id,https://www.sman1gomoker.sch.id,A,951,344,607,27
20502653,SMPN 1 NGORO,SMP,NEGERI,Kab. Mojokerto,Kec. Ngoro,"Jl. Raya Jasem No. 3 Ngoro, Mojokerto",Jasem,61385,03216821437,smpn1ngoromjkt@gmail.com,http://www.smpn1ngoromjkt.sch.id,A,951,462,489,30
20534750,SMAN 3,SMA,NEGERI,Kota Mojokerto,Kec. Magersari,JL. PEMUDA NO. 33,GEDONGAN,61319,322235,sman3mojokerto@yahoo.co.id,http://www.sman3mojokerto.sch.id,A,951,351,600,27
20515488,SMPN 2 KAUMAN,SMP,NEGERI,Kab. Tulungagung,Kec. Kauman,Jl Srabah 36 Kauman Tulungagung,Karanganom,66261,327510,2kaumantulungagung@gmail.com,smpnegeri2kauman.sch.id,A,950,496,454,30
20525720,SMP NEGERI 1 SRONO,SMP,NEGERI,Kab. Banyuwangi,Kec. Srono,Jl. Raya Srono - Banyuwangi,Sukolilo,68471,082330780357,smp1srono@yahoo.co.id,http://smpn1srono.blogspot.com,A,949,485,464,27
20523826,SMAN 4 JEMBER,SMA,NEGERI,Kab. Jember,Kec. Kaliwates,JL. HAYAM WURUK 145 ,,68135,0331421819,admin@sman4jember.sch.id,http://sman4jember.sch.id,A,949,369,580,27
20509335,SMP NEGERI 4 MAGETAN,SMP,NEGERI,Kab. Magetan,Kec. Magetan,Jl. Mayjend. Sungkono No. 70 Magetan,Sukowinangun,63319,0351895314,smpn4_magetan@yahoo.co.id,http://https://www.smpn4magetan.sch.id,A,949,459,490,30
20501736,SMP NEGERI 1 WARU,SMP,NEGERI,Kab. Sidoarjo,Kec. Waru,Jl. Kepuh Kiriman,kepuh kiriman,61256,0318665047,smpnwaru1@gmail.com,http://www.smpn1warusda.sch.id,A,949,475,474,30
20504488,SMA NEGERI 1 KALITIDU BOJONEGORO,SMA,NEGERI,Kab. Bojonegoro,Kec. Kalitidu,JL. RAYA NGASEM NO. 458 KALITIDU,Jetis,62152,0353511490,sman1kalitidu@gmail.com,https://smankalitidu.sch.id,A,948,315,633,27
20520821,SMAN 1 LUMAJANG,SMA,NEGERI,Kab. Lumajang,Kec. Lumajang,JL. JEND. A. YANI NO. 7 LUMAJANG,Kepuharjo,67316,0334881747,smasalmj@yahoo.com,http://www.sman1lmj.sch.id,A,948,449,499,27
20509366,SMP NEGERI 1 KAWEDANAN,SMP,NEGERI,Kab. Magetan,Kec. Kawedanan,Jln. A. Yani Kawedanan,Purwosari,63382,0351439201,smpn1kwdn@gmail.com,http://www.smpnsatukawedanan.sch.id,A,948,396,552,30
20517491,SMP NEGERI 1 WAGIR,SMP,NEGERI,Kab. Malang,Kec. Wagir,JL. RAYA WAGIR NO. 71  RT. 8 RW. 1 ,Lemah Duwur,65158,0341801821,smpn1wagir@yahoo.co.id,http://,A,948,443,505,30
20505120,UPT SMP NEGERI 1 PLUMPANG,SMP,NEGERI,Kab. Tuban,Kec. Plumpang,Jl. Raya Plumpang No. 27,Ngrayung,62382,0356811759,smpn_1plp@yahoo.co.id,http://s.id/smpnegeri1plumpang,A,948,454,494,30
20503463,SMP NEGERI 1 PLOSO,SMP,NEGERI,Kab. Jombang,Kec. Ploso,Jl. Dr. Soetomo No. 99 Ploso,PLOSO,61453,888713,smpn1ploso@gmail.com,http://,A,947,464,483,30
69765029,SMK NEGERI 1 PURWOASRI KABUPATEN KEDIRI,SMK,NEGERI,Kab. Kediri,Kec. Purwoasri,Desa Mranggen Kec. Purwoasri Kab. Kediri,Mranggen,64154,03543881038,smkn1purwoasri.kediri@gmail.com,https://www.smkn1purwoasri-kediri.sch.id,A,947,597,350,28
20511942,UPTD SMPN 1 Kunjang,SMP,NEGERI,Kab. Kediri,Kec. Kunjang,Jl. Raya Kunjang Bogo,KAPAS,64156,0354529727,smpn1kunjangkabkediri@gmail.com,http://www.smpn1kunjangkediri.sch.id,A,947,479,468,27
20507760,SMPN 1 BALEREJO,SMP,NEGERI,Kab. Madiun,Kec. Balerejo,Jl. Raya Balerejo,Balerejo,63152,0351383795,smpnegerisatubalerejo@yahoo.com,http://,A,947,500,447,30
20502644,SMPN 1 DLANGGU,SMP,NEGERI,Kab. Mojokerto,Kec. Dlanggu,Jln Raya Pacet KM 20,Segunung,61371,0321510436,info@smpn1dlanggu.sch.id,http://www.smpn1dlanggu.sch.id,A,947,450,497,30
20511011,SMAN 1 PACITAN,SMA,NEGERI,Kab. Pacitan,Kec. Pacitan,JL. LETJEND. SUPRAPTO NO. 49,Ngampel,63515,0357881086,sekolah@sman1-pacitan.sch.id,http://www.sman1-pacitan.sch.id,A,947,365,582,27
20551717,UPT SMP NEGERI 1 KESAMBEN,SMP,NEGERI,Kab. Blitar,Kec. Kesamben,Jl. Ki Hajar Dewantara No. 01,Brongkos,66191,0342331066,smpn1kesambenblitar@gmail.com,http://www.smpnegeri1kesamben.sch.id,A,946,450,496,30
20541228,SMA NEGERI 1 BAURENO BOJONEGORO,SMA,NEGERI,Kab. Bojonegoro,Kec. Baureno,JL. Ahmad Yani No. 554B,Plumbungan,62192,0322455844,sman1baureno@gmail.com,http://www.sman1baureno.sch.id,A,946,355,591,27
69965163,SMP QUEEN AL FALAH,SMP,SWASTA,Kab. Kediri,Kec. Mojo,Ds. Ploso RT. 2 / RW. 3 Kec. Mojo ,Ploso,64162,03547474099,smpqueen1alfalah@gmail.com,http://smpqueenalfalah.sch.id,A,946,592,354,30
20511897,UPTD SMPN 1 Kras,SMP,NEGERI,Kab. Kediri,Kec. Kras,Jl. Raya No. 04 Kras,Purwodadi,64172,0354479732,smp1kras@yahoo.co.id,http://www.smpn1kras.com,A,946,482,464,30
20501768,SMP NEGERI 1 BALONGBENDO,SMP,NEGERI,Kab. Sidoarjo,Kec. Balong Bendo,Jl. Raya Balongbendo,KUPANG,61263,0318972609,smpn1blb@yahoo.co.id,http://,A,946,485,461,30
20536839,SMP NEGERI 01 BATU,SMP,NEGERI,Kota Batu,Kec. Batu,Jl. KH. Agus Salim 55,Sisir,65314,0341591311,smpn1bt@gmail.com,http://smp01batu.sch.id//,A,946,439,507,30
20521458,SMAN 1 PASIRIAN,SMA,NEGERI,Kab. Lumajang,Kec. Pasirian,JL. RAYA CONDRO NO. 333,Kebonan,67372,571467,smanpasirian@ymail.com,http://smanpas.sch.id,A,945,395,550,27
20552007,SMAN 1 PACET,SMA,NEGERI,Kab. Mojokerto,Kec. Pacet,JL. RAYA PANDAN,PANDANARUM,61374,0321599828,sman1pacet@ymail.com,http://sman1pacetmojokerto.sch.id,A,945,354,591,27
20504429,SMP NEGERI 1 BAURENO,SMP,NEGERI,Kab. Bojonegoro,Kec. Baureno,Jl. Raya No. 292 Baureno,PASINAN,62192,0322451726,smpnegeri1baureno@gmail.com,http://smpnegeri1baureno292.sch.id,A,944,446,498,30
20501740,SMP NEGERI 2 SEDATI,SMP,NEGERI,Kab. Sidoarjo,Kec. Sedati,Jl. Raya Cemandi,CEMANDI,61253,0318910754,smpnsedati2@gmail.com,http://www.smpn2sedati.sch.id,A,943,478,465,30
20536840,SMP NEGERI 02 BATU,SMP,NEGERI,Kota Batu,Kec. Batu,Sisir Batu,Jl Bromo 34 Kelurahan Sisir Kota Batu,65314,0341591560,kantor.smpn2batu@gmail.com,http://www.smpn2batu.sch.id,A,943,442,501,30
20536841,SMP NEGERI 03 BATU,SMP,NEGERI,Kota Batu,Kec. Junrejo,Jl. Ir Soekarno No 8,Beji,65326,0341592084,smp3batu@gmail.com,http://https://www.smpn03batu.sch.id/,A,942,501,441,30
20503435,SMK DIPONEGORO PLOSO,SMK,SWASTA,Kab. Jombang,Kec. Ploso,JL. REJOAGUNG  87 PLOSO,REJOAGUNG,61453,0321885975,smk.diponegoro.pls@gmail.com,http://smkdiponegoroploso.sch.id,B,940,909,31,29
20502637,SMPN 1 SOOKO,SMP,NEGERI,Kab. Mojokerto,Kec. Sooko,Jl. Wijaya Kusuma 77,Sooko,61361,0321323916,smpn1sooko_mojokerto@yahoo.co.id,http://smpn1sooko-mojokerto.sch.id/,A,940,403,537,30
69727424,SMK NEGERI 2 BAGOR NGANJUK,SMK,NEGERI,Kab. Nganjuk,Kec. Bagor,JL. RAYA SOLO NO. 146 ,Selolor,64461,0358324504,smkn2bagor@gmail.com,http://smkn2bagor.sch.id,A,940,538,402,29
69775579,SMAN 1 TULUNGAGUNG,SMA,NEGERI,Kab. Tulungagung,Kec. Tulungagung,JL. FATAHILLAH,KARANGDUREN,66214,03555250263,sman1tulungagung@gmail.com,http://www.sman1tulungagung.sch.id,A,940,395,545,27
20517507,SMP NEGERI 1 WAJAK,SMP,NEGERI,Kab. Malang,Kec. Wajak,JL. RAYA SUKOANYAR NO. 504 WAJAK,Krajan,65173,0341825210,smpn1wajak@gmail.com,http://smpn1wajak.sch.id,A,939,455,484,30
20577343,SMAS AR-ROHMAH PUTRI BOARDING SCHOOL DAU,SMA,SWASTA,Kab. Malang,Kec. Dau,JL. RAYA JAMBU 01 SEMANDING,Sumbersekar,65151,532088,smaarrohmahputri@gmail.com,http://www.arrohmah.co.id,A,938,0,938,28
20502725,SMAN 1 NGORO,SMA,NEGERI,Kab. Mojokerto,Kec. Ngoro,JL. CANDI JOLOTUNDO,KUTOGIRANG,61385,03216819922,sman1ngoro.mojokerto@gmail.com,http://sman1ngoro.sch.id,A,938,337,601,27
20519175,SMPN 1 SUKOREJO,SMP,NEGERI,Kab. Pasuruan,Kec. Sukorejo,Jl. Sumbergareng,Sumbergareng,67161,611772,smpn1sukorejo@yahoo.co.id,http://,A,938,439,499,27
20502720,SMAN 1 DAWARBLANDONG,SMA,NEGERI,Kab. Mojokerto,Kec. Dawar Blandong,JL. JON DJAROT  SUBIANTORO,Dawarblandong,61354,7922010,sman1dawarblandong@gmail.com,http://sman1dawarblandong.sch.id,A,937,382,555,27
20527197,SMP NEGERI 2 PAMEKASAN,SMP,NEGERI,Kab. Pamekasan,Kec. Pamekasan,Jl. Balai Kambang No. 16,,69313,0324322636,smp2pmk@yahoo.com,http://smpnegeri2pmk.blogspot.com,A,937,454,483,29
20501780,SMP NEGERI 1 GEDANGAN,SMP,NEGERI,Kab. Sidoarjo,Kec. Gedangan,Jalan Rajawali 53,Punggul,61254,0318912842,smpn1gedangan@gmail.com,http://smpn1gedangan.wordpress.com,A,937,491,446,27
20514430,UPT SMP NEGERI 2 WLINGI,SMP,NEGERI,Kab. Blitar,Kec. Wlingi,Jl Ki Hajar Dewantara No. 727,BABADAN,66184,0342691065,smpn2wlingiku@yahoo.com,http://,A,936,440,496,30
20503415,SMA NEGERI 1 JOMBANG,SMA,NEGERI,Kab. Jombang,Kec. Jombang,JL. BUPATI RAA. SOEROADININGRAT NO. 8 JOMBANG,,61411,861240,sman1jombang@gmail.com,http://www.sman1jombang.sch.id,A,936,371,565,27
20514472,UPT SMP NEGERI 1 GANDUSARI,SMP,NEGERI,Kab. Blitar,Kec. Gandusari,Jl. Kelud No. 32 RT. 01 RW. 01,Tegalrejo,66187,0342692089,sagansagandusari@gmail.com,http://www.sagansa.com,A,935,495,440,30
20538393,SMA NEGERI 1 GONDANG NGANJUK,SMA,NEGERI,Kab. Nganjuk,Kec. Gondang,JL. RAYA GONDANG NGANJUK,SAMBONG,64451,0358611341,sman1gondangngk@gmail.com,http://https://www.smago.sch.id,A,934,304,630,27
20522700,SMP NEGERI 1 SITUBONDO,SMP,NEGERI,Kab. Situbondo,Kec. Situbondo,Jl. PB Sudirman No.5 Situbondo,Patokan,68312,0338671550,info@smpn1situbondo.sch.id,http://www.smpn1situbondo.sch.id,A,934,472,462,29
20525853,SMAN 1 GAMBIRAN,SMA,NEGERI,Kab. Banyuwangi,Kec. Gambiran,JL.SRIWIJAYA NO.11,SUMBERJAYA,68486,082257039966,smangambiran@yahoo.co.id,http://www.sman1gambiran.sch.id,A,933,331,602,27
20570783,SMKN 1 DUDUKSAMPEYAN,SMK,NEGERI,Kab. Gresik,Kec. Duduk Sampeyan,JL. SUMARI ,-,61162,0313904392,smkn1duduksampeyan@yahoo.co.id,http://www.smkn1duduksampeyan.sch.id,A,932,622,310,27
20532238,SMAN 14 SURABAYA,SMA,NEGERI,Kota Surabaya,Kec. Rungkut,JL. PERUM YKP  TENGGILIS MEJOYO,-,60292,0318414451,info@sma14sby.sch.id,http://www.sma14sby.sch.id,A,932,426,506,27
20501769,SMP NEGERI 1 TANGGULANGIN,SMP,NEGERI,Kab. Sidoarjo,Kec. Tanggulangin,Jl. H. Umar No. 1 ,Kalisawah,61272,0318850200,smpn1_tanggulangin@ymail.com,http://smpn1tanggulangin.sch.id,A,930,489,441,27
20542507,SMAN 1 PANGGUL,SMA,NEGERI,Kab. Trenggalek,Kec. Panggul,JL. P.SUDIRMAN 87 PANGGUL,Krajan,66364,085234433333,sman.panggul87@gmail.com,http://,A,930,405,525,25
20532568,SMP NEGERI 9 SURABAYA,SMP,NEGERI,Kota Surabaya,Kec. Tambaksari,Jln. Taman Potro Agung  No.1,Rangkah,60135,0313714196,info@smpn9-surabaya.sch.id,http://www.smpn9-surabaya.sch.id,A,929,495,434,27
20532547,SMP NEGERI 3 SURABAYA,SMP,NEGERI,Kota Surabaya,Kec. Genteng,Jl. Praban No 3 Surabaya,Genteng,60275,0315341021,spega.surabaya@gmail.com,http://www.smpn3sby.sch.id,A,929,439,490,27
20531242,UPTD SMP NEGERI 1 BANGKALAN,SMP,NEGERI,Kab. Bangkalan,Kec. Bangkalan,Jl. Letnan Ramli No. 1B,,69111,0313095060,spensa.bangkalan@gmail.com,https://www.smpn1bangkalan.sch.id/,A,928,471,457,29
20541241,SMA NEGERI 1 KEDUNGADEM BOJONEGORO,SMA,NEGERI,Kab. Bojonegoro,Kec. Kedungadem,JL. RINGINANOM NO. 1 KEDUNGADEM,TEMPLEK GEMPOL,62195,0353351094,sman1kdg@gmail.com,http://www.smanesake.sch.id,A,928,369,559,26
20529925,SMP NEGERI 1 SUMENEP,SMP,NEGERI,Kab. Sumenep,Kec. Kota Sumenep,Jl.Payudan Barat No 7,Pangligur,69411,0328662170,smp1sumenep@gmail.com,http://www.smpn1sumenep.sch.id,A,928,469,459,30
20534121,SMAN 4 MADIUN,SMA,NEGERI,Kota Madiun,Kec. Taman,JL. SERAYU NO. 80 MADIUN,PANDEAN,63133,0351464537,sman4ae@gmail.com,http://smanegeri4madiun.sch.id/,A,928,408,520,26
20517479,SMP NEGERI 1 BULULAWANG,SMP,NEGERI,Kab. Malang,Kec. Bululawang,JL. SEMPALWADAK NO. 19,Bululawang,65171,0341833057,smpnbululawang01@gmail.com,http://www.smpn1bululawang.sch.co.id,A,927,466,461,30
20525862,SMAN 1 CLURING,SMA,NEGERI,Kab. Banyuwangi,Kec. Cluring,JL.HUZAINI  BENCULUK,KRAJAN,68482,0333397306,smaring96@yahoo.com,http://sman1cluring.sch.id,A,925,338,587,27
20533792,SMP NEGERI 19 MALANG,SMP,NEGERI,Kota Malang,Kec. Klojen,Jl. Belitung No. 1,,65117,0341324960,smpn19malang@yahoo.com,http://www.smpn19-mlg.sch.id,A,924,444,480,30
20511981,SMK BHAKTI MULIA PARE,SMK,SWASTA,Kab. Kediri,Kec. Pare,"JL. MATAHARI, PUHREJO, TULUNGREJO,  PARE",PUHREJO,64212,0354394183,smkbhaktimuliapare96@gmail.com,http://www.smkbmpare.sch.id,A,922,136,786,34
20519146,SMKN TUTUR PASURUAN,SMK,NEGERI,Kab. Pasuruan,Kec. Tutur,JL. RAYA TUTUR 14,Krajan II,67165,0343499603,smkntutur_pasuruan@yahoo.co.id,http://www.smkntutur-pasuruan.sch.id,A,922,502,420,27
20501782,SMP NEGERI 1 BUDURAN,SMP,NEGERI,Kab. Sidoarjo,Kec. Buduran,Jalan P. Bawean 425 Buduran,BINANGUN,61252,0318923383,smpn_1bdr@yahoo.co.id,http://www.smp1buduran.sch.id,A,922,432,490,27
20523830,SMAN UMBULSARI,SMA,NEGERI,Kab. Jember,Kec. Umbulsari,JL. PB. SUDIRMAN 129,GUNUNG LINCING,68166,0336321437,smanumbulsari@ymail.com,http://smanum.sch.id,A,921,390,531,27
20528625,UPTD SMPN 1 SAMPANG,SMP,NEGERI,Kab. Sampang,Kec. Sampang,Jl. Wijaya Kusuma No. 02 Sampang,KRANGGAN,69213,08175132381,smpn1spg1950@gmail.com,http://smpn1sampang.sch.id,A,921,470,451,27
20538328,SMA NEGERI 1 SUKOMORO NGANJUK,SMA,NEGERI,Kab. Nganjuk,Kec. Sukomoro,"DS. SUMENGKO, SUKOMORO",SUMENGKO,64481,0358325944,nganjuksmakom@yahoo.co.id,"http://www.sman1-sukomoro,sch.id.",A,920,421,499,27
20501747,SMP NEGERI 3 SIDOARJO,SMP,NEGERI,Kab. Sidoarjo,Kec. Sidoarjo,Jl. Raden Patah No. 95 Sidoarjo,Pucanganom,61217,0318941141,smpnegeri3sda@gmail.com,http://www.smpnegeri3sda.sch.id,A,920,457,463,28
20511924,SMKS PEMBANGUNAN KANDANGAN,SMK,SWASTA,Kab. Kediri,Kec. Kandangan,JL. PARE LAMA NO.39 KANDANGAN,Gedangan,64294,0354326772,smkpembangunankdg_kdr@yahoo.co.id,http://smkpekanda.sch.id,B,918,803,115,21
20551720,UPT SMP NEGERI 2 GANDUSARI,SMP,NEGERI,Kab. Blitar,Kec. Gandusari,Jl. Kawi Nomor 01,GANDUSARI,66187,0342692062,smpgandusari2oke@gmail.com,http://www.spega2kabblitar.sch.id,A,917,447,470,30
20562263,SMP NEGERI 45 SURABAYA,SMP,NEGERI,Kota Surabaya,Kec. Mulyorejo,Jl. Mulyorejo No. 184 Surabaya,MULYOREJO,60115,0315961481,smpn45surabaya@yahoo.co.id,http://www.smpn45surabaya.com,A,917,492,425,30
20532551,SMP NEGERI 13 SURABAYA,SMP,NEGERI,Kota Surabaya,Kec. Wonocolo,Jl. Jemursari II Surabaya,Jemursari,60237,0318412412,smpn13surabaya@yahoo.co.id,http://https://smpn13sby.my.id,A,917,457,460,30
20511844,UPTD SMPN 2 Kepung,SMP,NEGERI,Kab. Kediri,Kec. Kepung,Kepung,Kecik,64211,0354392630,smpnegeriduakepung@yahoo.co.id,http://www.smpnduakepung.sch.id,A,916,489,427,27
20504477,SMA NEGERI 1 NGRAHO BOJONEGORO,SMA,NEGERI,Kab. Bojonegoro,Kec. Ngraho,JL. RAYA NGRAHO NO. 60 NGRAHO,kedung bunder,62165,0353591098,smanegeri1ngrahobojonegoro@gmail.com,http://sman1ngraho.sch.id,A,913,406,507,26
20532260,SMAN 6 SURABAYA,SMA,NEGERI,Kota Surabaya,Kec. Genteng,JL. GUBERNUR SURYO 11,Embong Kaliasin,60271,0315345974,smanamsurabaya@yahoo.com,http://www.sman6sby.sch.id,A,913,369,544,26
20579307,SMAS AR-RAUDHAH,SMA,SWASTA,Kab. Bangkalan,Kec. Bangkalan,SEBANEH BANCARAN BANGKALAN,Sebaneh,69112,0817305221,sma_arraudhahbkl@yahoo.co.id,http://,B,912,471,441,26
20525873,SMAN SRONO,SMA,NEGERI,Kab. Banyuwangi,Kec. Srono,JL.Raya Wonosobo Srono,Krajan Baru,68471,0333399111,smaronbwi@yahoo.co.id,http://smansrono.sch.id,A,912,312,600,27
20511939,UPTD SMPN 2 Gurah,SMP,NEGERI,Kab. Kediri,Kec. Gurah,Jl. Raya Turus No. 108,Turus,64181,03547415591,esempeduagurah@ymail.com,http://smpn2gurah.sch.id,A,912,480,432,27
20517480,SMP NEGERI 1 DAMPIT,SMP,NEGERI,Kab. Malang,Kec. Dampit,Jalan Gunungjati No.33,DAMPIT,65181,0341896410,smpn1dampit@gmail.com,http://smpn1dampit.sch.id,A,911,402,509,29
20508523,SMP NEGERI 1 GENENG,SMP,NEGERI,Kab. Ngawi,Kec. Geneng,Ds. Tepas,Tepas,63271,0351746548,smpn1geneng@yahoo.com,http://www.smpn1geneng.blogspot.com,A,911,454,457,27
20529972,SMA NEGERI 1 KALIANGET SUMENEP,SMA,NEGERI,Kab. Sumenep,Kec. Kalianget,JL. BY PASS KERTASADA,,69471,661920,sman_kalianget@yahoo.co.id,http://sman1kalianget.sch.id,A,910,476,434,26
20538396,SMA NEGERI 1 REJOSO NGANJUK,SMA,NEGERI,Kab. Nganjuk,Kec. Rejoso,JL. YOS SUDARSO,Sidokare,64453,0358328799,smajos.rejoso@gmail.com,http://sman1rejoso.sch.id/,A,909,392,517,27
20515520,SMP ISLAM SUNAN GUNUNG JATI,SMP,SWASTA,Kab. Tulungagung,Kec. Ngunut,Jalan Raya 1 Gang Pdam Ngunut,,66292,0355396335,smpislamsgjta@yahoo.co.id,,A,909,420,489,30
20532574,SMP NEGERI 32 SURABAYA,SMP,NEGERI,Kota Surabaya,Kec. Wonokromo,Jl. A.yani 6-8,,60243,0318284225,smpnegeri32.sby@gmail.com,http://smpn32surabaya.sch.id,A,909,461,448,29
20514433,UPT SMP NEGERI 2 SUTOJAYAN,SMP,NEGERI,Kab. Blitar,Kec. Sutojayan,Jl. Raya Barat No. 65,KALIPANG,66172,0342441033,sempedadoyo@yahoo.co.id,http://www.smpn2sutojayan.sch.id,A,908,530,378,30
20549215,SMKN 2 TUREN,SMK,NEGERI,Kab. Malang,Kec. Turen,JL. GATOT SUBROTO 69,-,65175,0341828222,smkn2turenmlg@yahoo.co.id,http://smkn2turen.sch.id,A,908,617,291,31
20515530,SMP N 1 KEDUNGWARU,SMP,NEGERI,Kab. Tulungagung,Kec. Kedungwaru,Jl. Kapten Kasihin No.33,Aneng Joyo,66229,0355321804,smpn.kedungwaru@yahoo.co.id,http://,A,908,466,442,27
20539020,SMP ISLAM SUNAN BEJAGUNG,SMP,SWASTA,Kab. Tuban,Kec. Semanding,Jl. Pangeran Penghulu 09,BEJAGUNG,62381,329739,smpisunanbejagung@gmail.com,http://sunanbejagung.ponpes.id,A,907,441,466,29
20532549,SMP NEGERI 21 SURABAYA,SMP,NEGERI,Kota Surabaya,Kec. Jambangan,Jl. Jambangan Iv Surabaya,JAMBANGAN,60232,0318281691,smpn21sby@gmail.com,http://www.smpn21sby.sch.id,A,907,471,436,30
20552911,SMKS CENDIKA BANGSA KEPANJEN,SMK,SWASTA,Kab. Malang,Kec. Kepanjen,JL. RAYA MOJOSARI NO.02 KEPANJEN,Mojosari,65163,0341391450,smkcendikabangsa@yahoo.com,http://cendikabangsa.sch.id,B,906,449,457,38
20529913,SMP NEGERI 2 SUMENEP,SMP,NEGERI,Kab. Sumenep,Kec. Kota Sumenep,Jl. Payudan Barat No. 9,Pabian,69411,0328662572,smpn2_sumenep@yahoo.com,http://www.smpn2sumenep.sch.id,A,906,508,398,30
20549504,SMKS ROUDLOTUN NASYIIN,SMK,SWASTA,Kab. Mojokerto,Kec. Kemlagi,Jl. Pendidikan No.05,Beratkulon,61353,0321362569,smkronas@gmail.com,http://smkronas.sch.id,B,905,682,223,28
20510703,SMP NEGERI 2 PONOROGO,SMP,NEGERI,Kab. Ponorogo,Kec. Ponorogo,Jl.Basuki Rachmad 44,Krajan,63419,0352481258,info@smpn2ponorogo.sch.id,http://www.smpn2ponorogo.sch.id,A,905,434,471,28
20505013,SMA NEGERI 1 RENGEL TUBAN,SMA,NEGERI,Kab. Tuban,Kec. Rengel,JL. RAYA BANJARAGUNG RENGEL,NGGUMENG,62371,811061,smanegerirengel@gmail.com,http://smansarengel.sch.id,A,905,346,559,25
20525714,SMP NEGERI 1 PURWOHARJO,SMP,NEGERI,Kab. Banyuwangi,Kec. Purwoharjo,Jl. Dr.  Soetomo Jatirejo Purwoharjo,JATIMULYO,68483,,smpn1pwj@gmail.com,http://smpn1pwj.sch.id/,A,904,405,499,25
20510756,SMP NEGERI 1 PONOROGO,SMP,NEGERI,Kab. Ponorogo,Kec. Ponorogo,Jl. HOS. Cokroaminoto No. 82,Bangunsari,63419,0352481670,info@smpn1-pon.sch.id,http://www.smpn1-pon.sch.id,A,904,441,463,27
20505122,UPT SMP NEGERI 1 PALANG,SMP,NEGERI,Kab. Tuban,Kec. Palang,Jl. Gresik No. 1  Palang - Tuban,Kedaton,62391,0356323081,smpn1palang@yahoo.co.id,http://smpnsatupalangtuban.sch.id,A,904,477,427,27
20523891,UNIT PELAKSANA TEKNIS DAERAH (UPTD) SATUAN PENDIDIKAN SMPN 3 JEMBER,SMP,NEGERI,Kab. Jember,Kec. Sumbersari,JALAN JAWA NOMOR 8,KRAJAN,68121,0331335334,info@uptdsmpn3jember.sch.id,http://www.smpn3jember.sch.id,A,902,442,460,27
70011859,SMP Azzahir Ploso,SMP,SWASTA,Kab. Kediri,Kec. Mojo,Ds. Ploso Kec. Mojo,Ploso,64162,03547475742,smp.azzahir@gmail.com,http://,A,902,362,540,29
20517749,SMKS PGRI SUMBER MANJING,SMK,SWASTA,Kab. Malang,Kec. Sumber Manjing Wetan,JL. RAYA SUMBERMANJING WETAN,Argotirto,65176,0341871787,smekaris.official@gmail.com,http://https://smekaris.sch.id/,B,902,469,433,26
20503385,SMP BUDI UTOMO PERAK,SMP,SWASTA,Kab. Jombang,Kec. Perak,Jl. Masjid Luhur Nurhasan Gadingmangu,Gadingmangu,61461,0321868379,smpbu.gama@gmail.com,http://www.smpbudiutomoperak.sch.id/,A,901,462,439,28
20509320,SMAN 1 KARAS,SMA,NEGERI,Kab. Magetan,Kec. Karas,JL. RAYA KENDAL,-,63396,0351868800,sman1karas@yahoo.co.id,http://sma1karas.sch.id,A,901,325,576,26
20515532,SMP NEGERI 1 KALIDAWIR,SMP,NEGERI,Kab. Tulungagung,Kec. Kalidawir,Jl. Mawar Kalidawir,Nganggrek,66281,0355591082,smpn1kalidawir@gmail.com,http://,A,901,442,459,27
20525592,SMKS PGRI 1 GIRI,SMK,SWASTA,Kab. Banyuwangi,Kec. Giri,JL. SIMPANG GAJAH MADA,Cungking,68425,0333422546,smeapgri1giri@gmail.com,https://smkpgri1giri.sch.id/,A,897,254,643,33
20517489,SMP NEGERI 1 TUMPANG,SMP,NEGERI,Kab. Malang,Kec. Tumpang,JL. RAYA MALANGSUKO NO. 22,Malangsuko,65156,0341787263,smpntumpang1@gmail.com,http://smpn1tumpang.sch.id/,A,897,392,505,28
20536295,SMAN 4 PROBOLINGGO,SMA,NEGERI,Kota Probolinggo,Kec. Kanigaran,JL. SLAMET RIYADI,Kanigaran,67213,0335423192,mail@sman4-pbl.sch.id,http://www.sman4-pbl.sch.id,A,897,384,513,26
20507699,SMKN 1 JIWAN,SMK,NEGERI,Kab. Madiun,Kec. Jiwan,JL. KH. AHMAD DAHLAN ,Wayut,63161,0351494217,sekretariat@smkn1jiwan.sch.id,http://www.smkn1jiwan.sch.id,B,896,753,143,33
20532556,SMP NEGERI 17 SURABAYA,SMP,NEGERI,Kota Surabaya,Kec. Rungkut,Jalan Raya Tenggilis Mejoyo No. 1,Tenggilis,60293,8416932,smpnegeri17surabaya@gmail.com,http://www.smpnegeri17surabaya.sch.id,A,896,465,431,30
20525647,SMP NEGERI 2 GENTENG,SMP,NEGERI,Kab. Banyuwangi,Kec. Genteng,Jl. Anggrek No. 86,Sumberwadung,68465,0333821509,smpn2gtg.20525647@gmail.com,https://smpn2genteng.sch.id,A,895,430,465,25
20519178,SMPN 2 NGULING,SMP,NEGERI,Kab. Pasuruan,Kec. Nguling,Jl. Raya Grati Sumurwaru No. 34,Sumberanyar,67185,0343481012,ngulingsmpndua@yahoo.co.id,http://www.smpn2nguling.sch.id,A,895,529,366,27
20510720,SMP NEGERI 5 PONOROGO,SMP,NEGERI,Kab. Ponorogo,Kec. Ponorogo,Jl. Dr. Sutomo 11,,63419,0352481442,smpn5po@gmail.com,http://www.smpn5po.sch.id/,A,894,512,382,27
20525726,SMP NEGERI 1 GENTENG,SMP,NEGERI,Kab. Banyuwangi,Kec. Genteng,Jln. Bromo Genteng,Kopen,68465,845466,sempesa1genteng@gmail.com,http://www.smpn1genteng.sch.id,A,893,438,455,27
20504479,SMAN 3 BOJONEGORO,SMA,NEGERI,Kab. Bojonegoro,Kec. Bojonegoro,JL. MONGINSIDI NO. 9 BOJONEGORO,-,62115,0353882180,sman3_bojonegoro@yahoo.co.id,http://www.sman3bjn.sch.id,A,893,413,480,25
20515498,SMP NEGERI 4 TULUNGAGUNG,SMP,NEGERI,Kab. Tulungagung,Kec. Tulungagung,Jalan KH Abdul Fatah IV/1,Kelurahan Botoran,66213,0355322519,owner@smpn4tulungagung.sch.id,http://www.smpn4tulungagung.sch.id,A,892,475,417,28
20500498, UPT SMP NEGERI 14 GRESIK,SMP,NEGERI,Kab. Gresik,Kec. Benjeng,Jl. Raya Dermo No. 5,DERMO,61172,0317991096,benjengsatu@yahoo.co.id,http://www.smpn14gresik.sch.id,A,891,432,459,27
20533782,SMP NEGERI 10 MALANG,SMP,NEGERI,Kota Malang,Kec. Kedungkandang,Jl. Mayjen Sungkono 57 Malang,Buring,65136,0341752035,smpsepuluhkotamalang@gmail.com,http://www.smp10-malang.sch.id,A,891,453,438,29
20546877,SMKN 4 PROBOLINGGO,SMK,NEGERI,Kota Probolinggo,Kec. Kademangan,JL. SEMERU NO. 123,Kademangan,67224,0335437820,smkn4.prob@yahoo.co.id,http://smkn4probolinggo.sch.id,A,891,681,210,30
20514422,UPT SMP NEGERI 1 NGLEGOK,SMP,NEGERI,Kab. Blitar,Kec. Nglegok,Dayu,Nglegok,66181,561131,uptsmpn01.nglegok@gmail.com,http://,A,890,474,416,29
20500490,UPT SMP NEGERI 16 GRESIK,SMP,NEGERI,Kab. Gresik,Kec. Kedamean,Jl. Raya Kedamean No. 19b,Kedamean,61175,0317911190,smpnegeri16gresik@yahoo.com,http://www.smpn16gresik.sch.id,A,888,448,440,27
20540316,SMK TAMANSISWA,SMK,SWASTA,Kab. Jombang,Kec. Mojoagung,Jl. Tamansiswa No.6 Pandean,Pandean,61482,0321495358,smk_tamansiswa_mjg@yahoo.co.id,http://www.smktamsismojoagung.sch.id,A,888,772,116,26
20538369,SMP NEGERI 1 REJOSO,SMP,NEGERI,Kab. Nganjuk,Kec. Rejoso,Jl. Ki Hajar Dewantara 108,Banjarejo,64453,611302,smpn1rjs@yahoo.co.id,http://www.smpn1rejosonganjuk.sch.id,A,888,453,435,27
20517502,SMP NEGERI 3 SINGOSARI,SMP,NEGERI,Kab. Malang,Kec. Singosari,JL. ARAGANI No. 1 KOMPLEK TNI-AU PAGAS,Gondorejo,65153,0341450380,smpnegeri3singosari@gmail.com,http://20517502.siap-sekolah.com,A,887,441,446,28
20511948,SMKS HASANUDIN PARE,SMK,SWASTA,Kab. Kediri,Kec. Pare,"JL. KELAPA 84 JOMBANGAN, TERTEK, PARE",Jombangan,64215,081973399956,smk.hasanuddin.pare1@gmail.com,http://smk-hasanuddinpare.sch.id,B,886,538,348,29
20540109,SMKS YPM 4 TAMAN,SMK,SWASTA,Kab. Sidoarjo,Kec. Taman,JL. RAYA BRINGIN BENDO NO.1,Bringinbendo,61257,0317885362,smk_ypm4@yahoo.com,http://www.smkypm4.sch.id,A,886,847,39,24
20521409,SMP NEGERI 1 TEMPEH,SMP,NEGERI,Kab. Lumajang,Kec. Tempeh,Jl Raya No 62 Tempeh,Tulus Rejo I,67371,0334520387,smpnsatutempeh@gmail.com,https://smpn1tempeh.sch.id/,A,885,431,454,27
20554848,SMKN 7 JEMBER,SMK,NEGERI,Kab. Jember,Kec. Sumberbaru,JL. PB. SUDIRMAN NO.16,KRAJAN,68156,0334321400,smkn7jember@ymail.com,http://www.smkn7jember.sch.id,A,884,613,271,32
20525859,SMAN PESANGGARAN,SMA,NEGERI,Kab. Banyuwangi,Kec. Pesanggaran,"Jalan Pesanggaran Nomor 50, Desa Sumbermulyo, Kec. Pesanggaran",Mulyoasri,68488,0333710091,sanggarsma@yahoo.com,http://www.sman1pesanggaran.sch.id,A,883,291,592,27
20532136,SMAS KRISTEN PETRA 2 SURABAYA,SMA,SWASTA,Kota Surabaya,Kec. Mulyorejo,JL. MANYAR TIRTOASRI RAYA 1 - 3,,60116,0315926831,sma2@pppkpetra.or.id,http://sma2.pppkpetra.or.id/,A,883,419,464,26
20576136,SMKS RADEN PAKU,SMK,SWASTA,Kab. Gresik,Kec. Wringin Anom,RAYA WRINGINANOM NO. 25 GRESIK,Wringinanom,61176,03199893703,smkradenpaku.gresk@gmail.com,http://www.smkradenpaku.sch.id,B,882,627,255,27
20500507,UPT SMP NEGERI 3 GRESIK,SMP,NEGERI,Kab. Gresik,Kec. Gresik,Jl. Panglima Sudirman No. 100,Sidokumpul,61111,3983789,smpntigagresik@gmail.com,http://www.smpnegeri3gresik.sch.id,A,882,429,453,27
20514420,UPT SMP NEGERI 1 PONGGOK,SMP,NEGERI,Kab. Blitar,Kec. Ponggok,Jl Jendral Sudirman 208,Sumber Nanas,66153,0342551860,smpn1_ponggok@yahoo.co.id,http://smpn1ponggok.sch.id/,A,881,452,429,28
20500420,SMKS YASMU GRESIK,SMK,SWASTA,Kab. Gresik,Kec. Manyar,JL. KY. SAHLAN I/24 MANYAR,-,61151,0313956044,smkyasmu@yahoo.co.id,http://www.smkyasmu.sch.id,A,879,589,290,31
20506364,SMP NEGERI 1 BABAT,SMP,NEGERI,Kab. Lamongan,Kec. Babat,Jl. Raya No. 1 Babat,Sawahan,62271,451178,Info@smpn1babat.sch.id,http://www.smpn1babat.sch.id,A,879,463,416,29
20538383,SMP NEGERI 4 NGANJUK,SMP,NEGERI,Kab. Nganjuk,Kec. Nganjuk,Jl.barito No. 153,begadung,64413,0358321678,smp4nganjuk@gmail.com,http://,A,878,432,446,27
20519168,SMPN 2 GEMPOL,SMP,NEGERI,Kab. Pasuruan,Kec. Gempol,"Jl. Dau Darmorejo, Kepulungan - Gempol",BETAS,67155,0343634141,gempolsmpn2@gmail.com,http://smpn2gempol.sch.id,A,878,459,419,24
20500511,UPT SMP NEGERI 29 GRESIK,SMP,NEGERI,Kab. Gresik,Kec. Menganti,Jl. Raya Laban,laban,61174,0317912437,smpn2menganti@gmail.com,http://smpn2menganti.sch.id,A,877,446,431,27
20500513, UPT SMP NEGERI 22 GRESIK,SMP,NEGERI,Kab. Gresik,Kec. Kebomas,Jl. Raya Bengawan Solo 91-93,randu agung,61121,3983689,smpnegeri2kebomas@yahoo.co.id,http://,A,876,432,444,27
20506323,SMA NEGERI 1 BLULUK LAMONGAN,SMA,NEGERI,Kab. Lamongan,Kec. Bluluk,Jalan Raya Sukorame - Bluluk No. 01 ,Wareng,62274,03224653501,sman1bluluk@yahoo.co.id,http://www.sman1bluluk.sch.id,A,876,412,464,26
20519169,SMPN 2 BEJI,SMP,NEGERI,Kab. Pasuruan,Kec. Beji,Jl. Raya Bangil Pandaan Km 2,Kenep,67154,0343745737,smpn2bejikabpas@yahoo.com,http://www.smpn2beji.sch.id,A,875,485,390,24
20538376,SMP NEGERI 2 NGANJUK,SMP,NEGERI,Kab. Nganjuk,Kec. Nganjuk,Jl. Wilis 44 Nganjuk,KRAMAT,64419,0358321037,smpn.2.nganjuk@gmail.com,http://smpn2nganjuk.wordpress.com/,A,874,428,446,27
20532581,SMP NEGERI 39 SURABAYA,SMP,NEGERI,Kota Surabaya,Kec. Tenggilis Mejoyo,Jl.prapen Panjang Jiwo,JL RAYA PRAPEN PANJANG JIWO,60299,0318493005,smpn39sby@gmail.com,http://smpn39.sch.id,A,874,442,432,27
20507780,SMP NEGERI 1 PILANGKENCENG,SMP,NEGERI,Kab. Madiun,Kec. Pilangkenceng,Jl. Raya Pilangkenceng Kab. Madiun,Luworo,63154,0351386560,smp1ssn_pkc@yahoo.co.id,http://smp1pilangkenceng.sch.id/,A,873,452,421,28
20517485,SMP NEGERI 1 JABUNG,SMP,NEGERI,Kab. Malang,Kec. Jabung,JL. RADEN PATAH NO. 13,Sukolilo,65155,0341791223,kantor@smpn1jabung.sch.id,http://smpn1jabung.sch.id,A,873,428,445,28
20536297,SMAN 2 PROBOLINGGO,SMA,NEGERI,Kota Probolinggo,Kec. Kanigaran,JL. KI HAJAR DEWANTARA,KANIGARAN,67213,0335423196,sman2.pbl@gmail.com,http://sman2-pb.sch.id,A,873,369,504,24
20500518,UPT SMP NEGERI 12 GRESIK,SMP,NEGERI,Kab. Gresik,Kec. Wringin Anom,Jl. Raya Wringinanom 138 Gresik,Tanggungan,61176,03199893993,smpn12gresik@gmail.com,http://,A,872,440,432,27
20542436,SMP NEGERI 1 POGALAN,SMP,NEGERI,Kab. Trenggalek,Kec. Pogalan,Jln. Raya Tulungagung - Trenggalek,Bendo,66371,0355797232,smpn1pogalantrenggalek@gmail.com,http://smpn1pogalan.sch.id,A,872,442,430,27
20542435,SMP NEGERI 1 PANGGUL,SMP,NEGERI,Kab. Trenggalek,Kec. Panggul,Jl. MT. Haryana No. 02 Panggul,Wonocoyo Selatan,66364,,smpn1panggultrenggalek@gmail.com,http://smpn1panggul.sch.id,A,871,429,442,27
20533787,SMP NEGERI 15 MALANG,SMP,NEGERI,Kota Malang,Kec. Sukun,Jl. Bukit Dieng T/8,Pisang Candi,65146,0341571715,smp15malang@gmail.com,http://smpn15mlg.sch.id,A,871,440,431,27
20514435,UPT SMP NEGERI 2 PONGGOK,SMP,NEGERI,Kab. Blitar,Kec. Ponggok,Dusun Gembongan,Gembongan,66153,0342551844,smpn2ponggok@gmail.com,http://smpn2ponggok.sch.id,A,870,487,383,28
20500489,UPT SMP NEGERI 17 GRESIK,SMP,NEGERI,Kab. Gresik,Kec. Manyar,Jl. Kalimantan Gkb,Sukomulyo,61151,0313954476,smpn1manyar@gmail.com,https://smpn17gresik.sch.id/,A,869,443,426,27
20538381,SMP NEGERI 3 NGANJUK,SMP,NEGERI,Kab. Nganjuk,Kec. Nganjuk,Jl. Veteran No. 41 Nganjuk,Ganungkidul,64419,0358321469,nganjuksmpn3@gmail.com,http://smpn3nganjuk.blogspot.co.id/,A,869,441,428,27
20511006,SMAN 1 NGADIROJO,SMA,NEGERI,Kab. Pacitan,Kec. Ngadirojo,Jln. Raya Lorok Trenggalek No 39 Desa Hadiluwih ,Jangkrik,63572,03573219778,smangad.pct10@gmail.com,http://https://sman1ngadirojopacitan.sch.id,A,869,320,549,26
20549088,SMKS DARUL ULUM BANYUANYAR,SMK,SWASTA,Kab. Pamekasan,Kec. Palengaan,JL. PONPES BANYUANYAR,Poto'an Daja,69362,087812301444,smkduba@ymail.com,http://smkduba.sch.id,B,869,864,5,28
20542439,SMP NEGERI 1 TRENGGALEK,SMP,NEGERI,Kab. Trenggalek,Kec. Trenggalek,Jl. Dr.Sutomo No.10 Trenggalek,Ngantru,66311,0355791447,smpn1trenggalek@gmail.com,http://www.smpn1trenggalek.sch.id,A,869,387,482,27
20511874,UPTD SMPN 1 Papar,SMP,NEGERI,Kab. Kediri,Kec. Papar,Jl. Raya Papar No. 119,Papar Selatan,64153,0354529218,uptdsmpn1papar@gmail.com,http://https://uptdsmpn1papar.wordpress.com/,A,868,444,424,27
20538370,SMP NEGERI 1 SUKOMORO,SMP,NEGERI,Kab. Nganjuk,Kec. Sukomoro,SUKOMORO,Templek - Sukomoro,64481,0358322116,smpnegeri1sukomoro@gmail.com,http://,A,868,475,393,27
20538358,SMP NEGERI 1 BERBEK,SMP,NEGERI,Kab. Nganjuk,Kec. Berbek,Jl. Dr. Soetomo No. 01,,64473,,smpnsatuberbek@gmail.com,https://www.smpn1berbek.sch.id,A,868,420,448,27
20508534,SMP NEGERI 1 JOGOROGO,SMP,NEGERI,Kab. Ngawi,Kec. Jogorogo,Jl. Airlangga No.6 Jogorogo,Genggong,63262,0351730124,smpsatujogorogo@yahoo.com,http://www.smpn1jogorogo.sch.id/,A,868,462,406,27
20505082,UPT SMP NEGERI 1 SOKO,SMP,NEGERI,Kab. Tuban,Kec. Soko,Jl. Raya Sokosari No. 549,Soko,62372,03568810050,smpn1soko@yahoo.co.id,http://https://smpn1soko.sch.id/,A,868,464,404,27
20532544,SMP NEGERI 27 SURABAYA,SMP,NEGERI,Kota Surabaya,Kec. Semampir,Wonosari Besar Ujung,,60155,0313767491,smpn27_ssn@gmail.com,http://smpn27sby.sch.id,A,868,465,403,28
20523861,UNIT PELAKSANA TEKNIS DAERAH (UPTD) SATUAN PENDIDIKAN SMPN 2 PUGER,SMP,NEGERI,Kab. Jember,Kec. Puger,Jl. Kencong No. 63,Krajan 2,68164,0336721744,smpn2puger@gmail.com,http://,A,867,436,431,26
20532562,SMP NEGERI 42 SURABAYA,SMP,NEGERI,Kota Surabaya,Kec. Asemrowo,Jl. Dupak Rukun Sekolahan,Asemrowo,60182,0315346037,smpnegeriempatduasby@gmail.com,http://https://smp42sby.sch.id/,A,867,435,432,28
20503487,SMP NEGERI 1 MOJOAGUNG,SMP,NEGERI,Kab. Jombang,Kec. Mojoagung,Jalan Veteran No. 452 Mojoagung,Subontoro Barat,61482,0321495069,smpn1mojoagung@ymail.com,https://smpnegeri1mojoagung.sch.id,A,866,421,445,27
20517754,SMKS WIDYA DHARMA TUREN,SMK,SWASTA,Kab. Malang,Kec. Turen,JL. DHARMAWANGSA,JATIRENGGO,65175,0341828699,smkwdturen@gmail.com,http://www.smkwidyadharma.sch.id,A,866,266,600,28
20538314,SMP NEGERI 2 TANJUNGANOM,SMP,NEGERI,Kab. Nganjuk,Kec. Tanjunganom,Jl. Raya Malangsari,Malangsari,64483,0358771330,smpn2tanjunganom@gmail.com,http://smpn2tanjunganom.sch.id,A,866,446,420,27
20538306,SMP NEGERI 1 PRAMBON,SMP,NEGERI,Kab. Nganjuk,Kec. Prambon,Watudandang,WATUDANDANG,64484,0358791048,smpn1.prambon@yahoo.com,http://www.smpn1prambon.sch.id,A,866,428,438,27
20552213,SMKN 1 DONOROJO,SMK,NEGERI,Kab. Pacitan,Kec. Donorojo,JAJAR INDAH NO. 13,Jajar,63554,0357511577,info@smkn1donorojo.sch.id,http://smkn1donorojo.sch.id/,A,866,451,415,27
20522701,SMP NEGERI 1 PANJI,SMP,NEGERI,Kab. Situbondo,Kec. Panji,Jl. Basuki Rahmat No.261,Mimbaan,68322,0338671811,admin@smpn1panji.sch.id,http://www.smpn1panji.sch.id,A,866,429,437,28
69786621,SMA ISLAM AL-UTSMANI,SMA,SWASTA,Kab. Bondowoso,Kec. Jambesari Darus Sholah,Dusun Beddian,Beddian,68263,085335870813,smaislamalutsmani@gmail.com,http://,B,865,407,458,24
20538359,SMP NEGERI 1 GONDANG,SMP,NEGERI,Kab. Nganjuk,Kec. Gondang,Jl. Pahlawan,,64451,0358611156,uptd_smpn1gondang@yahoo.co.id,http://smpn1gondang.sch.id,A,865,411,454,27
20534402,SMKS AL HUDA KEDIRI,SMK,SWASTA,Kota Kediri,Kec. Kota Kediri,JL. MASJID ALHUDA 196,KUWAK,64122,0354699544,smkalhuda_kdr@yahoo.co.id,http://www.smkalhudakdr.sch.id,A,865,837,28,30
20532583,SMP NEGERI 11 SURABAYA,SMP,NEGERI,Kota Surabaya,Kec. Semampir,Sawah Pulo No. 1,Ujung,60155,0313293017,smpn11.20@gmail.com,http://smpn11sby.sch.id,A,865,445,420,29
20521411,SMP NEGERI 1 YOSOWILANGUN,SMP,NEGERI,Kab. Lumajang,Kec. Yosowilangun,Jl. Raya Gg. Masjid No. 4,Yosowilangun,67382,0334390384,smp1yoso@yahoo.com,http://smpn1yosowilangun.sch.id,A,864,414,450,27
20507766,SMP NEGERI 1 GEGER,SMP,NEGERI,Kab. Madiun,Kec. Geger,Jalan Raya Ponorogo,Sumberejo,63171,0351367200,smpn_one_geger@yahoo.co.id,http://smp1geger.sch.id,A,864,439,425,27
20577695,SMP IT ASY-SYADZILI,SMP,SWASTA,Kab. Malang,Kec. Pakis,Jl. PA HJ. KHODIJAH 99 B,KRAJAN,65154,0341785680,smpitasysyadzili@yahoo.co.id,http://smpitasy-syadzili.sch.id,B,864,443,421,28
20508538,SMP NEGERI 1 WIDODAREN,SMP,NEGERI,Kab. Ngawi,Kec. Widodaren,Jl.Srimulya No. 47 Walikukun,WALIKUKUN TIMUR,63256,0351671363,smpnsawid@ymail.com,http://www.smpn1widodaren.sch.com,A,864,426,438,27
20501775,SMP NEGERI 1 PORONG,SMP,NEGERI,Kab. Sidoarjo,Kec. Porong,JL. BHAYANGKARI NO. 368 PORONG,Ds. Juwet Kenongo,61274,0343851246,smpnegeri1porong.katu@dispendiksidoarjo.net,http://smpn1porong.sch.id,A,864,415,449,27
20505130,UPT SMP NEGERI 1 BANGILAN,SMP,NEGERI,Kab. Tuban,Kec. Bangilan,Jl. Raya Bangilan No. 38,TAWUNAN,62364,03564214192,smpn.1bangilan@yahoo.co.id,http://www.smpn1bangilan.blogspot.com,A,864,457,407,27
20500505,UPT SMP NEGERI 4 GRESIK,SMP,NEGERI,Kab. Gresik,Kec. Gresik,Jl. Proklamasi No. 17 Gresik,Sidokumpul,61111,0313981159,smpn4grsk@gmail.com,http://smpn4gresik.sch.id,A,863,430,433,27
20583914,SMKS ZAINUL HASAN,SMK,SWASTA,Kab. Jember,Kec. Balung,JL. PERJUANGAN NO.10 BALUNG LOR ,Krajan,68161,0336623636,smkszainulhasanbalung@gmail.com,http://www.smkzahabalung.wordpress.com,B,863,443,420,25
69982215,SMP AL-MAHRUSIYAH,SMP,SWASTA,Kota Kediri,Kec. Mojoroto,Jl. Ngampel Raya No. 9,,64112,770301,smp.almahrusiyah@gmail.com,http://almahrusiyahlirboyo.sch.id,C,862,420,442,28
20503485,SMP NEGERI 2 NGORO,SMP,NEGERI,Kab. Jombang,Kec. Ngoro,Dsn. Jombok ,Jombok,61473,0321710275,smpn2ngorojbg@gmail.com,http://smpn2ngoro.sch.id,A,861,438,423,27
20538384,SMP NEGERI 5 NGANJUK,SMP,NEGERI,Kab. Nganjuk,Kec. Nganjuk,Jl. Yos Sudarso 14,Payaman,64418,0,smpnegeri5ngk@gmail.com,http://www.smpn5nganjuk.sch.id,A,861,442,419,27
20538364,SMP NEGERI 1 NGANJUK,SMP,NEGERI,Kab. Nganjuk,Kec. Nganjuk,Jl. Pramuka no. 2,,64412,321767,smpn1nganjuk20538364@gmail.com,http://www.smpn1nganjuk.sch.id,A,861,399,462,27
20531225,SMK NEGERI 1 AROSBAYA BANGKALAN,SMK,NEGERI,Kab. Bangkalan,Kec. Arosbaya,JL. RAYA AROSBAYA NO. 1,Dusun Tengket,69151,0313052003,smkn1_arosbaya@yahoo.co.id,http://smkn1arosbaya.sch.id,A,860,664,196,30
20533766,SMP NEGERI 4 MALANG,SMP,NEGERI,Kota Malang,Kec. Lowokwaru,Jalan Veteran 37,Sumbersari,65145,0341551289,smpn4_malang@yahoo.co.id,http://smpn4-malang.sch.id,A,860,404,456,27
20533765,SMP NEGERI 3 MALANG,SMP,NEGERI,Kota Malang,Kec. Klojen,Jl. Dr. Cipto 20 Malang,Klojen,65111,0341362612,smpn3mlg@smpn3-mlg.sch.id,http://www.smpn3-mlg.sch.id,A,860,428,432,27
20534770,UPT SMP NEGERI 2,SMP,NEGERI,Kota Mojokerto,Kec. Kranggan,Jl. Jendral A. Yani No. 15 Kota Mojokerto,PURWOTENGAH,61311,0321322746,support@smpn2mojokerto.sch.id,http://www.smpn2mojokerto.sch.id,A,860,431,429,27
20541356,SMP NEGERI 1 KALITIDU,SMP,NEGERI,Kab. Bojonegoro,Kec. Kalitidu,Jl. Raya Ngasem No. 460 Kalitidu,Jetis,62152,082333865341,smpnkalitidu1@gmail.com,http://smpn1kalitidu.sch.id,A,859,444,415,27
20502652,SMPN 1 MOJOSARI,SMP,NEGERI,Kab. Mojokerto,Kec. Mojosari,Jl. Pemuda 56 Mojosari,Seduri,61382,0321591389,smpsatu_mojosari@yahoo.com,www.smpn1mojosarimjkt.sch.id,A,859,431,428,27
20501743,SMP NEGERI 4 WARU,SMP,NEGERI,Kab. Sidoarjo,Kec. Waru,Jl Gajah Mada Dukuh Ngingas,DUKUH NGINGAS,61256,0318544639,smpn4_waru@yahoo.co.id,http://www.smpn4warusidoarjo.sch.id,A,859,454,405,24
20515448,SMKS NGUNUT TULUNGAGUNG,SMK,SWASTA,Kab. Tulungagung,Kec. Ngunut,JL. KIDANGAN BARAT 135 LK 8 NGUNUT,- Kebon,66292,0355397891,smkngunut@ymail.com,http://www.smksngunut.sch.id,B,859,616,243,29
20523853,UNIT PELAKSANA TEKNIS DAERAH (UPTD) SATUAN PENDIDIKAN SMPN 1 UMBULSARI,SMP,NEGERI,Kab. Jember,Kec. Umbulsari,Jl. PB. Sudirman 12 Gunungsari Umbulsari,GUNUNGLINCING,68166,0336321441,smpn1umbulsari@yahoo.co.id,http://www.smpn1umbulsari.sch.id,A,858,375,483,27
20510976,SMP NEGERI 1 PACITAN,SMP,NEGERI,Kab. Pacitan,Kec. Pacitan,Jl. A.Yani-41,,63511,0357881073,smpnegeri1pacitan@gmail.com,http://www.smpn1pacitan.sch.id,A,858,384,474,27
20542429,SMP NEGERI 1 DONGKO,SMP,NEGERI,Kab. Trenggalek,Kec. Dongko,Jl. Panglima Sudirman No.9,BLIMBING,66363,,smpnegeri1dongko@gmail.com,http://,A,858,441,417,27
20504432,SMP NEGERI 1 KANOR,SMP,NEGERI,Kab. Bojonegoro,Kec. Kanor,Jl. Raya Kanor - Kanor - Bojonegoro,Turasan,62193,03533234471,smpkanor@yahoo.co.id,http://,A,857,458,399,27
20517461,SMP NEGERI 1 LAWANG,SMP,NEGERI,Kab. Malang,Kec. Lawang,JL. SUMBER TAMAN NO. 50,KALIREJO,65216,082277771628,lawang.smpn1@gmail.com,http://smpn1lawang.sch.id/,A,857,435,422,27
20500491,UPT SMP NEGERI 20 GRESIK,SMP,NEGERI,Kab. Gresik,Kec. Kebomas,Jl. Mayjen Sungkono 01 Kebomas,Sekarkurung,61161,0313985973,smpnegeri1_kebomas@yahoo.com,http://kbms1gresik.wordpress.com,A,856,451,405,27
20503477,SMP NEGERI 3 JOMBANG,SMP,NEGERI,Kab. Jombang,Kec. Jombang,Jl. Pramuka No. 2,PLANDI,61451,081252346750,smp3_jombang@yahoo.com,http://,A,856,414,442,27
20533785,SMP NEGERI 13 MALANG,SMP,NEGERI,Kota Malang,Kec. Lowokwaru,Jl. Sunan Ampel II. Kota Malang,DINOYO,65144,0341552864,smpn13malang@gmail.com,http://www.smpn13malang.sch.id,A,856,408,448,27
20504409,SMP NEGERI 1 SUMBERREJO,SMP,NEGERI,Kab. Bojonegoro,Kec. Sumberrejo,Jl. Raya No. 151 Sumberrejo,Prayungan,62193,0353331375,smpn1sumberrejo@yahoo.com,http://smpn1sumberrejo.sch.id,A,855,456,399,27
20538386,SMP NEGERI 7 NGANJUK,SMP,NEGERI,Kab. Nganjuk,Kec. Nganjuk,Jl. Barito No. 100,mangundikaran,64412,0358321149,smpn7ngk@gmail.com,http://smpn7nganjuk.sch.id,A,855,468,387,27
20538367,SMP NEGERI 1 PACE,SMP,NEGERI,Kab. Nganjuk,Kec. Pace,Pacekulon,Tanjung,64472,0358323466,smpn1pace@gmail.com,http://smpn1pace.sch.id/,A,855,433,422,27
20538361,SMP NEGERI 1 KERTOSONO,SMP,NEGERI,Kab. Nganjuk,Kec. Kertosono,Jln. Hos Cokroaminoto 03,Kutorejo,64313,0358551444,smpn1kts@yahoo.com,https://smpn1kertosono.sch.id/,A,855,418,437,27
20521419,SMP NEGERI 1 PASIRIAN,SMP,NEGERI,Kab. Lumajang,Kec. Pasirian,Jl Raya No 3 Pasirian,Bulak Winong,67372,0334571144,smpn1pasirian@ymail.com,http://www.smpn1pasirian.sch.id,A,854,386,468,27
20513205,SMP NEGERI 2 KERTOSONO,SMP,NEGERI,Kab. Nganjuk,Kec. Kertosono,Jl. Langsep No. 24a Kertosono,Pelem,64314,0358551258,smpn2kts@ymail.com,http://www.smpn2kertosono.sch.id,A,854,439,415,27
20501742,SMP NEGERI 5 SIDOARJO,SMP,NEGERI,Kab. Sidoarjo,Kec. Sidoarjo,Jl. Untung Suropati No. 24 ,SIDOKLUMPUK,61218,0318941769,info@smpn5sda.sch.id,http://www.smpn5sda.sch.id,A,854,393,461,25
20522710,SMP NEGERI 1 ASEMBAGUS,SMP,NEGERI,Kab. Situbondo,Kec. Asembagus,Jln. Raya No. 287,KP. Barat,68373,0338451104,info@smpn1asembagus.sch.id,http://www.smpn1asembagus.sch.id,A,854,450,404,27
20504420,SMP NEGERI 1 PURWOSARI,SMP,NEGERI,Kab. Bojonegoro,Kec. Purwosari,Jalan Raya Ngambon,POJOK,62161,03535215451,smpn1pwr@gmail.com,https://smpn1purwosaribjn.sch.id/,A,853,472,381,27
69772636,SMAN 1 BALONGPANGGANG,SMA,NEGERI,Kab. Gresik,Kec. Balong Panggang,"Jl. Raya Tanah Landean, Balongpanggang",TANAHLANDEAN,61173,03136321222,sman1blpg@yahoo.com,http://sman1balongpanggang.sch.id/,A,853,327,526,25
20509374,SMP NEGERI 1 MAOSPATI,SMP,NEGERI,Kab. Magetan,Kec. Maospati,Jl. Ronggo Prawirodirjo ,Kraton,63392,0351869157,smp1maospati@gmail.com,http://www.smpn1maospati.sch.id/,A,853,379,474,27
20503461,SMP NEGERI 1 TEMBELANG,SMP,NEGERI,Kab. Jombang,Kec. Tembelang,Jl. Raya Mojokrapak No. 28 Tembelang,Mojokrapak,61452,0321861384,spiji_tembelang@yahoo.co.id,http://smpn1tembelang.sch.id,A,852,425,427,27
20511896,UPTD SMPN 1 Ngancar,SMP,NEGERI,Kab. Kediri,Kec. Ngancar,Jl. Manggis - Ngancar,Sumber Urip,64291,0354442823,smpn1ngancar@gmail.com,http://,A,852,434,418,26
20517465,SMP NEGERI 1 PAKIS,SMP,NEGERI,Kab. Malang,Kec. Pakis,JL. RAYA SUMBER PASIR NO. 18,NGRANGIN,65154,0341792335,smppakis1@gmail.com,http://,A,852,431,421,27
20510937,SMP NEGERI 1 NGADIROJO,SMP,NEGERI,Kab. Pacitan,Kec. Ngadirojo,Jl. Raya Lorok-Pacitan,PRANCAK,63572,0357441246,smpn1ngadirojo_pct@yahoo.co.id,http://smpn1ngadirojo.sch.id,A,852,418,434,27
20532540,SMP NEGERI 23 SURABAYA,SMP,NEGERI,Kota Surabaya,Kec. Rungkut,Jl. Baruk Barat Permai No.1,KEDUNG BARUK,60298,0318701324,smp23_sby@yahoo.com,http://www.smpnegeri23surabaya.blogspot.com,A,852,446,406,27
20503513,SMP NEGERI 1 BARENG,SMP,NEGERI,Kab. Jombang,Kec. Bareng,Jl. Mayjen S. Parman No. 04,MOJOUNGGUL,61474,0321710229,smpn1bareng@gmail.com,http://smpn1bareng.sch.id,A,851,409,442,27
20537107,SMP NEGERI 2 WONOAYU,SMP,NEGERI,Kab. Sidoarjo,Kec. Wonoayu,Jl Becirongengor,Beciro,61261,0318830067,dahsyatspendayu@yahoo.com,http://www.smpn2wonoayu.sch.id,A,851,466,385,24
20501750,SMP NEGERI 3 CANDI,SMP,NEGERI,Kab. Sidoarjo,Kec. Candi,Sugihwaras,SUGIHWARAS,61271,0318953376,smpnegeritigacandi@yahoo.co.id,http://smpn3candi.sch.id,A,851,459,392,24
20535475,SMA NEGERI 3 PASURUAN,SMA,NEGERI,Kota Pasuruan,Kec. Gadingrejo,JL. SIMPANG SLAMET RIYADI NO. 144,Sebani,67139,0343426646,smagapas@yahoo.co.id,http://www.sman3pasuruan.sch.id,A,851,394,457,24
20532591,SMP WACHID HASYIM 1 SURABAYA,SMP,SWASTA,Kota Surabaya,Kec. Kenjeran,Jl. Sidotopo Wetan Baru 37 Surabaya,Sidotopo Wetan Baru No. 37,60128,0313765767,smpwachidhasyim@yahoo.com,http://smpwachidhasyim1sby.sch.id,A,851,434,417,27
20504476,SMA NEGERI 1 SUGIHWARAS BOJONEGORO,SMA,NEGERI,Kab. Bojonegoro,Kec. Sugihwaras,JALAN RAYA 56 SUGIHWARAS,Mindi,62183,085156007707,sman1sugihwaras.bjn@gmail.com,http://www.smanegeri1sugihwaras.sch.id,A,850,350,500,24
60724968,SMK NEGERI KABUH,SMK,NEGERI,Kab. Jombang,Kec. Kabuh,JL. RAYA KABUH -TAPEN KM.6 KABUH JOMBANG,MUNUNGKERP,61455,03213719214,smknalaska2012@gmail.com,http://www.smknkabuh.sch.id,A,850,261,589,24
20503467,SMP NEGERI 1 NGORO,SMP,NEGERI,Kab. Jombang,Kec. Ngoro,Jl. Badang No -,Ngoro,61473,0321710060,smpn1ngoro@yahoo.co.id,http://https://www.smpn1ngoro.sch.id/,A,850,414,436,27
20511925,SMK PAWYATAN DAHA 3,SMK,SWASTA,Kab. Kediri,Kec. Ngasem,"JL. SOEKARNO HATTA NO. 49B, SUKOREJO, NGASEM",-Tepus,64182,684971,smkdaha3kdr@yahoo.com,http://,A,850,783,67,30
20517487,SMP NEGERI 1 KARANGPLOSO,SMP,NEGERI,Kab. Malang,Kec. Karangploso,Jalan P.B. Sudirman No. 49,Girimoyo,65152,0341461607,smpnegeri1karangploso@gmail.com,http://smpn1karangploso.sch.id,A,850,417,433,27
20538357,SMP NEGERI 1 BAGOR,SMP,NEGERI,Kab. Nganjuk,Kec. Bagor,Desa Banarankulon,Banarankulon,64461,,smpn1bagor@yahoo.co.id,http://smpn1bagor.sch.id,A,850,440,410,27
69859774,SMA HANG TUAH 5,SMA,SWASTA,Kab. Sidoarjo,Kec. Candi,Jl. M. Ridwan No.7 Candi,candi,61271,0318056489,smahangtuah5sidoarjo@gmail.com,https://smahangtuah5.sch.id,A,850,490,360,24
20533776,SMP NEGERI 20 MALANG,SMP,NEGERI,Kota Malang,Kec. Blimbing,Jl. R. Tumenggung Suryo No. 38 Malang,Bunulrejo,65123,0341491806,smpn20_malang@yahoo.com,http://www.smpn20-malang.sch.id,A,850,428,422,27
20532452,SMKS PGRI 1 SURABAYA,SMK,SWASTA,Kota Surabaya,Kec. Wonocolo,JL. JEMURSARI VIII NO.120  SURABAYA,Jemur Wonosari,60237,0318473730,smkpgri1sby@gmail.com,http://smkpgri1sby.sch.id,A,850,845,5,27
20532149,SMAS KEMALA BHAYANGKARI 1 SURABAYA,SMA,SWASTA,Kota Surabaya,Kec. Gayungan,JL. AHMAD YANI NO. 30 -32,-,60234,0318286995,smabhaone.surabaya@gmail.com,http://www.smakmlbhayangkari1sby.sch.id,A,850,381,469,24
20523867,UNIT PELAKSANA TEKNIS DAERAH (UPTD) SATUAN PENDIDIKAN SMPN 1 KENCONG,SMP,NEGERI,Kab. Jember,Kec. Kencong,Jl. Krakatau 78,Wunguan,68167,0336321212,smpn1kencong@gmail.com,http://www.smp1kencong.sch.id,A,849,387,462,27
20511944,UPTD SMPN 1 Kandangan,SMP,NEGERI,Kab. Kediri,Kec. Kandangan,Jl. Jombang No. 98,Sumber Nglebeng,64294,03543250605,smpn1kandangan@ymail.com,http://www.smpn1kandangankediri.sch.id,A,849,422,427,24
20517396,SMP AL MUNAWWARIYYAH,SMP,SWASTA,Kab. Malang,Kec. Bululawang,Jalan Raya Sudimoro 9,Sudimoro,65171,085179997926,smp_almuna@yahoo.com,http://www.smp.almunawwariyyah.sch.id,A,849,370,479,28
20542430,SMP NEGERI 1 DURENAN,SMP,NEGERI,Kab. Trenggalek,Kec. Durenan,Jl. Raya Durenan No.10,Durenan,66381,,smpn1durenan@yahoo.co.id,https://www.smpn1durenan.sch.id,A,848,433,415,27
20535076,UPT Satuan Pendidikan SMPN 1 ,SMP,NEGERI,Kota Blitar,Kec. Kepanjenkidul,Jl. A. Yani No. 8,LINGKUNGAN VETERAN,66111,0342801921,smpn1blitar@yahoo.com,https://smpn1blitar.sch.id/,A,848,405,443,27
20514474,UPT SMP NEGERI 1 BINANGUN,SMP,NEGERI,Kab. Blitar,Kec. Binangun,Jl. A Yani 191 Binangun,Mentaraman,66193,0342351043,uptsmpn1binangunblitar@gmail.com,http://www.smpn1binangunblitar.sch.id,A,847,405,442,27
20503473,SMP NEGERI 5 JOMBANG,SMP,NEGERI,Kab. Jombang,Kec. Jombang,JL.KH.Hasyim Asyari No. 102 ,Parimono,61419,861678,smpn5jombang@gmail.com,http://www.smpn5jmb.blogspot.com,A,847,448,399,27
20535080,UPT Satuan Pendidikan SMPN 4 ,SMP,NEGERI,Kota Blitar,Kec. Sananwetan,Jl. Dr Sutomo 92,Bendogerit,66133,0342801421,smp4.blitar@yahoo.co.id,http://lms.smpn4kotablitar.sch.id,A,847,446,401,27
20535079,UPT Satuan Pendidikan SMPN 3,SMP,NEGERI,Kota Blitar,Kec. Kepanjenkidul,Jl. Ciliwung 176,,66115,0342801721,smpn3.blitar@gmail.com,http://spega.com,A,847,417,430,27
20571471,SMP NEGERI 47 SURABAYA,SMP,NEGERI,Kota Surabaya,Kec. Sambi Kerep,"Jl. Lempung Perdana V No. 1-3, Lontar, Sambi Kerep, Surabaya 60216",Lontar,60216,0317415696,smpn47surabaya@gmail.com,http://smpn47surabaya.sch.id,A,847,429,418,26
20549350,SMAN PAKUSARI,SMA,NEGERI,Kab. Jember,Kec. Pakusari,JL. PB. SUDIRMAN 120,Krajan,68181,03314355227,sman_pakusari@yahoo.co.id,http://www.smanpakusari.sch.id,A,846,439,407,24
20523882,UNIT PELAKSANA TEKNIS DAERAH (UPTD) SATUAN PENDIDIKAN SMPN 1 WULUHAN,SMP,NEGERI,Kab. Jember,Kec. Wuluhan,Jl. Puger No. 290 Ampel Wuluhan,Sambiringik,68162,0336621879,smpn1_wuluhan_jember@yahoo.co.id,http://,A,846,377,469,27
20523854,UNIT PELAKSANA TEKNIS DAERAH (UPTD) SATUAN PENDIDIKAN SMPN 2 BALUNG,SMP,NEGERI,Kab. Jember,Kec. Balung,Jalan SMPN 2 Nomor 9,Sumberkadut,68161,0336621750,smpn2balung@gmail.com,http://www.smpn2balung.sch.id,A,846,475,371,27
20503466,SMP NEGERI 1 PERAK,SMP,NEGERI,Kab. Jombang,Kec. Perak,Jl. Raya Perak Jombang,KALANGAN,61461,0321860170,smpnsatuperak@ymail.com,smpn1perakjombang.sch.id,A,846,396,450,27
20532218,SMAN 18 SURABAYA,SMA,NEGERI,Kota Surabaya,Kec. Jambangan,JL. BIBIS KARAH SAWAH NO. 9,Karah,60232,8286003,sman18_sby@yahoo.co.id,http://sman18sby.sch.id,A,846,381,465,25
20503510,SMP NEGERI 1 JOGOROTO,SMP,NEGERI,Kab. Jombang,Kec. Jogoroto,Jl. Mayangan No. 11,Mayangan,61485,0321864376,smpn1jogoroto@gmail.com,https://smpn1jogoroto.sch.id,A,845,426,419,27
20507717,SMAN 1 DAGANGAN,SMA,NEGERI,Kab. Madiun,Kec. Dagangan,JL. Gerilya No. 7 ,Pintu,63172,0351368589,smandag_01@yahoo.co.id,http://sman1dagangan.sch.id,A,845,430,415,25
20523843,SMAN ARJASA,SMA,NEGERI,Kab. Jember,Kec. Arjasa,Jln. Sultan Agung No. 64 ,-,68191,0331540133,smaarjasa@yahoo.co.id,https://www.smanarjasajember.sch.id,A,844,382,462,24
20551716,UPT SMP NEGERI 2 SRENGAT,SMP,NEGERI,Kab. Blitar,Kec. Srengat,Jl. Stadion,Dandong,66152,0342551019,uptsmpnsrengat2@gmail.com,http://,A,843,459,384,27
20523827,SMAN 5 JEMBER,SMA,NEGERI,Kab. Jember,Kec. Patrang,Jalan Semangka 4,Glisat,68112,0331422136,smalajember@gmail.com,http://www.sman5jember.sch.id,A,843,397,446,24
20521406,SMP NEGERI 1 SUKODONO,SMP,NEGERI,Kab. Lumajang,Kec. Sukodono,Jl. Jend. Gatot Subroto No.2 Lumajang ,Sidosari,67352,0334882292,smpn1sukodono@yahoo.com,http://www.smpn1sukodono-lmj.sch.id,A,843,419,424,27
20538363,SMP NEGERI 1 LOCERET,SMP,NEGERI,Kab. Nganjuk,Kec. Loceret,Jl. Raya Kediri 303,LOCERET,64471,0358322441,smpn1loceret@yahoo.co.id,http://www.smpn1loceret.sch.id/,A,842,468,374,27
20562450,SMP NEGERI 43 SURABAYA,SMP,NEGERI,Kota Surabaya,Kec. Bubutan,Jl. Raden Saleh No. 12 Surabaya,Bubutan,60174,0315311260,smp43surabaya@gmail.com,http://smp43surabaya.sch.id,A,842,401,441,26
20503486,SMP NEGERI 1 MOJOWARNO,SMP,NEGERI,Kab. Jombang,Kec. Mojowarno,Jl. Merdeka Desa Mojojejer,MOJOJEJER,61475,,smpn_1mjw@yahoo.co.id,http://www.smpn1mojowarno.sch.id,A,841,404,437,27
69939287,SMP ISLAM AS SYAFIAH,SMP,SWASTA,Kab. Nganjuk,Kec. Loceret,"Dusun Mojosari, Desa Ngepeh, Kec. Loceret",Dsn. Mojosari,64471,03583550243,smpislamassyafiah@gmail.com,http://assyafiah.sch.id/,B,841,282,559,28
20533791,SMP NEGERI 18 MALANG,SMP,NEGERI,Kota Malang,Kec. Lowokwaru,Jalan Soekarno Hatta A-394,GRIYA SHANTA,65142,0341472418,smp18mlg@gmail.com,http://www.smpn18mlg.sch.id,A,841,421,420,26
20535474,SMA NEGERI 4 PASURUAN,SMA,NEGERI,Kota Pasuruan,Kec. Panggungrejo,JL. HASANUDIN NO. 76,Karanganyar,67131,422522,sma4_pasuruan@yahoo.com,http://https://www.sman4-pasuruan.sch.id,A,841,400,441,24
20535442,UPT SMP NEGERI 5,SMP,NEGERI,Kota Pasuruan,Kec. Bugul Kidul,Jl. Trunojoyo 291 Pasuruan,,67121,0343426270,smp5_pas@yahoo.co.id,http://smpn5kopas.sch.id,A,841,483,358,27
20514414,UPT SMP NEGERI 1 TALUN,SMP,NEGERI,Kab. Blitar,Kec. Talun,Desa Bendosewu,Bendorejo,66183,0342691969,smpn1talun@gmail.com,http://smpn1talun.sch.id,A,840,441,399,27
20517501,SMP NEGERI 3 LAWANG,SMP,NEGERI,Kab. Malang,Kec. Lawang,JL. KETINDAN NO. 185,,65214,0341425303,smpn3lawang@yahoo.co.id,http://www.smpn3lawang.sch.id,A,840,430,410,27
20525635,SMP NEGERI 2 ROGOJAMPI,SMP,NEGERI,Kab. Banyuwangi,Kec. Rogojampi,Jl. P. Diponegoro No 77,JAJANGSURAT,68462,0333631314,smpn2rogojampi@yahoo.com,http://smpn2rogojampi.sch.id,A,839,417,422,24
20504478,SMA NEGERI 2 TARUNA PAMONG PRAJA JAWA TIMUR,SMA,NEGERI,Kab. Bojonegoro,Kec. Bojonegoro,JL. HOS COKROAMINOTO 09,-,62114,0353881663,sma2bojonegoro09@gmail.com,http://www.sma2bojonegoro.sch.id,A,839,406,433,24
20508490,SMKN 1 KASREMAN,SMK,NEGERI,Kab. Ngawi,Kec. Kasreman,JL. RAYA NGAWI - CARUBAN KM.06,Prayungan,63281,081231585558,smkn1kasreman@yahoo.co.id,http://www.smkn1kasreman.sch.id,B,839,274,565,24
20551750,UPT SMP NEGERI 1 SELOREJO,SMP,NEGERI,Kab. Blitar,Kec. Selorejo,Dsn. Kepel RT. 01 RW. 01,KEPEL,66192,0342332122,uptsmpnegeri1selorejo@gmail.com,http://,A,836,410,426,27
60726286,SMK AL-MAHRUSIYAH,SMK,SWASTA,Kota Kediri,Kec. Mojoroto,JL. Ngampel Raya RT. 04 RW. 01 ,Ngampel,64112,081216621981,info@smkalmahrusiyah.sch.id,http://smkalmahrusiyah.sch.id,B,836,511,325,27
20534168,SMPN 4,SMP,NEGERI,Kota Madiun,Kec. Taman,Jl. Abdul Rahman Saleh 03,Kejuron,63132,0351462565,smpn4madiun@gmail.com,http://smpn4madiun.sch.id,A,836,430,406,27
20532242,SMAN 1 SURABAYA,SMA,NEGERI,Kota Surabaya,Kec. Genteng,JL. WIJAYAKUSUMA  48,-,60272,5345670,principalsman1sby@yahoo.co.id,http://www.sman1sby.sch.id,A,836,393,443,24
20549633,SMK NEGERI 1 LABANG BANGKALAN,SMK,NEGERI,Kab. Bangkalan,Kec. Labang,JL. RAYA LABANG,-,69163,081703600026,smkn1labang@yahoo.co.id,http://smkn1labang.sch.id,B,834,550,284,28
20508535,SMP NEGERI 1 KARANGJATI,SMP,NEGERI,Kab. Ngawi,Kec. Karangjati,Jl. Raya Karangjati,Bangon,63284,0351661051,smpn1karangjati@yahoo.com,http://smpn1karangjati.sch.id,A,834,390,444,27
20532563,SMP NEGERI 5 SURABAYA,SMP,NEGERI,Kota Surabaya,Kec. Krembangan,Jl. Rajawali No. 57 Surabaya,SURABAYA,60175,0313550149,smpnegeri5surabaya@gmail.com,http://www.smpn5sby.sch.id,A,834,431,403,25
20531218,SMP AL HIKAM,SMP,SWASTA,Kab. Bangkalan,Kec. Burneh,Tunjung,Perumnas,69121,082330998655,smp.alhikam@yahoo.co.id,http://,A,833,316,517,27
20523857,UNIT PELAKSANA TEKNIS DAERAH (UPTD) SATUAN PENDIDIKAN SMPN 2 JEMBER,SMP,NEGERI,Kab. Jember,Kec. Patrang,Jl. P.B. Sudirman No. 26 Jember,Wetan kantor,68118,0331484878,info@smpn2jember.sch.id,http://www.smpn2jember.sch.id,A,833,356,477,24
20554787,SMKN 1 BRINGIN,SMK,NEGERI,Kab. Ngawi,Kec. Bringin,"Jl. Sidokerto - Bringin, Ds. Krompol, Kec. Bringin, Kab. Ngawi, Jawa Timur",WINONG BARAT,63285,085708094648,smknsatubringin@gmail.com,http://www.smknsatubringin.blogspot.com,B,833,568,265,24
20535078,UPT Satuan Pendidikan SMPN 2 ,SMP,NEGERI,Kota Blitar,Kec. Kepanjenkidul,Jl. Melati 112,,66111,0342801821,uptsmpn2blitar@gmail.com,-,A,833,422,411,27
20506328,SMA NEGERI 1 MANTUP LAMONGAN,SMA,NEGERI,Kab. Lamongan,Kec. Mantup,Jl. Balongpanggang - Mantup Desa Tugu Kecamatan Mantup,Tugu,62283,03224670445,sman1_mantup@yahoo.co.id,http://www.sman1mantup.sch.id,A,832,294,538,25
20532615,SMP YP 17 SURABAYA,SMP,SWASTA,Kota Surabaya,Kec. Kenjeran,Jl. Randu No. 17 Surabaya,SIDOTOPO,60128,0313763721,smpyp17surabaya@yahoo.com,http://smpyp17sby.sch.id,A,832,427,405,26
20514471,UPT SMP NEGERI 1 GARUM,SMP,NEGERI,Kab. Blitar,Kec. Garum,Jl Sumatra No. 2,Pucungsari Lor,66182,0342561524,smpn1garum@gmail.com,http://www.smpn1garum.sch.id/,A,831,368,463,27
20517500,SMP NEGERI 3 KEPANJEN,SMP,NEGERI,Kab. Malang,Kec. Kepanjen,JL. RAYA SUKORAHARJO NO. 60,KETAPANG,65163,395790,ssempatig@gmail.com,http://smpn3kepanjen.sch.id,A,831,407,424,27
20501760,SMP YPM 3 TAMAN,SMP,SWASTA,Kab. Sidoarjo,Kec. Taman,Jl Raya Bringinbendo,BRINGIN KULON,61257,7882440,smpypm3taman@yahoo.co.id,http://www.smpypm3bringinbendo.sch.id,A,831,466,365,27
20514413,UPT SMP NEGERI 1 UDANAWU,SMP,NEGERI,Kab. Blitar,Kec. Udanawu,Jl. Raya Kediri,Mangunan,66154,0342551511,smpnegeri1udanawu@gmail.com,http://smpnegeri1udanawu.sch.id,A,830,472,358,27
20549657,SMAN JENGGAWAH,SMA,NEGERI,Kab. Jember,Kec. Jenggawah,Jalan Tempurejo Nomor 76,WETAN GUNUNG,68171,0331757128,sman1jenggawah@yahoo.co.id,http://www.smanegerijenggawah.sch.id,A,830,340,490,24
20539811,SMA NEGERI 1 NGRONGGOT NGANJUK,SMA,NEGERI,Kab. Nganjuk,Kec. Ngronggot,"DS. TANJUNGKALANG, NGRONGGOT",TANJUNGKALANG,64395,03587891061,sman1ngronggot@gmail.com,http://sman1ngronggot.sch.id,A,830,328,502,24
20533767,SMP NEGERI 5 MALANG,SMP,NEGERI,Kota Malang,Kec. Klojen,Jl. W.R  Supratman No.12,RAMPAL CELAKET,65111,0341482713,surat@smpn5-mlg.sch.id,http://www.smpn5-mlg.sch.id,A,830,416,414,26
20514473,UPT SMP NEGERI 1 DOKO,SMP,NEGERI,Kab. Blitar,Kec. Doko,Jl. Desa Resapombo ,Resapombo,66186,03426335199,smpn1doko@yahoo.co.id,http://smpn1doko.sch.id,A,829,426,403,27
20514437,UPT SMP NEGERI 2 NGLEGOK,SMP,NEGERI,Kab. Blitar,Kec. Nglegok,Jl Pramuka No. 24,Nglegok,66181,03424567110,smpn2nglegok@yahoo.com,http://www.smpn2nglegok.sch.id,A,829,416,413,27
20535100,UPT Satuan Pendidikan SMPN 9,SMP,NEGERI,Kota Blitar,Kec. Sukorejo,Jl. WIDAS NO. 29 ,PAKUNDEN,66122,803659,smpn9blitar@gmail.com,,A,829,415,414,27
20525724,SMP NEGERI 1 MUNCAR,SMP,NEGERI,Kab. Banyuwangi,Kec. Muncar,Jl. Jenderal Achmad Yani 64,Kedungringin,68472,0333592156,smpn1muncar@gmail.com,http://,A,827,379,448,24
20503511,SMP NEGERI 1 GUDO,SMP,NEGERI,Kab. Jombang,Kec. Gudo,Jl. Raya Gudo No. 3,Sentanan,61463,0321866538,smpnegeri1gudo@yahoo.co.id,www.smpn1gudo.sch.id,A,827,398,429,26
20506351,SMP NEGERI 1 MADURAN,SMP,NEGERI,Kab. Lamongan,Kec. Maduran,Jl. Raya Maduran,Maduran,62261,03223384239,smpn1maduran@yahoo.co.id,http://smpn1maduran.sch.id,A,827,439,388,25
20517471,SMP NEGERI 1 SUMBERPUCUNG,SMP,NEGERI,Kab. Malang,Kec. Sumberpucung,JL. MANGGAR NO. 28 ,BANDUNG,65165,0341385409,smpnegeri01sumberpucung@gmail.com,http://www.smpn1-sumberpucung.sch.id/,A,827,459,368,27
20519207,SMPN 1 GONDANGWETAN,SMP,NEGERI,Kab. Pasuruan,Kec. Gondang Wetan,Jl.Bromo 15 Gondangwetan,,67174,0343441074,smpn1_gondangwetan@yahoo.com,http://smpn1gonta.sch.id,A,826,499,327,24
20533786,SMP NEGERI 14 MALANG,SMP,NEGERI,Kota Malang,Kec. Blimbing,Malang,,65124,0341474458,smpn14_malang@yahoo.co.id,http://smpn14-mlg.sch.id,A,826,424,402,26
69965324,SMP NEGERI 60 SURABAYA,SMP,NEGERI,Kota Surabaya,Kec. Kenjeran,Jl.Kalilom Lor Indah,Tanah Kalikedinding,60129,03199921327,smpn60surabaya@gmail.com,http://,A,826,418,408,26
20500659,SMAS ASSAADAH BUNGAH,SMA,SWASTA,Kab. Gresik,Kec. Bungah,JL. RAYA BUNGAH NO 01,Bungah,61152,0313949502,smadahgresik@yahoo.com,http://smadahgresik.sch.id,A,825,284,541,25
20501730,SMP NEGERI 2 KREMBUNG,SMP,NEGERI,Kab. Sidoarjo,Kec. Krembung,Jl. Raya Krembung No. 37 Sidoarjo,Krembung Barat,61275,0318851455,smpn2_krembung@yahoo.co.id,https://smpn2krembung.sch.id,A,824,418,406,27
20529892,SMP NEGERI 1 KALIANGET,SMP,NEGERI,Kab. Sumenep,Kec. Kalianget,Jl.Raya Kalianget,Temor Lorong,69471,661922,ops.smpn1kalianget@yahoo.co.id,http://www.smpnegerisatukalianget.sch.id,A,824,440,384,27
20532565,SMP NEGERI 7 SURABAYA,SMP,NEGERI,Kota Surabaya,Kec. Krembangan,Jl. Tanjung Sadari No. 17,TANJUNG SADARI NO. 17 SURABAYA,60177,0313541603,smpn7sby@gmail.com,http://smpn7surabaya.sch.id/,A,824,407,417,26
20503512,SMP NEGERI 1 DIWEK,SMP,NEGERI,Kab. Jombang,Kec. Diwek,Jl. Raya Bandung No. 56 Ceweng Diwek Jombang,Ceweng,61471,0321865539,smpnegeri1diwek@gmail.com,http://smpn1diwek.sch.id,A,823,416,407,26
20519218,SMPN 1 GRATI,SMP,NEGERI,Kab. Pasuruan,Kec. Grati,Kedawung Wetan,Kedawung Wetan,67184,0343481167,grati1smpn@gmail.com,http://www.spansagra.sch.id,A,823,474,349,24
20511870,UPTD SMPN 2 Wates,SMP,NEGERI,Kab. Kediri,Kec. Wates,Jl Mujair No 10 Wates,Tawang,64174,0354442104,smpn2wates@yahoo.com,http://www.smpn2wateskediri.sch.id,A,822,431,391,24
20519173,SMPN 1 TUTUR,SMP,NEGERI,Kab. Pasuruan,Kec. Tutur,Jalan Raya Tutur No.14,Krajan,67165,0343499194,smpn1_tutur@yahoo.com,http://https://www.smpn1tutur.sch.id/,A,822,417,405,22
20533790,SMP NEGERI 17 MALANG,SMP,NEGERI,Kota Malang,Kec. Sukun,Jl. Pelabuhan Tanjung Priok 170,Slilir,65148,0341802477,smpnegeri17@yahoo.com,http://www.smpn17malang.sch.id,A,822,423,399,27
20521464,SMKN KLAKAH,SMK,NEGERI,Kab. Lumajang,Kec. Klakah,JL. RAYA RANDUAGUNG 17,Kebonan,67356,0334441503,mail@smkn-klakah.sch.id,http://www.smkn-klakah.sch.id,B,821,594,227,33
20533811,SMKS MUHAMMADIYAH 1 MALANG,SMK,SWASTA,Kota Malang,Kec. Klojen,JL. GALUNGGUNG 37 A-B,-,65115,0341580889,smkmuh1kotamalang@yahoo.com,http://www.smkmuh1kotamalang.sch.id,B,821,602,219,25
20525713,SMP NEGERI 1 CLURING,SMP,NEGERI,Kab. Banyuwangi,Kec. Cluring,Jl. Jend. Basuki Rahmad 56,Krajan,68482,0333396158,smpn1cluring@gmail.com,http://smpn1cluring.blogspot.com,A,820,345,475,24
20517482,SMP NEGERI 1 DONOMULYO,SMP,NEGERI,Kab. Malang,Kec. Donomulyo,Jl. Raya 60 Donomulyo,Mulyosari,65167,0341881126,smp1don@gmail.com,http://,A,820,407,413,27
20520024,SMA NEGERI 1 DRINGU,SMA,NEGERI,Kab. Probolinggo,Kec. Dringu,JL. YOS SUDARSO NO. 139,Pandean,67271,0335420309,sman1dringu1992@gmail.com,http://sman1dringu.sch.id,A,820,400,420,24
20533783,SMP NEGERI 11 MALANG,SMP,NEGERI,Kota Malang,Kec. Lowokwaru,Jl.ikan Piranha Atas No. 185,,65142,0341494086,smp11mlg@gmail.com,http://https://www.smpn11-mlg.sch.id,A,820,379,441,25
20531223,SMK NEGERI 2 BANGKALAN,SMK,NEGERI,Kab. Bangkalan,Kec. Bangkalan,JL. HALIM PERDANA KUSUMA,-,69116,0313092223,smkn2bangkalan301@gmail.com,http://smkn2bangkalan.sch.id/,A,819,671,148,34
20536296,SMAN 3 PROBOLINGGO,SMA,NEGERI,Kota Probolinggo,Kec. Wonoasih,JL. JERUK 66-68,Krajan,67233,0335423475,sman3prob@gmail.com,http://www.smagapro-pbl.sch.id,A,819,436,383,24
20532258,SMK ADHIKAWACANA ,SMK,SWASTA,Kota Surabaya,Kec. Sukolilo,JL. KEPUTIH III - C PERUMAHAN NO. 1,Keputih,60111,0315962140,info@smkadhikawacana.sch.id,http://smkadhikawacana.sch.id,A,818,292,526,26
20521461,SMAN 1 YOSOWILANGUN,SMA,NEGERI,Kab. Lumajang,Kec. Yosowilangun,JL. RAYA KEBON SARI YOSOWILANGUN,KEBONSARI,67382,0334390170,smayosowilangun@yahoo.co.id,http://sman1yosowilangun.sch.id,A,817,308,509,24
20500424,SMKS MUHAMMADIYAH 1 GRESIK,SMK,SWASTA,Kab. Gresik,Kec. Bungah,JL. RAYA BUNGAH KM 17 GRESIK,-,61152,0313940766,smkm1.gresik@gmail.com,http://smkmutugresik.sch.id,A,816,575,241,30
20502728,SMAN 1 TRAWAS,SMA,NEGERI,Kab. Mojokerto,Kec. Trawas,JL. JOLOTUNDO NO. 2,Sendang,61375,03436753020,sman1trawas.mojokerto@gmail.com,http://www.sman1trawas.com,A,816,385,431,24
20538330,SMA NEGERI 1 BERBEK NGANJUK,SMA,NEGERI,Kab. Nganjuk,Kec. Berbek,Jalan Sedudo ,Pogalan,64473,0358331548,sman1berbeknganjuk@gmail.com,http://www.sman1berbekngk.sch.id,A,815,287,528,24
20519172,SMPN 1 WINONGAN,SMP,NEGERI,Kab. Pasuruan,Kec. Winongan,JL. RAYA MENDALAN,Bica'an,67182,0343441273,smpnwinongan1@gmail.com,https://smpn1winongan.sch.id,A,814,531,283,23
20540314,SMK NEGERI WONOSALAM,SMK,NEGERI,Kab. Jombang,Kec. Wonosalam,JL. ANJASMORO WONOSALAM,Pucangrejo,61476,081334696920,smkn.wonosalam.jombang@gmail.com,http://www.smknwonosalam.sch.id/,B,813,507,306,24
20554366,SMK NEGERI 1 SURUH,SMK,NEGERI,Kab. Trenggalek,Kec. Suruh,Jln. Ngusman desa Suruh Kec Suruh,Jatirejo,66361,03555236841,smkn1suruh@yahoo.co.id,http://smkn1suruh.sch.id,A,813,592,221,27
20525718,SMP NEGERI 1 SINGOJURUH,SMP,NEGERI,Kab. Banyuwangi,Kec. Singojuruh,Jl. Raya Padang No. 52,KRAJAN TIMUR,68464,,smpn1singojuruh@yahoo.co.id,http://www.smpn1singojuruh.sch.id,A,812,447,365,24
20503474,SMP NEGERI 4 JOMBANG,SMP,NEGERI,Kab. Jombang,Kec. Jombang,Jl. Mawar No. 3,BANJARDOWO,61451,085730202020,smpnegeri4jombang@gmail.com,http://https://smpn4jombang.sch.id/,A,812,434,378,26
20511937,UPTD SMPN 2 Kunjang,SMP,NEGERI,Kab. Kediri,Kec. Kunjang,Jl. Raya Kunjang - Badas No. 265,Kuwik,64156,0354393127,smpn2_kunjang@yahoo.co.id,http://www.smpn2kunjangkabkediri.sch.id,A,812,437,375,27
20508471,SMAN 1 KARANGJATI,SMA,NEGERI,Kab. Ngawi,Kec. Karangjati,JL. RAYA CARUBAN NGAWI,Sidokerto,63284,0351661729,sma1karangjati@gmail.com,http://www.smakar.sch.id,A,812,343,469,24
69988281,SMK TELKOM SIDOARJO,SMK,SWASTA,Kab. Sidoarjo,Kec. Sidoarjo,Jl. Raya Pecantingan RT 12 RW 04,Sekardangan,61215,03199711857,informasi@smktelkom-sda.sch.id,http://www.smktelkom-sda.sch.id,A,811,601,210,25
20533788,SMP NEGERI 16 MALANG,SMP,NEGERI,Kota Malang,Kec. Blimbing,Jl. Teluk Pacitan No.46,ARJOSARI,65126,0341490441,surat@smpn16malang.sch.id,http://www.smpn16malang.sch.id,A,811,404,407,25
20525863,SMAN 1 BANYUWANGI,SMA,NEGERI,Kab. Banyuwangi,Kec. Banyuwangi,JL. Ikan Tongkol No 22 ,-,68418,0333423589,smantabanyuwangi@yahoo.co.id,http://www.sman1bwi.sch.id,A,810,308,502,23
69906066,SMP NEGERI 53 SURABAYA,SMP,NEGERI,Kota Surabaya,Kec. Benowo,Jl. Kendung 110,SEMEMI,60198,99163925,spenliga@gmail.com,http://smpn53sby.mysch.id,A,809,420,389,24
20506357,SMP NEGERI 1 KARANGGENENG,SMP,NEGERI,Kab. Lamongan,Kec. Karanggeneng,Ds. Sumberwudi Karanggeneng Kab. Lamongan,SUMBERWUDI,62254,0322390669,officesmpn1karanggeneng@gmail.com,http://www.smpn1karanggeneng.sch.id,A,808,420,388,27
20520818,SMAN CANDIPURO,SMA,NEGERI,Kab. Lumajang,Kec. Candipuro,"JL.Jenderal Sudirman No.61, Candipuro",Dsn. Candipuro Wetan,67373,572646,smacan1lumajang@gmail.com,http://smancandipuro.sch.id,A,808,372,436,24
69904634,SMA AL MAJIDIYAH PALDUDING,SMA,SWASTA,Kab. Pamekasan,Kec. Pegantenan,Dusun Bunut Desa Plakpak Kec. Pegantenan,Bunut,69361,081230546303,alpadbisa.sma@gmail.com,http://www.alpadbisa.wordpress.com,B,808,558,250,24
20514438,UPT SMP NEGERI 2 KADEMANGAN,SMP,NEGERI,Kab. Blitar,Kec. Kademangan,Jl Sadewo No. 75,Lk. Jaten,66161,03428171875,smpnegeri2kademangan@gmail.com,http://https://smpn2kademangan.sch.id/,A,807,426,381,27
20541363,SMP NEGERI 1 NGRAHO,SMP,NEGERI,Kab. Bojonegoro,Kec. Ngraho,Jl. Raya No. 613 Ngraho-bojonegoro,Ngori,62165,0353591236,smpn1ngraho@gmail.com,http://,A,807,426,381,27
20510761,SMP NEGERI 1 JETIS,SMP,NEGERI,Kab. Ponorogo,Kec. Jetis,Jl. Jend. Sudirman No.28 A,Josari,63473,0352311830,smp1jts@yahoo.com,http://smpn1jtspo.sch.id,A,807,393,414,24
20542462,SMP NEGERI 3 TRENGGALEK,SMP,NEGERI,Kab. Trenggalek,Kec. Trenggalek,Jl. KH. Hasyim Asyhari No. 2 Trenggalek,,66316,791342,smpnegeritigatrenggalek@gmail.com,http://smpn3trenggalek.sch.id,A,807,398,409,24
20533630,SMAS ISLAM,SMA,SWASTA,Kota Malang,Kec. Klojen,JL. RA. Kartini No. 2,-,65111,0341325422,smaislamkotamalang@yahoo.com,http://www.smaislammalang.sch.id,A,807,368,439,24
20513239,SMP NEGERI 1 NGRONGGOT,SMP,NEGERI,Kab. Nganjuk,Kec. Ngronggot,Jl. P.B. Sudirman,DINGIN,64395,0358771340,smpnegeri1ngronggot@gmail.com,http://www.smpn1ngronggot.sch.id,A,806,410,396,27
20541261,SMKN NGAMBON,SMK,NEGERI,Kab. Bojonegoro,Kec. Ngambon,JL. RAYA NGAMBON NO. 405 B,Karang,62167,03535216688,smknngambon405@gmail.com,http://smknngambonbjn.sch.id,A,805,496,309,24
20511873,UPTD SMPN 1 Pare,SMP,NEGERI,Kab. Kediri,Kec. Pare,Jl. Soekarno Hatta 98,BENDO ASRI,64225,0354392326,spipa_bendo@yahoo.co.id,http://www.sp1paprima.sch.id,A,805,442,363,24
20584054,SMK MULTIMEDIA TUMPANG,SMK,SWASTA,Kab. Malang,Kec. Tumpang,KAMPUS II : JL.MELATI 16 MALANGSUKO,MALANGSUKO,65156,0341786340,smkmultimediatumpang@gmail.com,http://smkmultimediatumpang.sch.id,A,804,407,397,23
20515434,SMAN 1 CAMPURDARAT,SMA,NEGERI,Kab. Tulungagung,Kec. Campur Darat,JL. POPOH INDAH,-,66272,531217,smacampurdarat@gmail.com,http://www.sman1campurdarat.sch.id.,A,804,347,457,24
20503517,SMP A. WAHID HASYIM TEBUIRENG,SMP,SWASTA,Kab. Jombang,Kec. Diwek,Jl. Irian Jaya Tromol Pos 5 Tebuireng,Tebuireng,61471,081234818176,smpawhtebuireng@gmail.com,http://smpawhtebuireng.sch.id,A,803,456,347,27
20511932,UPTD SMPN 3 Wates,SMP,NEGERI,Kab. Kediri,Kec. Wates,Jl. Kediri 449 Wates,SUKOREJO,64174,0354442281,smptigawates@ymail.com,http://www.smpn3wates.sch.id,A,803,471,332,24
20522644,SMKN 1 SUBOH SITUBONDO,SMK,NEGERI,Kab. Situbondo,Kec. Suboh,JL. RAYA SUBOH NO. 03,-,68354,0338893956,admin@smkn1suboh.sch.id,http://smkn1suboh.sch.id,A,803,558,245,30
20525633,SMP NEGERI 2 BANYUWANGI,SMP,NEGERI,Kab. Banyuwangi,Kec. Banyuwangi,Jl. Ranggawuni 41 Banyuwangi,Kebalenan,68417,0333424728,smp2.banyuwangi@gmail.com,http://www.ranggawuni.blogspot.com,A,800,414,386,24
20503410,SMA NEGERI KABUH,SMA,NEGERI,Kab. Jombang,Kec. Kabuh,JL RAYA TANJUNGWADUNG 40  KABUH,TEGAL REJO,61455,0321888222,sman.kabuh@yahoo.co.id,http://www.smankabuh.sch.id,A,800,306,494,22
69906067,SMP NEGERI 54 SURABAYA,SMP,NEGERI,Kota Surabaya,Kec. Bulak,Jl.Kyai Tambak Deres No.293,Bulak,60124,03151506131,smpn54sby@gmail.com,http://,A,800,415,385,26
20532480,SMP TAMAN PELAJAR,SMP,SWASTA,Kota Surabaya,Kec. Sukomanunggal,Jl.tangkisturi No. 8-10 Surabaya,,60181,0315343591,smp.taman.pelajar@gmail.com,http://www.smptp.sch.id,A,800,433,367,24
20552240,SMKN WIDANG,SMK,NEGERI,Kab. Tuban,Kec. Widang,JL.Brawijaya 350,Mrutuk Utara,62383,03567076444,info@smknwidang.sch.id,http://smknwidang.sch.id,A,799,533,266,33
20532561,SMP NEGERI 31 SURABAYA,SMP,NEGERI,Kota Surabaya,Kec. Kenjeran,Jl. Dukuh Bulak Banteng Sekolahan,BULAK BANTENG,60127,03158288414,smpnsby31@gmail.com,http://smpn31surabaya.sch.id,A,799,391,408,26
20523905,UNIT PELAKSANA TEKNIS DAERAH (UPTD) SATUAN PENDIDIKAN SMPN 1 SEMBORO,SMP,NEGERI,Kab. Jember,Kec. Semboro,Jl. Raya No 2 Semboro ,Babatan,68157,0336441411,smpn1semboro@gmail.com,http://www.smp1semboro.sch.id,A,798,395,403,24
20521438,SMP NEGERI 2 PASIRIAN,SMP,NEGERI,Kab. Lumajang,Kec. Pasirian,Jl Gunung Tambuh No 1 Pasirian,Kedungpakis,67372,0334572221,smpnegeri2pasirian@gmail.com,http://smpn2pasirian.sch.id,A,798,420,378,27
20509352,SMP NEGERI 3 MAGETAN,SMP,NEGERI,Kab. Magetan,Kec. Magetan,Jl. Jendral Ahmad Yani No. 30 Magetan,,63311,0351895208,smpn3magetan20509352@gmail.com,http://https://www.smpnegeri3magetan.sch.id/,A,797,428,369,27
69947494,SMP NEGERI 58 SURABAYA,SMP,NEGERI,Kota Surabaya,Kec. Kenjeran,Jl.Platuk Donomulyo,SIDOTOPO WETAN,60128,03137304613,smpn58sby@gmail.com,http://smpn58sby.wordpress.co.id,A,797,413,384,25
20533768,SMP NEGERI 6 MALANG,SMP,NEGERI,Kota Malang,Kec. Klojen,JL KAWI NO 15A,BARENG,65116,0341364710,smpn6@smpn6-mlg.sch.id,http://www.smpn6-mlg.sch.id,A,796,422,374,25
20532572,SMP NEGERI 40 SURABAYA,SMP,NEGERI,Kota Surabaya,Kec. Lakarsantri,Jl.Bangkingan VIII/8,0,60214,0317521340,smpn40sby@gmail.com,http://smpnegeri40suroboyo.wordpress.com,A,796,411,385,27
20532530,SMP MUHAMMADIYAH 5 SURABAYA,SMP,SWASTA,Kota Surabaya,Kec. Gubeng,Jl. Pucang Taman I/2,Pucang Taman,60282,0315022761,smpm5sby@yahoo.co.id,http://www.spemma.sch.id,A,796,395,401,25
69896282,SMAN 1 DUKUN,SMA,NEGERI,Kab. Gresik,Kec. Dukun,Jl. Raya Mentaras Dukun,MENTARAS,61155,03199113733,sman1dukungresik@gmail.com,http://www.smandugres.sch.id/,A,795,381,414,22
20506347,SMP NEGERI 1 KEDUNGPRING,SMP,NEGERI,Kab. Lamongan,Kec. Kedungpring,Jl. Mayangkara No. 01,Mekande,62272,0322453110,smpn1kdp@gmail.com,http://www.smpn1kedungpring.sch.id,A,795,395,400,25
20514470,UPT SMP NEGERI 1 KADEMANGAN,SMP,NEGERI,Kab. Blitar,Kec. Kademangan,Desa Suruhwadang,SURUHWADANG,66161,,smpnkademangan1@gmail.com,http://,A,794,393,401,25
20517748,SMKS PGRI SINGOSARI,SMK,SWASTA,Kab. Malang,Kec. Singosari,JL. MOROTANJEK NO. 206,-,65153,0341458598,smkpgri_sgs_mlg@yahoo.co.id,http://www.smkpgri-sgs.sch.id,B,794,723,71,26
20519164,SMKN 1 NGULING,SMK,NEGERI,Kab. Pasuruan,Kec. Nguling,Jl. Dr. Soetomo No. 69 Nguling,Dusun Pasar,67185,0343483833,smkn1nguling@yahoo.co.id,http://www.smkn1nguling.sch.id,A,794,546,248,24
20532576,SMP NEGERI 34 SURABAYA,SMP,NEGERI,Kota Surabaya,Kec. Wiyung,Jl.Menganti Wiyung,Wiyung,60228,7532534,smp.negeri34@gmail.com,http://spentipat34bisa.blogspot.com,A,792,402,390,27
20523824,SMAN RAMBIPUJI,SMA,NEGERI,Kab. Jember,Kec. Rambipuji,JL. DURIAN 30 ,Bindung,68152,0331711173,smara30jbr@gmail.com,http://smanrambipuji.sch.id,A,791,324,467,24
20534781,SMKS PGRI MOJOKERTO,SMK,SWASTA,Kota Mojokerto,Kec. Prajurit Kulon,JL. RAYA SURODINAWAN 55 MOJOKERTO,Surodinawan,61328,0321397175,smkpgri_mjkt@yahoo.com,http://www.smkpgrikotamojokerto.sch.id,A,791,751,40,27
20509370,SMP NEGERI 1 PLAOSAN,SMP,NEGERI,Kab. Magetan,Kec. Plaosan,"Jl. Raya Sarangan, Plaosan, Magetan",Manding,63361,0351888077,smpn01plaosan@gmail.com,http://www.smp1plaosan.sch.id,A,789,397,392,25
20517761,SMK MUHAMMADIYAH 3 SINGOSARI,SMK,SWASTA,Kab. Malang,Kec. Singosari,JL. KEN AROK NO. 9 SINGOSARI,-,65153,0341458730,smkm3sgs@yahoo.com,http://www.smkm3sgs.sch.id,A,789,318,471,26
20571616,SMP NEGERI 48 SURABAYA,SMP,NEGERI,Kota Surabaya,Kec. Wonokromo,Jl. Bratang Wetan No. 36,NGAGELREJO,60245,0315023755,smpnegeri48sby@yahoo.co.id,http://www.smpn48sby.sch.id,A,789,391,398,23
20525721,SMP NEGERI 1 TEGALDLIMO,SMP,NEGERI,Kab. Banyuwangi,Kec. Tegaldlimo,Jl. Pb. Sudirman 8 Tegaldlimo,Sumberdadi,68484,0333592481,smpn01tegaldlimo@gmail.com,http://www.smpn1tegaldlimo.sch.id,A,788,411,377,24
20521416,SMP NEGERI 1 KUNIR,SMP,NEGERI,Kab. Lumajang,Kec. Kunir,Jl. Pb. Sudirman 01 Kunir,Kebonan,67383,0334520064,smpn1kunir@yahoo.co.id,http://www.smpn1kunir.sch.id,A,788,410,378,25
20538313,SMP NEGERI 2 PRAMBON,SMP,NEGERI,Kab. Nganjuk,Kec. Prambon,Bandung,Bandung,64484,081233725544,espradanganjuk@gmail.com,https://smpn2prambon.sch.id/,A,788,409,379,27
20515485,SMP N 2 NGUNUT,SMP,NEGERI,Kab. Tulungagung,Kec. Ngunut,Ds. Kacangan,Kacangan,66292,395789,smpn2ngunut@yahoo.co.id,http://,A,788,420,368,26
20532746,SMP KRISTEN PETRA 1,SMP,SWASTA,Kota Surabaya,Kec. Dukuh Pakis,H.R. Muhammad Kav. 808,,60226,0317311271,smp1@pppkpetra.sch.id,http://www.smp1.pppkpetra.sch.id,A,788,390,398,26
20546521,SMAS MUHAMMAD SHODIQ,SMA,SWASTA,Kab. Probolinggo,Kec. Maron,JL. AL HABIB HUSEIN,Dusun Krajan,67276,085236662321,smamuhammadshodiq@gmail.com,http://www.smamuhshodiq.sch.id,B,786,219,567,23
20502713,SMKS PGRI SOOKO,SMK,SWASTA,Kab. Mojokerto,Kec. Puri,JL.  Wijaya Kusuma ,JL. WIJAYA KUSUMA BAJARAGUNG,61363,082131746261,smkpgrisooko29@gmail.com,http://smkpgrisookomojokerto.sch.id,A,785,233,552,25
20532541,SMP NEGERI 24 SURABAYA,SMP,NEGERI,Kota Surabaya,Kec. Karang Pilang,JL.Kebraon Indah Permai,,60222,0317675188,smpn24spendapat@gmail.com,http://,A,785,411,374,27
20525729,SMP NEGERI 1 GLENMORE,SMP,NEGERI,Kab. Banyuwangi,Kec. Glenmore,Jalan Merapi 30,Sepanjang Kulon,68466,0333821130,smpn1glenmore@gmail.com,http://www.smpn1glenmore.sch.id,A,784,384,400,24
20535083,UPT Satuan Pendidikan SMPN 7 ,SMP,NEGERI,Kota Blitar,Kec. Kepanjenkidul,Jl. Raung No. 01,Kepanjenlor,66112,0342809948,smpnegeri7blitar@ymail.com,http://smpnegeri7blitar.sch.id/,A,784,410,374,25
20532557,SMP NEGERI 18 SURABAYA,SMP,NEGERI,Kota Surabaya,Kec. Bulak,Jalan Bambang Sutoro Komp. Tni Al Kenjeran,-,60121,0313821431,smpndelapanbelas@gmail.com,http://www.smpn18sby.sch.id,A,784,412,372,27
20510760,SMP NEGERI 1 KAUMAN,SMP,NEGERI,Kab. Ponorogo,Kec. Kauman,Jalan Candi Nomor 15,Candi,63451,0352751948,smpnegeri1_kauman@yahoo.co.id,http://www.smpn1kaumanponorogo.sch.id,A,783,375,408,24
20570825,SMAS KRISTEN GLORIA 2 SURABAYA,SMA,SWASTA,Kota Surabaya,Kec. Mulyorejo,JL. KALISARI SELATAN 1 NO. 3 PAKUWON CITY SURABAYA,-,60112,5910077,tusma2_5@gloriaschool.org,http://www.gloriaschool.org,A,783,416,367,23
20541358,SMP NEGERI 1 KASIMAN,SMP,NEGERI,Kab. Bojonegoro,Kec. Kasiman,Jl. Wonosari,SENDANG GEDE,62164,0353531003,smpn.kasiman@yahoo.co.id,http://Smpn1kasiman.blogspot.com,A,782,438,344,26
20529965,SMAS TAHFIDZ AL AMIEN,SMA,SWASTA,Kab. Sumenep,Kec. Pragaan,JL. RAYA PRENDUAN,Mornangka,69465,0328821016,sma_tahfidz@yahoo.com,http://https://smatahfidzal-amien.blogspot.com/,B,782,269,513,23
20535443,UPT SMP NEGERI 4,SMP,NEGERI,Kota Pasuruan,Kec. Purworejo,Jl. Rw. Monginsidi No. 56 Tambakyudan,Tambakyudan,67116,0343424916,smpn4_pas@yahoo.com,http://www.smpn4kotapasuruan.sch.id,A,782,406,376,24
20500418,SMKS ASSAADAH,SMK,SWASTA,Kab. Gresik,Kec. Bungah,JL. RAYA BUNGAH NO. 01 GRESIK,Bungah,61152,0313942739,smkassaadah@yahoo.co.id,http://www.smkassaadahgresik.sch.id,A,781,668,113,28
20536266,SMP NEGERI 9 PROBOLINGGO,SMP,NEGERI,Kota Probolinggo,Kec. Kanigaran,Jl. Cokroaminoto No. 11,,67214,0335421763,smpn9.prob@yahoo.co.id,http://www.smpn9probolinggo.sch.id,A,781,404,377,23
20508481,SMAN 1 NGRAMBE,SMA,NEGERI,Kab. Ngawi,Kec. Ngrambe,"DESA CEPOKO, KEC. NGRAMBE",GEDORO,63263,0351671074,sman1ngrambe.ngawi@gmail.com,http://sma-sangra.sch.id,A,780,306,474,23
20540307,SMA A WAHID HASYIM TEBUIRENG,SMA,SWASTA,Kab. Jombang,Kec. Diwek,JL.IRIAN JAYA NO.10 TEBUIRENG,Tebuireng,61471,0321874289,smatebuireng@gmail.com,http://smatebuireng.sch.id,A,779,426,353,23
20510153,SMAN 1 PULUNG,SMA,NEGERI,Kab. Ponorogo,Kec. Pulung,JL. JAYENGRONO 36 PULUNG,SEGROPYAK,63481,0352571080,smanza_pulung@yahoo.co.id,http://smanzapulung.sch.id,A,779,306,473,23
20501746,SMP NEGERI 3 TAMAN,SMP,NEGERI,Kab. Sidoarjo,Kec. Taman,Jl. Perum Sawunggaling Permai Block C/1 A,Kletek,61257,7887649,smpntiga_taman@yahoo.co.id,http://www.smpn3taman.sch.id,A,779,381,398,24
20532575,SMP NEGERI 33 SURABAYA,SMP,NEGERI,Kota Surabaya,Kec. Sukomanunggal,Jalan Putat Gede Selatan No.8,Putat Gede,60189,0317310886,smpnegeri33surabaya@gmail.com,smpn33-sby.sch.id,A,778,375,403,25
20508536,SMP NEGERI 1 KEDUNGGALAR,SMP,NEGERI,Kab. Ngawi,Kec. Kedunggalar,Jln. Slamet Riyadi No.40,PLOSOREJO,63254,0351671423,smpn1kedunggalar@gmail.com,http://,B,777,383,394,26
69904696,SMP AL MAJIDIYAH PALDUDING,SMP,SWASTA,Kab. Pamekasan,Kec. Pegantenan,DESA PLAKPAK,BUNUT,69361,087701846633,alpadbisa.smp@gmail.com,http://www.alpad.wordpress.com,A,777,534,243,25
20501733,SMP NEGERI 2 BUDURAN,SMP,NEGERI,Kab. Sidoarjo,Kec. Buduran,Jl. Raya Sidokepung,Mlaten,61252,0318962192,smpn2buduran@gmail.com,http://www.smpn2buduran.net,A,777,402,375,24
20537276,SMP N 1 REJOTANGAN,SMP,NEGERI,Kab. Tulungagung,Kec. Rejotangan,Jl. KANDUNG Gg. I,Pundensari,66293,0355395658,smpn1_rejotangan@yahoo.co.id,https://www.smpn1rejotangan.sch.id,A,777,438,339,24
20531198,UPTD SMP NEGERI 1 KAMAL,SMP,NEGERI,Kab. Bangkalan,Kec. Kamal,Jl. Banyuajuh No. 05,,69162,0313011026,uptdsmpn1kamal@gmail.com,http://www.smpn1kamal.sch.id,A,776,427,349,26
20519166,SMPN 2 GRATI,SMP,NEGERI,Kab. Pasuruan,Kec. Grati,Jalan Ranuklindungan RT.001 RW.005 Kecamatan Grati,Ranuklindungan,67184,0343482432,smpn2grati@yahoo.co.id,http://www.smpn2grati.sch.id,A,776,401,375,22
20532769,SMP DR SOETOMO SURABAYA,SMP,SWASTA,Kota Surabaya,Kec. Sukolilo,Jl. Manyar Rejo 1/39 Surabaya,Manyar rejo 1/39 surabaya,60118,0315944546,smp_dr_soetomo@yahoo.com,http://www.smpdrsoetomo.sch.id,A,776,376,400,26
20503409,SMA NEGERI KESAMBEN,SMA,NEGERI,Kab. Jombang,Kec. Kesamben,Jl.Balai Desa Carangrejo No.3,Carangrejo,61484,03214890863,smankesamben@gmail.com,http://smankesamben.sch.id,A,775,284,491,22
20506354,SMP NEGERI 1 NGIMBANG,SMP,NEGERI,Kab. Lamongan,Kec. Ngimbang,Jl. Raya Sambeng-Ngimbang No. 209,Ketapas,62273,,smpn1ngb@gmail.com,http://https://smpn1ngimbang.sch.id/,A,775,380,395,24
20539029,SMA NEGERI 1 SOKO TUBAN,SMA,NEGERI,Kab. Tuban,Kec. Soko,JL RAYA DESA MENTORO SOKO,Sawahan,62372,03568813246,tubansman1soko@gmail.com,http://www.sman1soko.sch.id,A,775,310,465,22
20534771,UPT SMP NEGERI 3,SMP,NEGERI,Kota Mojokerto,Kec. Prajurit Kulon,Jalan Raya Cinde No.2,Prajuritkulon,61326,0321322525,smpntigamojokerto@gmail.com,http://smpn3mojokerto.sch.id,A,775,396,379,24
20535440,UPT SMP NEGERI 7,SMP,NEGERI,Kota Pasuruan,Kec. Gadingrejo,Jl. Simpang Slamet Riadi No. 2 Pasuruan,,67139,0343426845,smp7pas@gmail.com,http://smpn7pasuruan.sch.id,A,775,437,338,24
20574690,SMP NEGERI 50 SURABAYA,SMP,NEGERI,Kota Surabaya,Kec. Sukomanunggal,Jl. Sukomanunggal 93c,,60188,03199147110,smpnegeri_50@yahoo.co.id,http://www.smpn50sby.sch.com,A,775,377,398,25
20519183,SMPN 3 BANGIL,SMP,NEGERI,Kab. Pasuruan,Kec. Bangil,Jl. Dr. Sutomo No. 1 Bangil,DERMO,67153,0343741769,smpn_3_bangil@yahoo.co.id,https://www.smpn3bangil.sch.id/,A,773,428,345,24
20505083,UPT SMP NEGERI 1 SINGGAHAN,SMP,NEGERI,Kab. Tuban,Kec. Singgahan,Jl. Panglima Sudirman,,62361,,smpn1singgahan@yahoo.com,http://www.smpn1singgahan.com,A,773,422,351,24
20525716,SMP NEGERI 1 SEMPU,SMP,NEGERI,Kab. Banyuwangi,Kec. Sempu,Jl. Temuguruh - Karangsari,KARANGANYAR,68468,0333846788,smpn_1sempu_bwi@yahoo.co.id,http://www.smpn1sempu.sch.id,A,772,389,383,24
20500535,SMP MUHAMMADIYAH 12 GRESIK,SMP,SWASTA,Kab. Gresik,Kec. Manyar,Jl. Jawa No 60 GKB,YOSOWILANGON,61151,0313952021,smpmuh12gkb@yahoo.co.id,http://www.smpm12gkb.sch.id,A,772,382,390,26
20523881,UNIT PELAKSANA TEKNIS DAERAH (UPTD) SATUAN PENDIDIKAN SMPN 1 KALISAT,SMP,NEGERI,Kab. Jember,Kec. Kalisat,Jl. Diponegoro 52 Kalisat,Krajan,68193,0331591081,smpn01kalisat@gmail.com,http://www.smpn01kalisat.blogspot.com,A,772,387,385,24
20517463,SMP NEGERI 1 NGANTANG,SMP,NEGERI,Kab. Malang,Kec. Ngantang,JL. RAYA NO. 1 NGANTANG,Kebonsari,65392,0341521078,smpn1_ngantang@yahoo.co.id,http://www.smpn1ngantang.sch.id,A,772,363,409,25
20532578,SMP NEGERI 36 SURABAYA,SMP,NEGERI,Kota Surabaya,Kec. Jambangan,Jl. Kebonsari Sekolahan No. 15 Surabaya,Kebonsari,60233,0318282591,smpntigaenamsby@yahoo.com,http://www.smpn36sby.sch.id,A,772,388,384,26
20500499,UPT SMP NEGERI 9 GRESIK,SMP,NEGERI,Kab. Gresik,Kec. Balong Panggang,Jl. Raya Balongpanggang No.349,BALONGPANGGANG,61173,0317921036,uptsmpn9gresik@gmail.com,http://smpn1.balongpanggang.ssch.id,A,771,402,369,24
20523825,SMAN 1 TANGGUL,SMA,NEGERI,Kab. Jember,Kec. Tanggul,JL. PEMANDIAN  16 ,KRAJAN II,68155,0336441377,smasa_tanggul_jbr@yahoo.com,https://sma1tanggul.sch.id,A,771,361,410,22
20554606,SMK UNGGULAN NU MOJOAGUNG,SMK,SWASTA,Kab. Jombang,Kec. Mojoagung,SAYID SULAIMAN 153B,Rejoslamet,61482,0321496828,esemka_unggulan@yahoo.co.id,http://www.smknumojoagung.sch.id,A,771,576,195,23
20505129,UPT SMP NEGERI 1 JATIROGO,SMP,NEGERI,Kab. Tuban,Kec. Jatirogo,Jl. Raya Barat No. 30,Klangon,62362,0356551031,smp1jatirogo@gmail.com,,A,771,376,395,24
20525638,SMP NEGERI 2 SRONO,SMP,NEGERI,Kab. Banyuwangi,Kec. Srono,Jalan Raya Sumbersari No. 23,SEMALANG,68471,085133262744,smpnsrono2@gmail.com,http://https://s.id/smpnegeri2srono,A,770,384,386,24
20503406,SMA NEGERI PLOSO,SMA,NEGERI,Kab. Jombang,Kec. Ploso,JL. RAYA  230 PLOSO,Losari,61453,0321888814,smanegeri_ploso@yahoo.co.id,http://smanegeriploso.sch.id,A,770,241,529,22
20533763,SMP NEGERI 21 MALANG,SMP,NEGERI,Kota Malang,Kec. Kedungkandang,Jl. Danau Tigi ,Lesanpuro,65138,0341718066,info@smpn21-mlg.sch.id,http://smpn21-mlg.sch.id,A,770,377,393,24
20547240,SMP NEGERI 1 KRAKSAAN,SMP,NEGERI,Kab. Probolinggo,Kec. Kraksaan,"Jl. K.H. Abdurrahman Wahid No. 112, Klojen",Krajan,67282,085736635582,smpn1kraksaan.rsbi@gmail.com,http://https://www.smpn1kraksaan.sch.id,A,769,409,360,24
20574532,SMP SEPULUH NOPEMBER SIDOARJO,SMP,SWASTA,Kab. Sidoarjo,Kec. Buduran,SIWALANPANJI,Siwalanpanji,61252,0318061010,smp10nop@gmail.com,http://smpsepuluhnopember.sch.id/,A,769,365,404,26
20525591,SMKN WONGSOREJO,SMK,NEGERI,Kab. Banyuwangi,Kec. Wongsorejo,"Jl. Pb. Sudirman, No. 17",Guntur,68453,03334640791,wongsorejo_smkn@yahoo.co.id,http://https://smknegeriwongsorejo.sch.id,A,768,424,344,27
20507725,SMAN 1 DOLOPO,SMA,NEGERI,Kab. Madiun,Kec. Dolopo,JL. SULUK DOLOPO ,KRAJAN,63174,368175,sma1dolopo@yahoo.com,http://www.sman1dolopo.sch.id,A,768,269,499,23
20542433,SMP NEGERI 1 KARANGAN,SMP,NEGERI,Kab. Trenggalek,Kec. Karangan,Jl. Raya Karangan Dusun Pinggirsari RT. 14 RW. 04,Pinggirsari,66361,0355791367,smpn1_karangan@yahoo.com,http://smpn1karangan.sch.id,A,768,403,365,24
20505126,UPT SMP NEGERI 1 KEREK,SMP,NEGERI,Kab. Tuban,Kec. Kerek,Jalan Tanjung Nomor 784 Margomulyo,WINONG,62356,,smpn1kerek@yahoo.com,http://smpn1kerektuban.sch.id,A,768,417,351,24
20536271,SMP NEGERI 4 PROBOLINGGO,SMP,NEGERI,Kota Probolinggo,Kec. Kedopok,Jl. Sunan Ampel 253,,67238,0335422526,smpn4_prob@yahoo.co.id,http://www.smpn4-probolinggo.sch.id,A,768,417,351,23
20523951,UNIT PELAKSANA TEKNIS DAERAH (UPTD) SATUAN PENDIDIKAN SMPN 1 BALUNG,SMP,NEGERI,Kab. Jember,Kec. Balung,Jl. Puger No. 92 Tutul - Balung,Krajan,68161,0336621111,smpsatu_balung@yahoo.co.id,http://,A,767,392,375,24
20517731,SMAN 1 NGANTANG,SMA,NEGERI,Kab. Malang,Kec. Ngantang,JALAN RAYA 253 NGANTANG,KUWUNG,65392,0341521088,smangat1@gmail.com,http://sman1ngantang.sch.id,A,767,236,531,22
20501778,SMP NEGERI 1 KREMBUNG,SMP,NEGERI,Kab. Sidoarjo,Kec. Krembung,Desa Mojoruntut,Buntut,61275,0318850795,smpn1krembungsidoarjo@gmail.com,http://www.smpn1krembung.sch.id,A,767,384,383,24
20505090,UPT SMP NEGERI 3 TUBAN,SMP,NEGERI,Kab. Tuban,Kec. Tuban,Jln. Sunan Kalijaga No.67,,62314,0356321205,smpn3tbn@gmail.com,http://www.smpn3tuban.sch.id,A,767,368,399,24
20504414,SMP NEGERI 2 BOJONEGORO,SMP,NEGERI,Kab. Bojonegoro,Kec. Bojonegoro,Jl. Dr. Wahidin No. 82 Bojonegoro,Kadipaten,62111,0353881769,smpn2bojonegoro59@gmail.com,http://www.smpn2bojonegoro.sch.id,A,766,370,396,24
20523883,UNIT PELAKSANA TEKNIS DAERAH (UPTD) SATUAN PENDIDIKAN SMPN 10 JEMBER,SMP,NEGERI,Kab. Jember,Kec. Patrang,Jl. Nusa Indah No. 25 Jember,Jember Lor,68118,0331485223,smpnegeri10jember@yahoo.com,http://,A,766,414,352,24
20533781,SMP NEGERI 1 MALANG,SMP,NEGERI,Kota Malang,Kec. Klojen,Jl. Lawu 12,ORO ORO DOWO,65112,0341325206,admin@smpn1-mlg.sch.id,http://www.smpn1-mlg.sch.id,A,766,349,417,24
20509362,SMP NEGERI 1 BARAT,SMP,NEGERI,Kab. Magetan,Kec. Barat,Jl. Raya Pos Barat,KARANGSONO,63393,0351869159,smp1_barat@yahoo.co.id,http://www.smpnegeri1barat.sch.id,A,765,362,403,24
20517517,SMP NEGERI 2 KEPANJEN,SMP,NEGERI,Kab. Malang,Kec. Kepanjen,JL. LOCARI NO. 207,,65163,0341395503,smpnkepanjen2@gmail.com,http://www.smpn2kepanjen.sch.id,A,765,397,368,25
20554958,SMKN 1 KENDAL,SMK,NEGERI,Kab. Ngawi,Kec. Kendal,JL. EYANG SYAMSUDIN SIDOREJO KENDAL,Sidorejo,63261,0351732994,smknkendal1@gmail.com,http://smknegeri1kendal.blogspot.co.id/,B,765,510,255,24
20542434,SMP NEGERI 1 MUNJUNGAN,SMP,NEGERI,Kab. Trenggalek,Kec. Munjungan,Jl. Ra. Kartini No. 3 Munjungan,MASARAN KRAJAN,66365,0355691053,smpn1@smepanesa.sch.id,http://www.smepanesa.sch.id,A,765,426,339,24
20532685,SMKS PGRI 13 SURABAYA,SMK,SWASTA,Kota Surabaya,Kec. Wonocolo,JL. SIDOSERMO PDK IVE/2 SURABAYA,-,60239,0318471604,smkpgri13sby@yahoo.co.id,http://smkpgri13surabaya.sch.id,A,765,453,312,24
20532266,SMKS 17 AGUSTUS 1945 SURABAYA,SMK,SWASTA,Kota Surabaya,Kec. Sukolilo,JL. NGINDEN SEMOLO NO. 44 SURABAYA,-,60118,5925238,kurikulum.smktag@gmail.com,http://www.smktag.sch.id,A,765,449,316,26
20574616,SMP NURUL ABROR ARROBANIYIIN,SMP,SWASTA,Kab. Banyuwangi,Kec. Wongsorejo,Jl. KH. Agus Salim No. 165,Krajan 1,68453,087857271777,smpnaa_alrobbany@yahoo.com,http://,B,764,427,337,21
20510722,SMP NEGERI 4 PONOROGO,SMP,NEGERI,Kab. Ponorogo,Kec. Ponorogo,Jl. Jenderal Sudirman 92,Krajan,63416,0352481429,smpn4png@gmail.com,http://www.smpn4ponorogo.sch.id,A,764,405,359,24
20542437,SMP NEGERI 1 PULE,SMP,NEGERI,Kab. Trenggalek,Kec. Pule,Jln. Watugelang Dusun Depok RT. 31 RW. 16,Depok,66362,,smpsatu.pule@gmail.com,http://www.smpn1pule.sch.id,A,764,394,370,24
20519323,SMAS DARUT TAQWA PURWOSARI,SMA,SWASTA,Kab. Pasuruan,Kec. Purwosari,"Jl. PESANTREN NGALAH NO. 16 SENGONAGUNG PURWOSARI, PASURUAN",PANDEAN,67162,614401,smadaruttaqwa99@gmail.com,http://www.smadata.sch.id,A,763,206,557,23
20522639,SMAN 1 SUBOH,SMA,NEGERI,Kab. Situbondo,Kec. Suboh,JL. PAWIYATAN NO. 04,-,68354,0338891337,sman1suboh@yahoo.co.id,http://sman1suboh.sch.id,A,763,387,376,22
20534385,SMA NEGERI 5 TARUNA BRAWIJAYA JAWA TIMUR,SMA,NEGERI,Kota Kediri,Kec. Mojoroto,JL. SELOMANGLENG 2,-,64114,771074,sman5kediri@yahoo.com,http://smatarunakediri.sch.id/,A,763,502,261,23
20525731,SMP NEGERI 1 KALIBARU,SMP,NEGERI,Kab. Banyuwangi,Kec. Kalibaru,Jl. Lapangan Gunung Trisno Kalibaru,KRAJAN,68467,0333897295,smpnegeri1kalibaru@gmail.com,http://www.smpn1kalibaru.sch.id,A,762,363,399,24
20538368,SMP NEGERI 1 PATIANROWO,SMP,NEGERI,Kab. Nganjuk,Kec. Patianrowo,Jl. Raya Ngepung No. 37 Patianrowo,NGEPUNG,64391,0358551808,smpn1patianrowo20@gmail.com,http://,A,762,419,343,24
20540102,SMKS PERSATUAN 2 TULANGAN,SMK,SWASTA,Kab. Sidoarjo,Kec. Tulangan,Desa Kenongo RT.18 RW.06 Tulangan - Sidoarjo,Ganting Kenongo,61273,0318856088,smkpersatuan2@gmail.com,http://,A,762,760,2,21
20505102,UPT SMP NEGERI 1 RENGEL,SMP,NEGERI,Kab. Tuban,Kec. Rengel,Jl. Sawahan No. 46,Rengel,62371,0356811193,smpn_1rengel@yahoo.co.id,http://www.smpn1rengel.sch.id,A,762,369,393,24
20505070,UPT SMP NEGERI 7 TUBAN,SMP,NEGERI,Kab. Tuban,Kec. Tuban,Jl. Nakula No.01 Tuban,,62315,0356323929,smpnegeri7.tuban@gmail.com,https://smpn7tuban.sch.id/,A,762,378,384,24
20534122,SMAN 3 TARUNA ANGKASA JAWA TIMUR,SMA,NEGERI,Kota Madiun,Kec. Manguharjo,RING ROAD BARAT,Ngegong,63125,0351473506,info@sman3tarunaangkasa.sch.id,http://sman3tarunaangkasa.sch.id,A,762,487,275,23
20535437,UPT SMP NEGERI 1,SMP,NEGERI,Kota Pasuruan,Kec. Panggungrejo,Jl. Balaikota Nomor 7,Kandangsapi,67125,0343424302,smpn1pasuruan@gmail.com,http://www.smpn1pasuruan.sch.id,A,762,368,394,24
20523896,UNIT PELAKSANA TEKNIS DAERAH (UPTD) SATUAN PENDIDIKAN SMPN 8 JEMBER,SMP,NEGERI,Kab. Jember,Kec. Kaliwates,Jl. Basuki Rahmat No.25 Jember,GUMUKSARI,68132,0331337868,smpndelapan.jember@gmail.com,http://,A,761,445,316,24
20502620,SMPN 2 BANGSAL,SMP,NEGERI,Kab. Mojokerto,Kec. Bangsal,Desa Ngastemi,Ngingas,61381,0321594370,smpn2bangsal@yahoo.co.id,http://smpn2bangsal.blogspot.com,A,761,402,359,24
20505087,UPT SMP NEGERI 6 TUBAN,SMP,NEGERI,Kab. Tuban,Kec. Tuban,Jln. Panglima Sudirman No. 110 Tuban,Baturetno,62318,0356321285,smp6tuban@gmail.com,http://s.id/smpn6tuban,A,761,395,366,24
20505010,SMA NEGERI 1 TAMBAKBOYO TUBAN,SMA,NEGERI,Kab. Tuban,Kec. Tambakboyo,JL. RAYA SOBONTORO TAMBAKBOYO,Jamong,62353,03564161192,sman1tambakboyo@gmail.com,http://www.sman1tambakboyo.sch.id,A,761,232,529,21
20517494,SMP NEGERI 2 SINGOSARI,SMP,NEGERI,Kab. Malang,Kec. Singosari,JL. RAYA KLAMPOK NO. 243,KRAJAN,65153,0341450184,smpn2sgs@yahoo.co.id,http://smpn2singosari.mysch.id,A,760,387,373,24
20502638,SMPN 1 PURI,SMP,NEGERI,Kab. Mojokerto,Kec. Puri,Jl. Raya Tangunan No. 2,Tangunan,61363,510355,smpn1puri@gmail.com,http://www.smpn1puri.sch.id,A,760,353,407,24
20534772,UPT SMP NEGERI 4,SMP,NEGERI,Kota Mojokerto,Kec. Kranggan,Jl. Lombok No. 11,,61321,03215884040,smpn4mojokerto@gmail.com,http://www.smpn4mojokerto.sch.id,A,760,396,364,24
20554882,SMAN 1 BALEN,SMA,NEGERI,Kab. Bojonegoro,Kec. Balen,JL.RAYA SOBONTORO,Sobontoro,62182,0353333380,sman1balen@gmail.com,http://www.sman1balen.sch.id,A,759,290,469,22
20541375,SMP NEGERI 3 BOJONEGORO,SMP,NEGERI,Kab. Bojonegoro,Kec. Dander,Jl. Raya Dander Km.7 Bojonegoro,Mojoranu,62171,0353884646,smp3mastrip@yahoo.com,http://smpn3bojonegoro.sch.id/,A,759,378,381,24
20500514,UPT SMP NEGERI 2 GRESIK,SMP,NEGERI,Kab. Gresik,Kec. Gresik,Jl. KH. Kholil No.16 Gresik,,61115,0313982712,gresik.uptsmpn2@gmail.com,http://www.uptsmpn2gresik.sch.id,A,759,336,423,24
20523748,SMKS PGRI 3 TANGGUL,SMK,SWASTA,Kab. Jember,Kec. Tanggul,SEMBORO NO.79,TANGGUL KULON,68155,0336441651,smkpgri3tgl@gmail.com,http://www.smkpgri3tgl.sch.id,A,759,624,135,28
70030055,SMP QUEEN AL FALAH 2,SMP,SWASTA,Kab. Kediri,Kec. Mojo,Ds. Ploso Kec. Mojo,,,,,http://,A,759,502,257,25
20502645,SMPN 1 GEDEG,SMP,NEGERI,Kab. Mojokerto,Kec. Gedeg,Jl Sukarsono 134,Gembongan,61351,0321362579,smpn1.gedeg1@gmail.com,http://smpn1gedeg.sch.id,A,759,399,360,24
20502629,SMPN 2 MOJOSARI,SMP,NEGERI,Kab. Mojokerto,Kec. Mojosari,Desa Modopuro,Mbebe'an,61382,0321591727,smp2mojosari@yahoo.co.id,https://www.smpn2mojosari.sch.id,A,759,393,366,24
20501753,SMP NEGERI 1 TARIK,SMP,NEGERI,Kab. Sidoarjo,Kec. Tarik,Jl. Kemuning - Tarik,BUNTUTINGAS,61265,8970425,smpntarik@google.com,http://,A,759,360,399,24
20579308,SMP AR-RAUDHAH,SMP,SWASTA,Kab. Bangkalan,Kec. Bangkalan,SEBANEH BANCARAN BANGKALAN,Sebaneh,69112,085733476650,smp_arraudhah@yahoo.co.id,http://,B,758,395,363,23
20521417,SMP NEGERI 1 LUMAJANG,SMP,NEGERI,Kab. Lumajang,Kec. Lumajang,Jl HOS Cokroaminoto No 159,Tompokersan,67311,881847,smpn1lumajang@gmail.com,http://smpn1lumajang.sch.id,A,758,358,400,24
20502648,SMPN 1 JETIS,SMP,NEGERI,Kab. Mojokerto,Kec. Jetis,Jl. PB. Sudirman 19,Warugunung,61352,0321362839,smpn1jtsmjkt@yahoo.co.id,http://www.smpn1jetismjk.mysch.id,A,758,368,390,24
20502642,SMPN 1 BANGSAL,SMP,NEGERI,Kab. Mojokerto,Kec. Bangsal,Jl. Raya Bangsal no. 79,Bangsal,61381,0321327386,spensabaa@yahoo.co.id,http://smpn1bangsal.gosch.id,A,758,391,367,24
20538362,SMP NEGERI 1 LENGKONG,SMP,NEGERI,Kab. Nganjuk,Kec. Lengkong,Jl. Rimbamulya,JATIPUNGGUR,64393,,smpnsatulengkong333@gmail.com,http://www.smpn1lengkong.sch.id,A,758,395,363,24
20510961,SMP NEGERI 1 ARJOSARI,SMP,NEGERI,Kab. Pacitan,Kec. Arjosari,Jl. Nawangan No. 03,Krajan,63581,0357631003,smpn1arjosari@g.mail,http://www.smpn1-arjosari.sch.id,A,758,368,390,24
20554925,SMKN 1 SUMBERASIH,SMK,NEGERI,Kab. Probolinggo,Kec. Sumberasih,JL. BRAWIJAYA 78 SUMBERASIH,Parus,67251,0335435952,smkn.sumberasih@gmail.com,http://www.smkn1sumberasih-pbl.sch.id,A,758,509,249,24
20501728,SMP NEGERI 2 PORONG,SMP,NEGERI,Kab. Sidoarjo,Kec. Porong,"Jl. Candi Wangkal, Ds. Lajuk, Kec. Porong",Lajuk,61274,031852567,smpnegeri2porong@yahoo.com,http://www.smpn2porong.sch.id,A,758,406,352,24
20501741,SMP NEGERI 6 SIDOARJO,SMP,NEGERI,Kab. Sidoarjo,Kec. Sidoarjo,Jl. Rangkah Lor No. 1 Sidoarjo,Rangkah Lor,61239,03199034258,smpn6sda@gmail.com,http://www.smpn6sidoarjo.sch.id,A,757,389,368,24
20542516,SMK NEGERI 1 WATULIMO,SMK,NEGERI,Kab. Trenggalek,Kec. Watulimo,Jln Gajah Oyo No. 1,Sumber,66382,0355552100,smkn1watulimo@gmail.com,https://smkn1watulimo.sch.id,A,757,466,291,27
20515472,SMAS ISLAM SUNAN GUNUNG JATI,SMA,SWASTA,Kab. Tulungagung,Kec. Ngunut,JL.RAYA NGUNUT GG.PDAM,Lk 9 Ngunut,66292,085755802313,smaislamsunangunungjati@gmail.com,http://www.smaisgj.sch.id,A,757,289,468,22
20534746,SMAS TAMAN SISWA,SMA,SWASTA,Kota Mojokerto,Kec. Magersari,JL. TAMAN SISWA NO. 30,PURWOTENGAH,61311,322937,s_tamansiswa@Yahoo.co.id,http://www.smatakumjk.com,A,757,359,398,22
20554362,SMP NEGERI 1 SUMOBITO,SMP,NEGERI,Kab. Jombang,Kec. Sumobito,Segodorejo,SEGODOREJO,61483,495587,smpnsatusumobito@yahoo.co.id,http://smpn1sumobito.sch.id,A,756,360,396,24
20505089,UPT SMP NEGERI 4 TUBAN,SMP,NEGERI,Kab. Tuban,Kec. Merakurak,Jl. Prof. Dr. KH. Fatkhurrahman Kafrawi,Kuthi,62351,0356711182,smp4tuban@gmail.com,https://uptsmpn4tuban.blogspot.com,A,756,413,343,24
20517499,SMP NEGERI 2 TUREN,SMP,NEGERI,Kab. Malang,Kec. Turen,Jl. Raya Kedok No. 8A Kec. Turen Kab. Malang,Kedok,65175,0341824589,admin@smpn2turen.sch.id,http://smpn2turen.sch.id/,A,755,358,397,24
20502619,SMPN 1 TROWULAN,SMP,NEGERI,Kab. Mojokerto,Kec. Trowulan,Wonorejo,Wonorejo,61362,495652,smpn1_trowulan@yahoo.co.id,http://www.smpn1_trowulan@yahoo.co.id,A,755,383,372,24
20539030,SMA NEGERI 4 TUBAN,SMA,NEGERI,Kab. Tuban,Kec. Tuban,JL. MONDOKAN NO.1 TUBAN,Mondokan,62319,0356329121,smanegeri4tuban@gmail.com,http://www.sman4tuban.sch.id,A,754,316,438,21
20533784,SMP NEGERI 12 MALANG,SMP,NEGERI,Kota Malang,Kec. Sukun,Jl. S. Supriyadi No. 49,BANDUNGREJOSARI,65148,0341808595,smpn12malang.arphedallas@gmail.com,http://smpn12malang.sch.id,A,754,383,371,24
20532521,SMP KRISTEN PETRA 3,SMP,SWASTA,Kota Surabaya,Kec. Mulyorejo,Manyar Tirtoasri Raya 1-3,MANYAR SABRANGAN,60116,0315947898,smp3@pppkpetra.sch.id,http://smp3.pppkpetra.or.id,A,754,372,382,26
20521437,SMP NEGERI 2 LUMAJANG,SMP,NEGERI,Kab. Lumajang,Kec. Lumajang,Jl A Yani No 49,Kepuharjo,67316,0334881926,smpn2lumajangnew@gmail.com,http://www.smpn2lumajang.sch.id,A,753,387,366,24
20502632,SMPN 2 PUNGGING,SMP,NEGERI,Kab. Mojokerto,Kec. Pungging,Desa Balongmasin,BALONGMASIN,61384,085230976000,smpn2pungging@gmail.com,http://,A,753,428,325,24
20535084,UPT Satuan Pendidikan SMPN 8,SMP,NEGERI,Kota Blitar,Kec. Sananwetan,Jl. Kenari 28,PLOSOKEREP,66134,0342802484,smpn8.blitar@gmail.com,https://www.smpn8blitar.sch.id,A,753,398,355,24
20521428,SMP NEGERI 3 LUMAJANG,SMP,NEGERI,Kab. Lumajang,Kec. Lumajang,Jl. Wijaya Kusuma No 82 Lumajang,DITOTRUNAN,67313,0334882732,smpntigalumajang@gmail.com,http://smp3lmj.sch.id,A,752,394,358,24
20535082,UPT Satuan Pendidikan SMPN 6,SMP,NEGERI,Kota Blitar,Kec. Sananwetan,Jl. Pemuda Sumpono 73B,Bendogerit,66133,0342801917,smpn6kotablitar@gmail.com,http://www.smpn6kotablitar.sch.id,A,752,416,336,24
20535466,SMKS PGRI 2 PASURUAN,SMK,SWASTA,Kota Pasuruan,Kec. Panggungrejo,Jl. Balaikota No. 9 Kota Pasuruan,Kandangsapi,67125,0343424190,smk_pgri2_pas@yahoo.com,http://www.smkpgri2pasuruan.sch.id,A,752,447,305,27
20532579,SMP NEGERI 37 SURABAYA,SMP,NEGERI,Kota Surabaya,Kec. Genteng,Jl. Kalianyar  18 - 20 Surabaya,kalianyar,60273,0313761144,info@smpn37sby.sch.id,http://www.smpn37sby.sch.id,A,752,349,403,25
20502646,SMPN 1 GONDANG,SMP,NEGERI,Kab. Mojokerto,Kec. Gondang,Jl. Raya Karangkuten Gondang,Karanglo,61372,0321510041,smpn_gondang@yahoo.com,http://sekolah.mojokertokab.go.id/smpn1gondang,A,751,351,400,24
20502623,SMPN 2 GEDEG,SMP,NEGERI,Kab. Mojokerto,Kec. Gedeg,Losari Gg. VII,Losari,61351,3670117,smpngedeg2@gmail.com,http://,A,751,394,357,24
20533770,SMP NEGERI 8 MALANG,SMP,NEGERI,Kota Malang,Kec. Klojen,Jl. Arjuno No 19 Malang,,65119,0341325506,smpn_8_malang@yahoo.co.id,http://www.smpn8-mlg.sch.id,A,751,346,405,24
20503470,SMP NEGERI 1 KUDU,SMP,NEGERI,Kab. Jombang,Kec. Kudu,JLN. RAYA SUMBERTEGUH NO 108,SUMBERTEGUH,61454,0321886069,smpnkudu@yahoo.co.id,http://,A,750,376,374,24
20533771,SMP NEGERI 9 MALANG,SMP,NEGERI,Kota Malang,Kec. Klojen,Jl. Prof. Moch. Yamin Vi/26,KIDUL PASAR,65118,0341364842,surat@smpn9malang.sch.id,smpn9malang.sch.id,A,750,382,368,24
20532571,SMP NEGERI 41 SURABAYA,SMP,NEGERI,Kota Surabaya,Kec. Simokerto,Jl. Gembong Sekolahan No. 5,Kapasan,60141,0313736006,smpnegeri41_surabaya@yahoo.co.id,http://www.smpn41sby.sch.id,A,750,385,365,24
20506380,SMP NEGERI 3 LAMONGAN,SMP,NEGERI,Kab. Lamongan,Kec. Lamongan,Jl. Mastrip No. 73 Kelurahan Sukomulyo,SUMBERMULYO,62216,0322321661,smpnegeri3lamongan@gmail.com,https://smpn3lmg.sch.id,A,749,397,352,24
20502655,SMPN 1 PUNGGING,SMP,NEGERI,Kab. Mojokerto,Kec. Pungging,Jl. Trawas - Pungging,Sekargadung,61384,0321591908,smpn1pungging@gmail.com,http://smpn1punggingmjkt.sch.id,A,749,379,370,24
20501737,SMP NEGERI 2 TARIK,SMP,NEGERI,Kab. Sidoarjo,Kec. Tarik,Desa Kedungbocok,Klinter,61265,0318970930,smpduatarik@gmail.com,http://www.smpn2tariksidoarjosidoarjo.sch.id,A,749,425,324,24
20505096,UPT SMP NEGERI 2 TUBAN,SMP,NEGERI,Kab. Tuban,Kec. Tuban,Jln. P. Diponegoro No. 20 Tuban,KARANGSARI,62314,0356321476,spendatuban2.tuban@gmail.com,http://www.smpn2tuban.sch.id/,A,749,403,346,24
20534170,SMPN 2,SMP,NEGERI,Kota Madiun,Kec. Taman,Jl. HA.Salim 31 Kota Madiun,Pandean,63133,0351464336,smp2madiun@yahoo.com,http://www.smpn2madiun.sch.id,A,749,347,402,24
20507731,SMAN PILANGKENCENG,SMA,NEGERI,Kab. Madiun,Kec. Pilangkenceng,JL. RAYA PILANGKENCENG NO 15 ,Kenongorejo,63154,386926,sman1pilangkenceng@gmail.com,http://sman1pilangkenceng.sch.id,A,748,283,465,21
20505015,SMA NEGERI JATIROGO,SMA,NEGERI,Kab. Tuban,Kec. Jatirogo,JL. RAYA BADER NO. 20 JATIROGO,MULYOREJO,62362,0356551060,smajajatirogo@yahoo.co.id,http://www.smanjatirogo.sch.id,A,748,260,488,21
20534773,UPT SMP NEGERI 5,SMP,NEGERI,Kota Mojokerto,Kec. Kranggan,Jl. Meri No.3 Mojokerto,Dusun Meri,61315,0321324238,smp5mojokerto@ymail.com,http://www.smp5mojokerto.sch.id,A,748,392,356,24
20532406,SMAS HANG TUAH 1 SURABAYA,SMA,SWASTA,Kota Surabaya,Kec. Krembangan,JL. IKAN LUMBA-LUMBA NO. 27,-,60177,3537810,sma_hangtuah1_surabaya@yahoo.co.id,http://smahangtuah1sby.sch.id,A,748,366,382,22
20517462,SMP NEGERI 1 NGAJUM,SMP,NEGERI,Kab. Malang,Kec. Ngajum,JL. JATISARI 33 NGAJUM,Ngajum,65164,0341397508,info@smpn01ngajum.sch.id,https://www.smpn01ngajum.sch.id,A,747,366,381,24
20502628,SMPN 2 MOJOANYAR,SMP,NEGERI,Kab. Mojokerto,Kec. Mojoanyar,Ds. Kepuhanyar,Damarsi,61364,03215285064,smpn2mojoanyar@gmail.com,http://,A,747,398,349,24
20534154,SMPN 1,SMP,NEGERI,Kota Madiun,Kec. Manguharjo,Jl. R.A. Kartini 4,,63122,0351462859,smpn1_madiun@yahoo.com,http://smp1madiun.sch.id,A,747,351,396,24
20502649,SMPN 1 KEMLAGI,SMP,NEGERI,Kab. Mojokerto,Kec. Kemlagi,Ds. Mojojajar,Kembangan,61353,08222890258,smpnkemlagi1@gmail.com,http://www.smpnkemlagi1@sch.id,A,746,358,388,24
20505007,SMA NEGERI 3 TUBAN ,SMA,NEGERI,Kab. Tuban,Kec. Semanding,JL. MANUNGGAL 14 GEDONGOMBO SEMANDING,LINGK WIDENGAN,62381,0356321997,sma3tuban@yahoo.co.id,http://sman3tuban.sch.id,A,746,277,469,21
20535464,SMA NEGERI 1 PASURUAN,SMA,NEGERI,Kota Pasuruan,Kec. Panggungrejo,JL. SOEKARNO HATTA  40 ,Karanganyar,67131,0343421466,sman1kotapasuruan@gmail.com,http://www.sman1-pasuruan.sch.id,A,746,303,443,21
20535441,UPT SMP NEGERI 6,SMP,NEGERI,Kota Pasuruan,Kec. Purworejo,Jl. Parasrejo No 40,,67119,0343426607,smpn6kotapasuruan@yahoo.com,http://www.smpn6pasuruan.sch.id,A,746,395,351,24
20538385,SMP NEGERI 6 NGANJUK,SMP,NEGERI,Kab. Nganjuk,Kec. Nganjuk,Jln. Letjen Suprapto,jatirejo,64416,0358322482,smpnegeri6nganjuk@gmail.com,https://smpn6nganjuk.sch.id,A,745,420,325,24
20500475,SMAN 1 SANGKAPURA,SMA,NEGERI,Kab. Gresik,Kec. Sangkapura,JL. Wiyatamandala No. 10,Timurrujing,61181,0325421026,sman1.sangkapura@gmail.com,http://www.sman1sangkapura.sch.id,A,744,356,388,22
20517518,SMP NEGERI 2 LAWANG,SMP,NEGERI,Kab. Malang,Kec. Lawang,JL. INSPOL SUWOTO NO. 27,Krajan,65251,0341425890,lawang2smpn@gmail.com,http://,A,744,380,364,24
20510702,SMP NEGERI 6 PONOROGO,SMP,NEGERI,Kab. Ponorogo,Kec. Ponorogo,Jl. HOS. Cokroaminoto No. 84 Ponorogo,Krajan,63419,0352482602,smpnegeri6ponorogo@gmail.com,http://www.smpn6po.sch.id,A,744,350,394,24
20508512,SMP NEGERI 5 NGAWI,SMP,NEGERI,Kab. Ngawi,Kec. Ngawi,Jl. Sukowati No. 46,KARANGASRI,63218,0351749235,smpnegeri5ngawi@gmail.com,http://,A,743,400,343,24
20525832,SMAS DARUSSALAM,SMA,SWASTA,Kab. Banyuwangi,Kec. Tegalsari,JL.PON.PES DARUSSALAM,BLOKAGUNG,68485,03334460483,smadarussalambwi@gmail.com,http://www.smadarussalam.sch.id,A,742,217,525,22
20517464,SMP NEGERI 1 PAGAK,SMP,NEGERI,Kab. Malang,Kec. Pagak,JL. GAJAHMADA NO. 90,Krajan,65168,0341881179,smppagak@yahoo.co.id,http://smpn1-pagak.sch.id,A,742,366,376,24
20510920,SMK N KEBONAGUNG,SMK,NEGERI,Kab. Pacitan,Kec. Kebonagung,"DESA KETRO, KEC. KEBONAGUNG, KAB. PACITAN",Gawang,63561,03573232444,smkn_kebonagung@yahoo.com,http://www.smknkebonagungpacitan.sch.id,B,742,424,318,25
20532573,SMP NEGERI 4 SURABAYA,SMP,NEGERI,Kota Surabaya,Kec. Genteng,Jl. Tanjung Anom No. 12,Genteng,60275,0315341431,spenfora@gmail.com,http://www.smp4sby.sch.id,A,742,386,356,23
20523873,UNIT PELAKSANA TEKNIS DAERAH (UPTD) SATUAN PENDIDIKAN SMPN 1 PUGER,SMP,NEGERI,Kab. Jember,Kec. Puger,Jl. Achmad Yani No.36 Puger,Gedangan,68164,0336721216,smp1puger@gmail.com,http://www.smpn1puger.sch.id,A,741,351,390,24
20511966,SMK AHMAD YANI GURAH,SMK,SWASTA,Kab. Kediri,Kec. Gurah,JL. DR. SUTOMO 47 GURAH,-,64181,0354,smk.ayanigurahkdr@gmail.com,https://smkahmadyani.sch.id/,B,741,460,281,23
20532522,SMP PGRI 1 SURABAYA,SMP,SWASTA,Kota Surabaya,Kec. Tambaksari,Jl. Karang Empat Besar N0. 133 Surabaya,,60133,0313814866,admin@smppgri1surabaya.sch.id,http://smppgri1surabaya.sch.id,A,741,378,363,19
20510705,SMP NEGERI 2 KAUMAN,SMP,NEGERI,Kab. Ponorogo,Kec. Kauman,Jalan Sayang Ayu No. 2,Demalang,63451,0352751448,smpn2kaumanpo@yahoo.co.id,http://smpn2kaumanponorogo.sch.id,A,740,389,351,24
20502650,SMPN 1 KUTOREJO,SMP,NEGERI,Kab. Mojokerto,Kec. Kutorejo,Jl. Mayjend H. Soemadi No.11,Sambisari,61383,085232960766,smpn1kutorejo@gmail.com,http://smpn1kutorejo.sch.id,A,739,405,334,24
20534172,SMPN 13,SMP,NEGERI,Kota Madiun,Kec. Manguharjo,Jl. Sumatra No. 13,,63122,0351464655,smpn13madiun@gmail.com,http://www.smpn13madiun.sch.id,A,739,397,342,24
20532257,SMKS ANTARTIKA SURABAYA,SMK,SWASTA,Kota Surabaya,Kec. Sawahan,JL. BANYU URIP KIDUL 2/37 SURABAYA,-,60245,0315611101,smkantartikasurabaya@gmail.com,http://smkantartikasurabaya.sch.id,B,739,669,70,22
20519209,SMPN 1 PRIGEN,SMP,NEGERI,Kab. Pasuruan,Kec. Prigen,"Jl. Pecalukan, Ledug Prigen",,67157,082234045805,spentugen.new@gmail.com,http://spentugen.sch.id,A,738,385,353,21
20504428,SMP NEGERI 1 BALEN,SMP,NEGERI,Kab. Bojonegoro,Kec. Balen,Jl.raya Balen 46,Balen,62182,0353331391,smpnegeri1balen@gmail.com,http://smpnegeri1balen.id,A,736,385,351,24
20521403,SMP NEGERI 1 JATIROTO,SMP,NEGERI,Kab. Lumajang,Kec. Jatiroto,Jl Raya No 2 Jatiroto,Persil Jatiroto,67355,,smpn1jatiroto2020@gmail.com,http://,A,736,388,348,24
20549721,SMAS AL HIKMAH SURABAYA,SMA,SWASTA,Kota Surabaya,Kec. Jambangan,JL. KEBON SARI ELVEKA V,-,60233,8289097,helpdesk.smaalhikmahsby@gmail.com,http://sma.alhikmahsby.sch.id/,A,736,375,361,22
20505076,UPT SMP NEGERI 2 JATIROGO,SMP,NEGERI,Kab. Tuban,Kec. Jatirogo,Jl. Raya Timur No. 12 Jatirogo,Karanganyar,62362,0356551070,smpnduajatirogo@yahoo.com,http://www.smpn2jatirogo.sch.id,A,735,392,343,21
20500450,SMAS SUNAN GIRI,SMA,SWASTA,Kab. Gresik,Kec. Menganti,JL. RAYA SUNAN GIRI NO 16,MENGANTI,61174,7911654,sunan.giri5@gmail.com,http://smasunangirimenganti.sch.id,A,734,248,486,21
20528661,SMAN 1 TORJUN,SMA,NEGERI,Kab. Sampang,Kec. Torjun,JL. RAYA TORJUN,JL. RAYA TORJUN,69271,321744,smanegeritorjun@gmail.com,http://smatorwordpres.com,A,734,374,360,22
20506382,SMP NEGERI 4 LAMONGAN,SMP,NEGERI,Kab. Lamongan,Kec. Lamongan,Jl. Jend. Sudirman No. 74 Kelurahan Banjarmendalan ,BANJARMENDALAN,62212,0322321035,smpnegeri4lamongan@gmail.com,http://www.smpn4lamongan.sch.id,A,733,385,348,23
20523875,UNIT PELAKSANA TEKNIS DAERAH (UPTD) SATUAN PENDIDIKAN SMPN 1 SILO,SMP,NEGERI,Kab. Jember,Kec. Silo,Jl. Silo No. 49 Sempolan Jember,Karang Kebon,68184,0331521190,smpn1silo@yahoo.co.id,http://www.smp1silo-jbr.blogspot.com,A,732,379,353,22
20517484,SMP NEGERI 1 GONDANGLEGI,SMP,NEGERI,Kab. Malang,Kec. Gondanglegi,JL. RAYA KETAWANG NO. 4 ,Ketawang Krajan,65174,0341879003,smpn1gondanglegi@gmail.com,http://www.smpn1gondanglegi.sch.id,A,732,380,352,24
20554535,SMAN 1 BESUKI,SMA,NEGERI,Kab. Situbondo,Kec. Besuki,JL. GUNUNG IJEN NO.09 BESUKI,Rawan,68356,0338893897,sman1besuki_stb@yahoo.co.id,http://sma1besuki.sch.id,A,732,303,429,21
69947083,SMP NEGERI 56 SURABAYA,SMP,NEGERI,Kota Surabaya,Kec. Dukuh Pakis,Jl.Dukuh Kupang Barat No.31A,DUKUH KUPANG,60225,03199532269,smpn56surabaya@gmail.com,http://https://smpn56surabaya.sch.id/,A,732,376,356,21
20532206,SMKS MAHARDHIKA SURABAYA,SMK,SWASTA,Kota Surabaya,Kec. Gubeng,JL. BARATA JAYA XII/1 SURABAYA,Barata Jaya,60284,0315014276,smkmahardhika29@yahoo.com,http://smk-mahardhika.sch.id,A,732,302,430,28
20503407,SMA NEGERI NGORO,SMA,NEGERI,Kab. Jombang,Kec. Ngoro,JL.KAWI 6 NGORO,KAUMAN,61473,0321710411,smanero_71@yahoo.com,http://smanngorojombang.sch.id,A,731,270,461,21
20511865,UPTD SMPN 1 Puncu,SMP,NEGERI,Kab. Kediri,Kec. Puncu,Puncu,Puncu,64292,0354394071,smpn1.puncu@gmail.com,http://smpn1puncu.sch.id,A,731,374,357,21
20503412,SMA NEGERI BANDARKEDUNGMULYO,SMA,NEGERI,Kab. Jombang,Kec. Bandar KedungMulyo,Jl. Raya Bandarkedungmulyo Jombang,Gondangmanis,61462,0321871786,smanbandarkdm@yahoo.com,http://smanbandarkdm.sch.id,A,730,278,452,21
20506265,SMK NU 1 KARANGGENENG,SMK,SWASTA,Kab. Lamongan,Kec. Karanggeneng,Jl. Raya Simo Sungelebak Karanggeneng Lamongan,SIMO,62254,0322390825,smknu1@yahoo.com,http://www.smknu1karanggeneng.sch.id,A,729,415,314,27
20507757,SMP NEGERI 1 WONOASRI,SMP,NEGERI,Kab. Madiun,Kec. Wonoasri,Jl. Raya Wonoasri No.78,Sidomulyo,63157,0351383848,smpn01wonoasri@gmail.com,https://smpn1wonoasri.sch.id/,A,729,389,340,24
20541265,SMKN SUGIHWARAS,SMK,NEGERI,Kab. Bojonegoro,Kec. Sugihwaras,JL. RAYA SUGIHWARAS - PANEMON,Sidomulyo,62183,081230011558,smknsugihwaras.official@gmail.com,http://smknsugihwaras.sch.id,A,728,483,245,23
70028999,SMP Islam Excellent As Syafiah,SMP,SWASTA,Kab. Nganjuk,Kec. Loceret,PP Mojosari Desa Ngepeh Kec.Loceret Kab.Nganjuk,Dusun Mojosari,64471,,smpiexcellentassyafiah@gmail.com,http://assyafiah.sch.id/,A,726,288,438,23
20536265,SMP NEGERI 1 PROBOLINGGO,SMP,NEGERI,Kota Probolinggo,Kec. Mayangan,Jl. Imam Bonjol No. 49,,67219,0335421620,smpn1kotaprobolinggo@gmail.com,http://https://smpn1probolinggo.sch.id/,A,726,349,377,21
20523904,UNIT PELAKSANA TEKNIS DAERAH (UPTD) SATUAN PENDIDIKAN SMPN 4 JEMBER,SMP,NEGERI,Kab. Jember,Kec. Patrang,Jl. Nusa Indah No. 14 Jember,Pagah,68118,485525,smpn4jember@yahoo.co.id,http://www.smpn4jember.sch.id,A,725,343,382,23
20503465,SMP NEGERI 1 PETERONGAN,SMP,NEGERI,Kab. Jombang,Kec. Peterongan,Jl. Veteran,Mancar Barat,61481,0321866080,smpnegeri1peterongan@gmail.com,http://smpn1peterongan.sch.id/,A,725,365,360,23
20523908,UNIT PELAKSANA TEKNIS DAERAH (UPTD) SATUAN PENDIDIKAN SMPN 6 JEMBER,SMP,NEGERI,Kab. Jember,Kec. Kaliwates,Jl. Hayam Wuruk 39 Jember,Sempusari,68135,0331485148,smpnegeri6jember@gmail.com,,A,724,380,344,21
20517760,SMKS MUHAMMADIYAH 2 PAGAK,SMK,SWASTA,Kab. Malang,Kec. Pagak,JL. AHMAD YANI 156 SUMBERMANJINGKULON,Krajan,65168,0341881266,smkmudapagak@gmail.com,http://www.smkm2pagak.blogspot.com,A,724,354,370,26
20503471,SMP NEGERI BANDARKEDUNGMULYO,SMP,NEGERI,Kab. Jombang,Kec. Bandar KedungMulyo,Dsn. Semelo,Semelo,61462,0321865992,smpn1.bandarkedungmulyo@gmail.com,http://smpnbandarkedungmulyo.sch.id/,A,723,400,323,23
20521451,SMKN 1 TEMPEH,SMK,NEGERI,Kab. Lumajang,Kec. Tempeh,Jl. Airlangga Desa Besuk,Wonorejo,67371,8780001,smkn1tempeh.lmj@gmail.com,http://www.smkn1tempeh.sch.id,A,722,509,213,26
20539814,SMKS AL KHOIRIYAH,SMK,SWASTA,Kab. Nganjuk,Kec. Baron,Dusun. Jati,JATI,64394,0358552525,smk_akh@yahoo.com,http://www.smkakhbaron.sch.id,B,722,488,234,24
20536274,SMP NEGERI 10 PROBOLINGGO,SMP,NEGERI,Kota Probolinggo,Kec. Kanigaran,Jl. Soekarno Hatta Probolinggo no. 263 Q,,67211,0335427260,probolinggo.smpn10@gmail.com,http://smpn10probolinggo.sch.id,A,722,380,342,21
20549216,SMKN 1 PUJON,SMK,NEGERI,Kab. Malang,Kec. Pujon,JL. BRIGJEN ABD. MANAN WIJAYA 14,Krajan,65391,0341590355,smknpujon@yahoo.co.id,http://www.smkn1pujon.sch.id,A,721,384,337,21
20538323,SMA NEGERI 1 PACE NGANJUK,SMA,NEGERI,Kab. Nganjuk,Kec. Pace,JL. SRIGADING 1,-,64472,331088,uptdsman1pace@gmail.com,http://www.sman1pace.sch.id,A,721,282,439,21
20538305,SMP NEGERI 1 BARON,SMP,NEGERI,Kab. Nganjuk,Kec. Baron,Kandeg,Kandeg,64394,771526,smpnsatubaron@gmail.com,http://www.smpn1baron.sch.id,A,721,389,332,24
20541354,SMP NEGERI 1 DANDER,SMP,NEGERI,Kab. Bojonegoro,Kec. Dander,Jl. Raya Sumberarum No.678 Km 15 Dander - Bojonegoro,SUMBERARUM,62171,03537748119,smpn1dander.678@gmail.com,http://,A,720,391,329,24
69966093,SMA ISLAM TERPADU ASY SYADZILI,SMA,SWASTA,Kab. Malang,Kec. Pakis,Jl. Pa. Hj. Khodijah No. 99b,KRAJAN,65154,0341785680,smaitasysyadzili@gmail.com,http://www.smaitasy-syadzili.sch.id,A,720,348,372,23
20541398,SMPN 2 KRATON,SMP,NEGERI,Kab. Pasuruan,Kec. Kraton,Jl. Pondok Pesantren Terpadu Al-yasini,Ponpes Terpadu Alyasini,67151,0343424435,smp2kraton@gmail.com,https://www.smpn2kraton.sch.id,A,720,315,405,21
20515491,SMP NEGERI 2 GONDANG,SMP,NEGERI,Kab. Tulungagung,Kec. Gondang,Dukuh,KRAJAN,66263,327460,bdysmpn2gon@yahoo.co.id,http://,A,720,402,318,21
20517488,SMP NEGERI 1 KASEMBON,SMP,NEGERI,Kab. Malang,Kec. Kasembon,JL. RAYA KASEMBON NO. 39,Kasembon krajan,65393,0354326368,smpn1.ksb@gmail.com,http://smpn1kasembon.sch.id/,A,718,354,364,23
20579332,SMK PLUS UMAR ZAHID,SMK,SWASTA,Kab. Jombang,Kec. Bandar KedungMulyo,JL. MASJID JAMI SEMELO KAYEN,Semelo,61462,03217177462,smkplusuz@yahoo.com,http://www.umarzahid.com,B,717,409,308,23
20519213,SMPN 1 NGULING,SMP,NEGERI,Kab. Pasuruan,Kec. Nguling,Jl. Dr.Soetomo No.69,Nguling,67185,0343481457,smpn1_nguling@yahoo.com,http://,A,717,398,319,23
20517732,SMAN 1 PAGAK,SMA,NEGERI,Kab. Malang,Kec. Pagak,JL.RAYA KAHURIPAN 4,SUMBERMANJING KULON,65168,0341881444,officialsman1pagak@gmail.com,http://sman1pagak.sch.id,A,716,238,478,21
20538315,SMP NEGERI 3 KERTOSONO,SMP,NEGERI,Kab. Nganjuk,Kec. Kertosono,Desa Pandan toyo,Pandantoyo,64315,0358551912,sn3gakertosono@gmail.com,http://https://www.smpnegeri3kertosono.sch.id/,A,716,374,342,24
20551651,SMAN 1 TONGAS,SMA,NEGERI,Kab. Probolinggo,Kec. Tongas,JL. RAYA LUMBANG,Klumprit,67252,511048,kepsek.smaneto@gmail.com,http://https://sman1tongas.sch.id/,A,716,377,339,21
20531253,SMA NEGERI 1 TANJUNGBUMI BANGKALAN,SMA,NEGERI,Kab. Bangkalan,Kec. Tanjungbumi,JL. RAYA MACAJAH  22,MACAJAH,69156,3071600,sman1tanjungbumi2023@gmail.com,http://sman1tanjungbumi.sch.id,A,715,385,330,21
20511853,UPTD SMPN 1 Purwoasri,SMP,NEGERI,Kab. Kediri,Kec. Purwoasri,Jl. Raya Mranggen - Purwoasri,Mranggen,64154,0354529337,smpnpurwoasri1@gmail.com,http://www.smpn1purwoasri-kediri.sch.id,A,715,410,305,22
20536272,SMP NEGERI 3 PROBOLINGGO,SMP,NEGERI,Kota Probolinggo,Kec. Mayangan,Jl. Hayam Wuruk No. 155,Jati,67217,0335422151,smpn3probolinggo@gmail.com,http://smpn3-pbl.sch.id,A,715,363,352,21
20536268,SMP NEGERI 7 PROBOLINGGO,SMP,NEGERI,Kota Probolinggo,Kec. Kanigaran,Jl. Walikota Gatot 181,,67213,0335423713,smpn7.prob@yahoo.co.id,http://smpn7-prob.sch.id,A,714,378,336,21
20531147,SMA NEGERI 1 AROSBAYA BANGKALAN,SMA,NEGERI,Kab. Bangkalan,Kec. Arosbaya,JL. RAYA AROSBAYA NO. 1,Tengket,69151,0313051452,infosmanarosbaya@gmail.com,http://sman1arosbaya.sch.id,A,713,314,399,21
20532503,SMP MUHAMMADIYAH 15,SMP,SWASTA,Kota Surabaya,Kec. Kenjeran,Jl. Platuk No. 104 Surabaya,SIDOTOPO WETAN,60128,0313723606,smpm15_sby@yahoo.co.id,http://smpmuh15sby.sch.id/,A,713,365,348,24
20538322,SMA NEGERI 1 LOCERET NGANJUK,SMA,NEGERI,Kab. Nganjuk,Kec. Loceret,JL. DR. SUTOMO LOCERET,NGEPEH,64471,324776,sma1loceret@gmail.com,http://sman1-loceret.sch.id,A,712,291,421,22
20571319,SMAS TAHFID DARUL ULUM,SMA,SWASTA,Kab. Pamekasan,Kec. Palengaan,JL. Ponpes Banyuanyar Potoan Daya Palengaan Pamekasan,DSN BANYUANYAR,69362,08170220005,smatahfidzduba@gmail.com,http://www.smatduba.sch.id,B,712,711,1,21
20562265,SMP NEGERI 44 SURABAYA,SMP,NEGERI,Kota Surabaya,Kec. Simokerto,Jl. Sidodadi Surabaya,Simolawang,60144,0313720732,smpn44surabaya@yahoo.com,http://smpn44surabaya.sch.id,A,712,356,356,24
20523895,UNIT PELAKSANA TEKNIS DAERAH (UPTD) SATUAN PENDIDIKAN SMPN 9 JEMBER,SMP,NEGERI,Kab. Jember,Kec. Sumbersari,Jl. Kutai No. 169 Jember,Tegal Bai,68122,0331339231,smpn09jbr@gmail.com,http://www.smpn9jember.my.id,A,711,396,315,24
20523846,SMAN MUMBULSARI,SMA,NEGERI,Kab. Jember,Kec. Mumbulsari,JL. DR. SOEBANDI 62 ,Karang Sirih,68174,03315447552,smanmumbulsari2@gmail.com,http://smanmumbulsari.sch.id,A,711,393,318,21
20525646,SMP NEGERI 2 GAMBIRAN,SMP,NEGERI,Kab. Banyuwangi,Kec. Gambiran,Jl. Diponegoro Jajag,JATISARI,68486,03333911486,smpn2gambiran@gmail.com,http://www.smpn2gambiran.sch.id,A,710,374,336,21
20523962,SMP PLUS DARUS SHOLAH,SMP,SWASTA,Kab. Jember,Kec. Kaliwates,Jl. Moh. Yamin  No. 25 Jember,Krajan Barat,68132,081237640601,smp.plus.darsol@gmail.com,http://www.darussholah.net,A,710,332,378,22
20523874,UNIT PELAKSANA TEKNIS DAERAH (UPTD) SATUAN PENDIDIKAN SMPN 1 RAMBIPUJI,SMP,NEGERI,Kab. Jember,Kec. Rambipuji,Jln. dr. Sutomo No. 1,GUDANG REJO,68152,0331711339,smpn1rambipuji.spatra@gmail.com,http://,A,710,350,360,21
20540107,SMKS TRISAKTI TULANGAN,SMK,SWASTA,Kab. Sidoarjo,Kec. Tulangan,JL. RAYA KEPADANGAN 187,-,61273,0318851047,smktrisaktitulangan@yahoo.co.id,http://smktrisakti-tulangan.sch.id,A,710,704,6,23
20508482,SMAN 1 SINE,SMA,NEGERI,Kab. Ngawi,Kec. Sine,JL. RAYA SINE,SINE,63264,0351611011,smasine@ymail.com,http://sman1sine.sch.id,A,708,305,403,21
20500472,SMA NAHDLATUL ULAMA 1,SMA,SWASTA,Kab. Gresik,Kec. Gresik,JL. RADEN SANTRI V/22 GRESIK,-,61114,3970735,info@smanu1-gresik.sch.id,http://smanu1-gresik.sch.id,A,707,257,450,21
20511850,UPTD SMPN 1 Tarokan,SMP,NEGERI,Kab. Kediri,Kec. Tarokan,Jatikapur,Jati,64152,,trksmpn1@gmail.com,http://www.smpn1tarokankdr.sch.id,A,707,411,296,24
20531205,UPTD SMP NEGERI 4 BANGKALAN,SMP,NEGERI,Kab. Bangkalan,Kec. Bangkalan,Jl. Kapten Syafiri No. 68,Pejagan,69112,085233315344,spababangkalan@gmail.com,http://smpn4bkln.sch.id,A,706,409,297,23
20525719,SMP NEGERI 1 SONGGON,SMP,NEGERI,Kab. Banyuwangi,Kec. Songgon,Jalan Raya Songgon Rt. 2 Rw. 2,Bulurejo,68463,03336371460,smpnsonggon915@gmail.com,http://www.smpn1songgon.sch.id,A,706,384,322,21
20541359,SMP NEGERI 1 KEDUNGADEM,SMP,NEGERI,Kab. Bojonegoro,Kec. Kedungadem,Jalan Raya No. 216 Kedungadem,Duwel,62195,081330082918,smpn_1kedungadem@yahoo.co.id,http://www.smpn1kedungadem.sch.id,A,706,362,344,24
20517466,SMP NEGERI 1 PAKISAJI,SMP,NEGERI,Kab. Malang,Kec. Pakisaji,JL. CERME NO. 172 RT. 2 RW. 1 ,CERME,65162,0341804441,smpn1pakisaji@yahoo.com,http://smpn1pakisaji.sch.id,A,706,382,324,23
20503411,SMA NEGERI BARENG,SMA,NEGERI,Kab. Jombang,Kec. Bareng,SOEKARNO-HATTA,MOJOTENGAH,61474,0321711380,sman_bareng@yahoo.co.id,http://www.smanbareng.sch.id,A,705,228,477,21
20533769,SMP NEGERI 7 MALANG,SMP,NEGERI,Kota Malang,Kec. Kedungkandang,Jl. Lembayung,Bumiayu,65135,03412315026,smpnmlg7@gmail.com,http://https://www.smpn7malang.sch.id,A,705,355,350,23
70052118,SMA TARUNA NUSANTARA TERINTEGRASI KAMPUS MALANG,SMA,SWASTA,Kab. Malang,Kec. Pagak,JL. LAPANGAN TEMBAK,Krajan,65168,081216804984,admin@smatnkampusmalang.sch.id,http://malang.tarunanusantara.sch.id,A,704,501,203,19
20521787,UPTD SPF SMP Negeri 1 Bondowoso,SMP,NEGERI,Kab. Bondowoso,Kec. Bondowoso,Jl. Letnan Karsono No. 3,,68212,421244,smpn1bws@yahoo.co.id,,A,703,321,382,22
20500494,UPT SMP NEGERI 15 GRESIK,SMP,NEGERI,Kab. Gresik,Kec. Duduk Sampeyan,Jl. Raya Sumengko 09 Duduksampeyan,"Sumengko, Duduksampeyan , Gresik.",61162,0313903295,smpn1duduksampeyan@yahoo.co.id,http://https://uptsmpn15gresik.sch.id/,A,702,389,313,21
20506352,SMP NEGERI 1 MANTUP,SMP,NEGERI,Kab. Lamongan,Kec. Mantup,Jl. Raya Balong Panggang No.03,Mantup Tengah,62283,03224670298,smpnegerisatumantup@gmail.com,http://smpn1mantup.sch.id,A,702,358,344,21
69772576,SMKN 1 AMPELGADING,SMK,NEGERI,Kab. Malang,Kec. Ampelgading,JL. KLAMPIS IRENG RT.2 RW.1,Tirtomarto,65183,0341851307,smkn1ampelgadingjatim@gmail.com,http://www.smkn1ampelgading.sch.id/,B,702,348,354,23
20502707,SMKS NASIONAL DAWARBLANDONG,SMK,SWASTA,Kab. Mojokerto,Kec. Dawar Blandong,Jl. Pulorejo Dawarblandong No. 2,SIDOBECIK,61354,0317921016,smk_nasional_dawarblandong@yahoo.com,http://www.smknada.sch.id,B,702,431,271,24
69947129,SMP NEGERI 57 SURABAYA,SMP,NEGERI,Kota Surabaya,Kec. Wonocolo,Jl.Siwalankerto Permai,SIWALANKERTO,60236,03199842588,smpn57sby@gmail.com,http://smpn57surabaya.sch.id/,A,702,359,343,24
20521725,SMKS MANBAUL ULUM WONOSARI,SMK,SWASTA,Kab. Bondowoso,Kec. Wonosari,JL. RAYA SITUBONDO - WONOSARI,Gardu Salak,68282,085235450009,smk.manbaululum0320@gmail.com,http://smksmanbaululumbws.sch.id,B,701,320,381,26
20517794,SMAS DIPONEGORO TUMPANG,SMA,SWASTA,Kab. Malang,Kec. Tumpang,JL. TUNGGUL AMETUNG 18,JAGO,65156,0341787130,smasdiponegorotumpang@gmail.com,http://www.smadita.sch.id,A,701,242,459,20
20537501,SMKN KARTOHARJO,SMK,NEGERI,Kab. Magetan,Kec. Kartoharjo,JL. DS. KARTOHARJO,KARTOHARJO,63394,0351864788,smknkartoharjomagetan@gmail.com,http://smknegerikartoharjo.blogspot.com,A,700,510,190,25
20541263,SMKN NGRAHO,SMK,NEGERI,Kab. Bojonegoro,Kec. Ngraho,JL. RAYA 613 NGRAHO,Ngori,62165,0353591002,smkngraho@gmail.com,http://smknngraho-bjn.sch.id,B,699,448,251,24
20500485,UPT SMP NEGERI 6 GRESIK,SMP,NEGERI,Kab. Gresik,Kec. Sidayu,Jalan Kanjeng Sepuh ,MRIYUNAN,61153,0313949021,smpsatusidayu@yahoo.com,http://uptsmpn6gresik.sch.id,A,698,334,364,23
20506355,SMP NEGERI 1 PACIRAN,SMP,NEGERI,Kab. Lamongan,Kec. Paciran,Jl. Raya 240 Paciran,Paciran,62264,0322661164,snespac@yahoo.com,http://https://smpn1paciran.sch.id/,A,698,354,344,23
20536270,SMP NEGERI 5 PROBOLINGGO,SMP,NEGERI,Kota Probolinggo,Kec. Kanigaran,Jl. Cokroaminoto No 26 Probolinggo,Kanigaran,67213,03355892899,smpn5prob@yahoo.co.id,http://www.smpn5-pbl.sch.id,A,698,366,332,20
20529968,SMA NEGERI 1 ARJASA SUMENEP,SMA,NEGERI,Kab. Sumenep,Kec. Arjasa,Jl. Raya Bujutan Arjasa,Lembungan,69491,,smanarjasakangean@gmail.com,http://sman1arjasakangean.sch.id,A,697,280,417,21
20514432,UPT SMP NEGERI 2 TALUN,SMP,NEGERI,Kab. Blitar,Kec. Talun,RT. 5 RW. 5 Desa Kendalrejo Kec. Talun Kab. Blitar,,66183,0342561587,sempata@yahoo.co.id,http://,A,696,373,323,23
20502626,SMPN 2 JETIS,SMP,NEGERI,Kab. Mojokerto,Kec. Jetis,Jalan Raya Canggu,Kedung Sumur,61352,085176716006,smp2jetismojokerto@yahoo.co.id,http://www.smpn2jetis.sch.id,A,696,344,352,22
20546523,SMAS NURUL JADID,SMA,SWASTA,Kab. Probolinggo,Kec. Paiton,JL. KARANGANYAR,Tanjung Lor,67291,774583,smasnuruljadid@gmail.com,http://www.smanj.sch.id,A,696,245,451,21
20523966,UNIT PELAKSANA TEKNIS DAERAH (UPTD) SATUAN PENDIDIKAN SMPN 1 GUMUKMAS,SMP,NEGERI,Kab. Jember,Kec. Gumuk Mas,Jl. Mayangan No. 02 Gumukmas,kebonan,68165,321626,smpn1gumukmas@gmail.com,http://,A,695,358,337,24
20517509,SMP NEGERI 2 BANTUR,SMP,NEGERI,Kab. Malang,Kec. Bantur,JL. WONOKERTO NO. 297,Wonokerto,65179,0341879510,smpnbanturdua@gmail.com,http://www.smpn2bantur.sch.id,A,695,363,332,22
69904827,SMK KUSUMA NEGARA,SMK,SWASTA,Kab. Nganjuk,Kec. Kertosono,"JL. PANGLIMA SUDIRMAN NO. 1 KLINTER, KERTOSONO",Klinter,64314,03585501000,smkmarakertosono@gmail.com,http://www.smkkusumanegarakertosono.sch.id,B,695,504,191,25
20531193,UPTD SMP NEGERI 1 LABANG,SMP,NEGERI,Kab. Bangkalan,Kec. Labang,Jl. Samudera No. 5,Pangpong,69163,0313011766,smpnlabang@yahoo.co.id,http://www.smpn1labang@sch.id,A,694,373,321,23
69944963,SMP AMANATULLOH,SMP,SWASTA,Kab. Banyuwangi,Kec. Gambiran,DESA WRINGIN AGUNG,Sumberjaya,68486,085229197765,smp.amanatulloh@gmail.com,http://smpamanatulloh.sch.id,C,694,360,334,24
20525600,SMA NEGERI 2 TARUNA BHAYANGKARA JAWA TIMUR,SMA,NEGERI,Kab. Banyuwangi,Kec. Genteng,JL.PANDAN KEMBIRITAN,Pandan,68465,845821,sman2tarunabhayangkara@gmail.com,https://smadatara.sch.id/,A,694,419,275,21
20523829,SMAN PLUS SUKOWONO,SMA,NEGERI,Kab. Jember,Kec. Sukowono,JL. Sumberkalong,Sukowono,68194,0331567100,sukowonosmanplus@gmail.com,http://www.smanplussukowono.sch.id,A,694,373,321,21
20506390,SMP NEGERI 1 TIKUNG,SMP,NEGERI,Kab. Lamongan,Kec. Tikung,Jl. Raya Tikung - Kembangbahu No. 120 Desa Bakalanpule,TIKUNG,62281,0322323465,smpn1tikung@yahoo.com,http://smpn1tikung.sch.id,A,694,383,311,21
20531243,UPTD SMP NEGERI 1 AROSBAYA,SMP,NEGERI,Kab. Bangkalan,Kec. Arosbaya,Jln. Raya Arosbaya No.1,Tengket,69151,088749123456,smpnarosbaya@yahoo.co.id,http://smpn1arosbaya.sch.id,A,693,415,278,23
20500515,UPT SMP NEGERI 24 GRESIK,SMP,NEGERI,Kab. Gresik,Kec. Cerme,Jl. Raya Dungus Cerme Gresik,Dungus Lor,61171,0317993938,smpn24gresik24@gmail.com,http://www.uptsmpn24gresik.sch.id,A,693,324,369,21
20539726,SMA PGRI 2 JOMBANG,SMA,SWASTA,Kab. Jombang,Kec. Jombang,JL. KH. Ahmad Dahlan No. 23,-,61419,862162,smapgri2jombang@gmail.com,http://smapgri2jombang.sch.id,A,692,334,358,20
20532108,SMAS WACHID HASYIM 1 SURABAYA,SMA,SWASTA,Kota Surabaya,Kec. Kenjeran,JL. SIDOTOPO  WETAN BARU NO.37,-,60128,0313764756,sma_waha1@yahoo.com,http://sma-waha1.sch.id,A,692,278,414,20
20525653,SMP NEGERI 2 KALIPURO,SMP,NEGERI,Kab. Banyuwangi,Kec. Kalipuro,Jl. Johar No. 30,Lingkungan Brak,68451,0333425504,smpn2kalipuro@gmail.com,www.smpn2kalipuro.sch.id,A,691,396,295,21
20500509,UPT SMP NEGERI 26 GRESIK,SMP,NEGERI,Kab. Gresik,Kec. Wringin Anom,Bureng Kidul Rt.17 Rw.06,Bureng Kidul,61176,03199896158,smpnduawringinanom@gmail.com,http://www.smpn26gresik.sch.id,A,690,356,334,21
20505125,UPT SMP NEGERI 1 MERAKURAK,SMP,NEGERI,Kab. Tuban,Kec. Merakurak,Jln. Raya Tuwiri Kulon No. 23 Kec. Merakurak Kab. Tuban,KRAJAN,62355,0356711016,smpn1merakurak@gmail.com,https://spensamer.sch.id,A,688,403,285,21
20515492,SMPN 2 CAMPURDARAT,SMP,NEGERI,Kab. Tulungagung,Kec. Campur Darat,Jl.PRENGGO 34 CAMPURDARAT,NGINGAS,66272,0355531132,smp2cadar@gmail.com,http://,A,688,399,289,22
20533731,SMP LABORATORIUM UM,SMP,SWASTA,Kota Malang,Kec. Lowokwaru,Jl. Simpang Bogor T - 7 Malang,Sumbersari,65145,0341588550,smp.laboratorium.um@gmail.com,http://smplab-um.sch.id/,A,687,348,339,22
20574581,SMA NEGERI MODEL TERPADU BOJONEGORO,SMA,NEGERI,Kab. Bojonegoro,Kec. Kapas,JL. RAYA SUKOWATI NO. 00,Sukowati,62181,03533410031,smanmt.bojonegoro00@gmail.com,http://smanmt.sch.id,A,686,251,435,19
20511934,UPTD SMPN 2 Purwoasri,SMP,NEGERI,Kab. Kediri,Kec. Purwoasri,Jln. Balai Desa No. 07 Klampitan,Dsn. Klampitan,64154,03543881514,smpn2purwoasri1992@gmail.com,http://www.smpn2purwoasri.sch.id,A,686,375,311,21
20519288,SMAS MA ARIF PANDAAN,SMA,SWASTA,Kab. Pasuruan,Kec. Pandaan,JL. RAYA A. YANI NO. 92 PANDAAN,JOGONALAN,67156,0343632409,smamaarifnupdn@gmail.com,http://smarifda.sch.id,A,686,224,462,21
20525858,SMAN 1 MUNCAR,SMA,NEGERI,Kab. Banyuwangi,Kec. Muncar,JL.TAPANREJO,DUSUN KEDUNGDANDANG,68472,592548,smanmuncar@yahoo.co.id,http://sman1muncar.sch.id,A,685,255,430,21
20541366,SMP NEGERI 1 TAMBAKREJO,SMP,NEGERI,Kab. Bojonegoro,Kec. Tambakrejo,Bakalan,Bakalan,62166,,smpn1tambakrejo@gmail.com,http://smpn1tambakrejo.sch.id,A,684,362,322,23
20517520,SMP NEGERI 5 KEPANJEN,SMP,NEGERI,Kab. Malang,Kec. Kepanjen,Jalan Krajan Raya 144,,65163,0341396569,smpn.5.kepanjen@gmail.com,http://www.smpn-5-kepanjen.blogspot.com,A,683,343,340,22
20574768,SMKS KESEHATAN BAKTI INDONESIA MEDIKA PONOROGO,SMK,SWASTA,Kab. Ponorogo,Kec. Ponorogo,JL. KYAI MOJO NO. 9 KAUMAN KOTA PONOROGO,Kauman,63414,0352486186,smkbimpo@yahoo.com,http://www.smkkesehatanbimpo.sch.id,A,683,18,665,26
20501761,SMP YPM 2 SUKODONO,SMP,SWASTA,Kab. Sidoarjo,Kec. Sukodono,Jln Raya Panjunan,BABATAN,61258,7883032,smpypm2skd@yahoo.co.id,http://,A,683,344,339,22
20532670,SMP AL HIKMAH SURABAYA,SMP,SWASTA,Kota Surabaya,Kec. Jambangan,Jl. Kebonsari Elveka V,,60233,0318288228,smpalhikmahsby@gmail.com,http://www.alhikmahsby.sch.id,A,683,361,322,22
20538307,SMP NEGERI 1 SAWAHAN,SMP,NEGERI,Kab. Nganjuk,Kec. Sawahan,Jl. Sedudo,Bulak,64475,0358325030,smpnegeri1sawahan@gmail.com,http://https://smpn1sawahan.sch.id/,A,682,362,320,23
20505121,UPT SMP NEGERI 1 PARENGAN,SMP,NEGERI,Kab. Tuban,Kec. Parengan,Jl. Raya Ponco - Soko No. 2,WONOREJO,62366,08113108630,tassmpn1parengan@gmail.com,http://www.smpn1parengantuban.sch.id,A,682,362,320,22
20517762,SMKS MUHAMMADIYAH 5 KEPANJEN,SMK,SWASTA,Kab. Malang,Kec. Kepanjen,JL. BROMO Gg. MASJID RT.11 RW. 05 SUKUN UTARA,-,65163,03413901299,smkm5kpj.malang@yahoo.com,http://smkmuhammadiyah5kepanjen.sch.id,B,681,153,528,23
20546865,SMP NEGERI 1 DRINGU,SMP,NEGERI,Kab. Probolinggo,Kec. Dringu,Jl. Yos Sudarso no. 129,pabean,67271,0335420306,smpn1dringu@gmail.com,http://www.smpnegeri1dringu.sch.id,A,681,329,352,21
20535446,UPT SMP NEGERI 2,SMP,NEGERI,Kota Pasuruan,Kec. Panggungrejo,Jl. Soekarno Hatta 84,kebobsari,67114,0343421487,smpnegeri2pasuruan@gmail.com,http://https://www.smpn2pasuruan@sch.co.id,A,681,346,335,21
20511866,UPTD SMPN 1 Banyakan,SMP,NEGERI,Kab. Kediri,Kec. Banyakan,Jl. Bendungan No. 3,Sambirejo,64157,0354771035,smpnegeri1banyakan@gmail.com,http://www.smpn1banyakan.sch.id,A,680,386,294,21
20523884,UNIT PELAKSANA TEKNIS DAERAH (UPTD) SATUAN PENDIDIKAN SMPN 11 JEMBER,SMP,NEGERI,Kab. Jember,Kec. Sumbersari,Jl. Letjen Suprapto 110,,68122,0331336992,infosmpn11jember@gmail.com,-,A,679,351,328,21
20506391,SMP NEGERI 1 TURI,SMP,NEGERI,Kab. Lamongan,Kec. Turi,Jl. Raya Turi No. 164 Turi,KEPATIHAN,62252,0322322091,smpn1turi@gmail.com,http://smpnegeri1turi-lamongan.sch.id,A,679,370,309,22
20507759,SMP NEGERI 1 DAGANGAN,SMP,NEGERI,Kab. Madiun,Kec. Dagangan,Ds. Banjarsari Kulon Kec. Dagangan,Krajan,63172,0351367819,smpn1dagangan@yahoo.com,http://www.smpn1dagangan.sch.id,A,679,343,336,22
20584033,SMK MUHAMMADIYAH,SMK,SWASTA,Kab. Lumajang,Kec. Lumajang,JL. LETKOL SLAMET WARDOYO 103 LABRUK LOR,-,67316,0334890222,smkm.lmj@gmail.com,http://www.smkmulu.sch.id,A,678,184,494,25
20506378,SMP NEGERI 2 SUKODADI,SMP,NEGERI,Kab. Lamongan,Kec. Sukodadi,Jl. Ds. Sukolilo,DUKOH,62253,0322390135,smpn2sukodadi@yahoo.co.id,http://smpn2sukodadi.sch.id,A,677,368,309,21
20510754,SMP NEGERI 1 PULUNG,SMP,NEGERI,Kab. Ponorogo,Kec. Pulung,Dsn. Sekandang,Sekandang,63481,0352572077,smpn_1pulung@yahoo.com,http://smp1pulung.blogspot.com,A,677,338,339,20
20535081,UPT Satuan Pendidikan SMPN 5 ,SMP,NEGERI,Kota Blitar,Kec. Sukorejo,Jl. Widuri No. 123,,66124,0342801521,smp5kotablitar@gmail.com,http://smpn5blitar.sch.id/,A,677,349,328,22
20525656,SMP NEGERI 3 MUNCAR,SMP,NEGERI,Kab. Banyuwangi,Kec. Muncar,Jln. Kamboja No.2 ,KUMENDUNG,68472,,smpnegeri3muncar@gmail.com,http://smpn3muncar.sch.id,A,676,327,349,21
20542466,SMP NEGERI 5 TRENGGALEK,SMP,NEGERI,Kab. Trenggalek,Kec. Trenggalek,Jl. R.A. Kartini No.98 Trenggalek,Sidomulyo,66315,0355791388,snema.tgalek@gmail.com,http://smpn5tgalek.sch.id,A,676,362,314,21
20541229,SMAN 1 DANDER,SMA,NEGERI,Kab. Bojonegoro,Kec. Dander,JL. RAYA DANDER KM. 2 DANDER,Growok,62171,891636,sman1_dander@yahoo.co.id,http://sman1dander.info/,A,675,284,391,19
20523870,UNIT PELAKSANA TEKNIS DAERAH (UPTD) SATUAN PENDIDIKAN SMPN 1 MUMBULSARI,SMP,NEGERI,Kab. Jember,Kec. Mumbulsari,Jl. Pahlawan No 1 Mumbulsari,GAMBIRAN,68174,0331793230,smpn1mumbulsari@gmail.com,http://,A,675,390,285,22
20510139,SMAS MUHAMMADIYAH 1 PONOROGO,SMA,SWASTA,Kab. Ponorogo,Kec. Ponorogo,JL. BATORO KATONG 6B,SULTAN AGUNG,63411,0352481521,smamuh1png@gmail.com,http://www.smamuhipo.sch.id,A,675,307,368,20
20510118,SMP AL MUQODDASAH,SMP,SWASTA,Kab. Ponorogo,Kec. Mlarak,Nglumpang Mlarak Ponorogo,Nglumpang 1,63472,082221053682,smpmuqoddasah@yahoo.com,http://,B,675,325,350,23
69965325,SMP NEGERI 61 SURABAYA,SMP,NEGERI,Kota Surabaya,Kec. Benowo,Jl.Tengger Raya,KANDANGAN,60199,03199162001,smpnegeri61surabaya@gmail.com,http://www.smpn61sby.sch.id,A,675,339,336,20
20500469,SMKS NU GRESIK,SMK,SWASTA,Kab. Gresik,Kec. Gresik,JL. KH. ABDUL KARIM 60,Tratee,61111,0313984736,gresiksmknu@yahoo.co.id,http://www.smknugresik.sch.id,A,674,172,502,22
20519176,SMPN 1 REMBANG,SMP,NEGERI,Kab. Pasuruan,Kec. Rembang,Jalan Raya Rembang,Rembang,67152,0343742575,smpn.satu.rembang@gmail.com,http://smpn1rembang.sch.id,A,674,396,278,21
20574844,SMKN 2 SAMPANG,SMK,NEGERI,Kab. Sampang,Kec. Sampang,JL. SYAMSUL ARIFIN 9A ,-,69215,0323324777,smkn2spg.jatim@gmail.com,http://www.smkn2sampang.sch.id,A,674,529,145,24
20511840,UPTD SMPN 2 Papar,SMP,NEGERI,Kab. Kediri,Kec. Papar,Jl. Raya Minggiran,MORANGAN,64153,0354529431,smpn2paparkdr@gmail.com,www.smpn2paparkabkediri.sch.id,A,672,383,289,23
20511856,UPTD SMPN 2 Plosoklaten,SMP,NEGERI,Kab. Kediri,Kec. Plosoklaten,Ds. Wonorejo Trisulo,Wonorejo Trisulo,64175,082257567021,uptdsmpn2plosoklaten@gmail.com,http://smpn2plosoklaten.blogspot.com,A,672,334,338,18
20532677,SMKS KATOLIK ST LOUIS,SMK,SWASTA,Kota Surabaya,Kec. Sawahan,JL. TIDAR NO. 117 SURABAYA,-,60252,0315311277,smkstlouissby@gmail.com,http://www.smkstlouis.sch.id,A,672,505,167,24
20519171,SMPN 1 WONOREJO,SMP,NEGERI,Kab. Pasuruan,Kec. Wonorejo,Sambisirah No.12,Sambisirah Timur,67173,03434505959,smpnwonorejokabpasuruan@gmail.com,http://www.smpn1wonorejo.com,A,671,394,277,20
20534165,SMPN 7,SMP,NEGERI,Kota Madiun,Kec. Manguharjo,Jl. Merak No. 7,Nambangan Kidul,63128,0351463336,smpn7kotamadiun@gmail.com,http://smpn7madiun.sch.id,A,671,345,326,23
20500497,UPT SMP NEGERI 10 GRESIK,SMP,NEGERI,Kab. Gresik,Kec. Bungah,Jl.Raya Bungah No.1,,61152,0313949572,smpn1bungah@yahoo.com,http://,A,670,311,359,21
20500422,SMKS SEMEN GRESIK,SMK,SWASTA,Kab. Gresik,Kec. Gresik,JL. ARIEF RACHMAN HAKIM 90,Sidomoro,61122,0313984836,smksemengresik@gmail.com,http://www.smksemengresik.sch.id,A,670,558,112,32
20503508,SMP NEGERI 1 KABUH,SMP,NEGERI,Kab. Jombang,Kec. Kabuh,Jl. Raya Jombang-babat No. 146,Kabuh,61455,085105288216,smpn1kabuhjombang@gmail.com,http://,A,669,344,325,21
20503507,SMP NEGERI 1 KESAMBEN,SMP,NEGERI,Kab. Jombang,Kec. Kesamben,Jl. Taman Siswa 3,Gudang,61484,4890784,smpn1kesamben@yahoo.co.id,http://smpn1kesamben.sch.id,A,669,339,330,21
20521432,SMP NEGERI 4 LUMAJANG,SMP,NEGERI,Kab. Lumajang,Kec. Lumajang,Jl. Kolonel Suwignyo No. 45 Lumajang,Tompokersan,67311,0334881087,smpn_4lmj@yahoo.co.id,http://www.smpn4lumajang.sch.id,A,669,355,314,22
20502643,SMPN 1 DAWARBLANDONG,SMP,NEGERI,Kab. Mojokerto,Kec. Dawar Blandong,Jl. Bung Tomo,Sidobecik,61354,081216104157,smpn1dawarblandong@ymail.com,http://www.smpn1dawarblandong.com,A,669,316,353,21
20532566,SMP NEGERI 8 SURABAYA,SMP,NEGERI,Kota Surabaya,Kec. Pabean Cantian,Jl. Bunguran No. 15 - 17,,60161,0313523531,smp8sby@gmail.com,http://smp8sby.sch.id,A,669,335,334,23
20525604,SMK 17 AGUSTUS 1945 GENTENG,SMK,SWASTA,Kab. Banyuwangi,Kec. Genteng,JL. JEMBER,KRAJAN I,68465,0333846426,smk170845@gmail.com,http://www.smk17genteng.sch.id,A,668,369,299,26
20539851,SMAN SENDURO,SMA,NEGERI,Kab. Lumajang,Kec. Senduro,JL. RAYA SENDURO,TEMPURAN,67361,0334611187,sma_negeri_senduro@yahoo.co.id,http://smansenduro-lmj.sch.id/,A,668,311,357,20
20510709,SMP NEGERI 2 BALONG,SMP,NEGERI,Kab. Ponorogo,Kec. Balong,Jl. Raya Ngumpul - Karangpatihan,Jugo,63461,0352371446,smpn2balong@yahoo.co.id,https://smpnegeri2balongpo.sch.id,A,668,363,305,21
20520048,SMP NEGERI 1 PAJARAKAN,SMP,NEGERI,Kab. Probolinggo,Kec. Pajarakan,Jl. Condong Pajarakan,KRAJAN,67281,0335842212,smpnegeri1pajarakan@gmail.com,http://www.smpn1pajarakan.sch.id,A,668,384,284,21
20514418,UPT SMP NEGERI 1 SELOPURO,SMP,NEGERI,Kab. Blitar,Kec. Selopuro,Ds. Jatitengah ,JATIMULYO,66185,0342691756,smpselopuro1@gmail.com,http://,A,667,381,286,22
20503468,SMP NEGERI 2 MOJOAGUNG,SMP,NEGERI,Kab. Jombang,Kec. Mojoagung,Jl. Janti No. 20 Mojoagung,Kauman,61482,0321495516,smpn2mojoagung@yahoo.com,smpn2mojoagung.sch.id,A,667,330,337,21
20509369,SMP NEGERI 1 PONCOL,SMP,NEGERI,Kab. Magetan,Kec. Poncol,Jln. Parang - Poncol,Alastuwo,63362,0351888038,smpnegeri1poncol@yahoo.co.id,http://,A,667,342,325,22
20505081,UPT SMP NEGERI 1 TAMBAKBOYO,SMP,NEGERI,Kab. Tuban,Kec. Tambakboyo,Jln. Raya Sobontoro No. 176,sobontoro,62353,0356411403,smpn1tambakboyo@yahoo.co.id,http://smpntambakboyo.blogspot.com,A,666,351,315,21
70038216,SMP Al Izzah Leadership School,SMP,SWASTA,Kota Batu,Kec. Batu,Jl Indragiri Gg. Pangkur,,,,,http://,A,666,666,0,22
20525641,SMP NEGERI 3 BANYUWANGI,SMP,NEGERI,Kab. Banyuwangi,Kec. Banyuwangi,Jl. Batur No. 300,Pengantigan,68414,0333422467,smpnbanyuwangi3@gmail.com,http://https://smpn3banyuwangi.sch.id/,A,665,335,330,21
20521443,SMP NEGERI 05 LUMAJANG,SMP,NEGERI,Kab. Lumajang,Kec. Lumajang,Jl Sastrodikoro 128,,67312,891462,smpnegeri5lumajang@gmail.com,http://smpn5lumajang.sch.id,A,665,354,311,21
20502647,SMPN 1 JATIREJO,SMP,NEGERI,Kab. Mojokerto,Kec. Jatirejo,Jl. Raya Gebangsari No 4,Gebangsari,61373,0321496790,jatirejosmpn1@gmail.com,http://smpn1jatirejo.sch.id,A,665,328,337,21
20536821,SMKS ISLAM BATU,SMK,SWASTA,Kota Batu,Kec. Batu,JL. BARAT STADION BRANTAS,-,65314,0341597079,smkisbatu@gmail.com,http://www.smkislambatu.sch.id/,A,665,257,408,28
20535439,UPT SMP NEGERI 8,SMP,NEGERI,Kota Pasuruan,Kec. Purworejo,Jl. KH Mansyur 162 Pasuruan,SEKAR GADUNG,67127,0343422108,smpn8pasuruan@yahoo.co.id,http://smpn8pasuruan.sch.id,A,665,366,299,21
20502635,SMPN 2 TROWULAN,SMP,NEGERI,Kab. Mojokerto,Kec. Trowulan,Trowulan,Bejijong,61362,0321496895,smpnduatrowulan@gmail.com,http://,A,664,318,346,21
20502627,SMPN 2 KUTOREJO,SMP,NEGERI,Kab. Mojokerto,Kec. Kutorejo,Singowangi,Singowangi,61383,03216852727,smp2kutorejo@gmail.com,www.smpn2kutorejomr.sch.id,A,663,335,328,21
20542441,SMP NEGERI 1 WATULIMO,SMP,NEGERI,Kab. Trenggalek,Kec. Watulimo,Dusun Margo RT. 21 RW. 01,Margo,66382,0355551164,senetu.wtl@gmail.com,http://smpn1watulimo.sch.id,A,663,312,351,22
20505101,UPT SMP NEGERI 1 SEMANDING,SMP,NEGERI,Kab. Tuban,Kec. Semanding,Jln. Penambangan No. 55,KRAJAN,62381,326031,smpn1semanding_tuban@yahoo.co.id,http://www.smpn1semandingtuban.sch.id,A,663,323,340,21
20503472,SMP NEGERI 6 JOMBANG,SMP,NEGERI,Kab. Jombang,Kec. Jombang,Ds. Dapurkejambon - Jombang,DAPURKEJAMBON,61451,0321854090,smpn6jombang@gmail.com,http://www.smpn6jombang.sch.go.id,A,662,356,306,21
20506242,SMKS MUHAMMADIYAH 5 BABAT,SMK,SWASTA,Kab. Lamongan,Kec. Babat,JL. RUMAH SAKIT NO.15-17,Babat,62271,0322451313,smkm5babat@yahoo.com,http://www.smkmuh5babat.sch.id,A,662,419,243,30
20554932,SMKN 1 GEMARANG,SMK,NEGERI,Kab. Madiun,Kec. Gemarang,RAYA TGP,SEBAYI,63156,03513890860,smkn1gemarang2008@gmail.com,http://smkn1gemarang.sch.id,A,662,400,262,22
20517473,SMP NEGERI 1 TIRTOYUDO,SMP,NEGERI,Kab. Malang,Kec. Tirto Yudo,JL. RAYA GADUNGSARI NO. 41,Gadungsari,65182,0341897200,smpn1tirtoyudo@gmail.com,http://www.smpn1tirtoyudo.sch.id,A,662,328,334,21
20501748,SMP NEGERI 3 PORONG,SMP,NEGERI,Kab. Sidoarjo,Kec. Porong,Jl. Wr Supratman No 32 Porong,GEDANG,61274,0343852572,smpn3porong0628@gmail.com,http://www.smpn3porong.id,A,662,351,311,21
20566062,SMKN 1 KANOR,SMK,NEGERI,Kab. Bojonegoro,Kec. Kanor,DESA SUMBERWANGI,sumberwangi,62193,081390464553,smknegeri1kanor@gmail.com,http://www.smkn1kanor.sch.id,A,661,400,261,21
20541380,SMP NEGERI 7 BOJONEGORO,SMP,NEGERI,Kab. Bojonegoro,Kec. Bojonegoro,Jl. Ra. Kartini No. 08,KADIPATEN,62111,0353887647,smpnsevenbjn@gmail.com,http://,A,661,377,284,21
20503484,SMP NEGERI 2 PERAK,SMP,NEGERI,Kab. Jombang,Kec. Perak,Ds. Cangkringrandu,NGRANDU,61461,0321864956,smpnduaperak@yahoo.co.id,www.smpn2perak.sch.id,A,661,360,301,21
20502654,SMPN 1 PACET,SMP,NEGERI,Kab. Mojokerto,Kec. Pacet,Jl. Raya Pacet - Mojosari  Km. 3,Mojoroto,61374,0321690056,smpn_1pacet@yahoo.com,http://sekolah.mojokertokab.go.id/smpn1pacet,A,661,321,340,21
20502651,SMPN 1 MOJOANYAR,SMP,NEGERI,Kab. Mojokerto,Kec. Mojoanyar,Jl Mangga Dsn Pasinan ,Pasinan,61364,0321394417,smpnsatumojoanyar@gmail.com,,A,661,342,319,21
20541379,SMP NEGERI 6 BOJONEGORO,SMP,NEGERI,Kab. Bojonegoro,Kec. Bojonegoro,Jl. Panglima Polim No 67 Bojonegoro,SUMBANG,62115,0353881674,smp6bojonegoro@gmail.com,http://smpn6bojonegoro.sch.id,A,660,354,306,21
20523872,UNIT PELAKSANA TEKNIS DAERAH (UPTD) SATUAN PENDIDIKAN SMPN 1 PANTI,SMP,NEGERI,Kab. Jember,Kec. Panti,Jl. PB. Sudirman No. 6,Panti,68153,0331711624,smpn1panti@gmail.com,http://,A,660,337,323,21
20503483,SMP NEGERI 2 PETERONGAN,SMP,NEGERI,Kab. Jombang,Kec. Peterongan,Jl Tanjunggunung,Sini Tanjunggunung,61481,0321868107,smpn2peterongan@gmail.com,http://www.smpn2peterongan.sch.id,A,659,335,324,21
20523858,UNIT PELAKSANA TEKNIS DAERAH (UPTD) SATUAN PENDIDIKAN SMPN 1 AJUNG,SMP,NEGERI,Kab. Jember,Kec. Ajung,Jl. Semeru 141 Pancakarya,KRASAK,68175,0331757354,smpn1ajung_jember@yahoo.co.id,http://,A,658,372,286,21
20502630,SMPN 2 NGORO,SMP,NEGERI,Kab. Mojokerto,Kec. Ngoro,Tambakrejo,Tambakrejo,61385,085607646341,smpnngoro2@gmail.com,http://https://smpn2ngoromjk.sch.id,A,658,331,327,21
20534774,UPT SMP NEGERI 6,SMP,NEGERI,Kota Mojokerto,Kec. Prajurit Kulon,Jalan Pendidikan 39,PULOREJO,61325,0321323790,smpn6_moxer@yahoo.co.id,http://smpn6mojokerto.sch.id,A,658,339,319,21
20539738,SMP NEGERI 24 MALANG,SMP,NEGERI,Kota Malang,Kec. Blimbing,Jl. Simpang LA Sucipto Gang Makam,pandanwangi,65124,0341415415,smpn_24mlg@yahoo.co.id,http://www.smpn24-mlg.sch.id/,A,657,345,312,21
20525711,SMP NEGERI 1 BANGOREJO,SMP,NEGERI,Kab. Banyuwangi,Kec. Bangorejo,Jl.Pb Sudirman No.5 Sambirejo,Pasembon,68487,0333710615,smpn1bangorejo@ymail.com,http://smpn1bangorejo.sch.id,A,656,368,288,21
69979340,SMP SAINS TEBUIRENG,SMP,SWASTA,Kab. Jombang,Kec. Ngoro,"Jl. Desa Jombok, Kec. Ngoro",Jombok,61473,03216870537,smpsainstebuireng@gmail.com,http://www.smpsains-tebuireng.sch.id,A,656,356,300,22
20521474,SMP NEGERI 1 CANDIPURO,SMP,NEGERI,Kab. Lumajang,Kec. Candipuro,Jl Jend Sudirman 091 Candipuro,Candipuro,67373,0334575382,smpncandipuro01@gmail.com,http://www.smpn1candipuro.com,A,655,347,308,21
20508540,SMP NEGERI 1 PARON,SMP,NEGERI,Kab. Ngawi,Kec. Paron,Jl. Raya Paron - Ngawi,Putat Selawe,63253,749836,smpn1paron@gmail.com,http://smpn-1paron.sch.id,A,655,368,287,22
20501675,SMKS YPM 5 SUKODONO,SMK,SWASTA,Kab. Sidoarjo,Kec. Sukodono,JL. RAYA PANJUNAN NO. 45,PANJUNAN,61258,0317876116,smk5_ypm@yahoo.co.id,http://www.smkypm5sukodono.sch.id,A,655,183,472,17
20500512, UPT SMP NEGERI 25 GRESIK,SMP,NEGERI,Kab. Gresik,Kec. Manyar,Jl. Raya Sembayat No 13 Manyar,Sembayat Timur,61151,085182282225,uptsmpnegeri25gresik@gmail.com,http://www.spendumagres.sch.id,A,654,386,268,21
20503480,SMP NEGERI 2 SUMOBITO,SMP,NEGERI,Kab. Jombang,Kec. Sumobito,Jalan Perintis,Kendalsari,61483,085749580311,spedusumobito@gmail.com,,A,654,335,319,21
20536842,SMP NEGERI 04 BATU,SMP,NEGERI,Kota Batu,Kec. Bumiaji,"Jln.  Diponegoro X / No.18 RT.4 RW.1 Tulungrejo, Kec. Bumiaji",Gondang,65336,0341595828,smpn4batu@yahoo.co.id,http://www.smpn4batu.sch.id,A,654,336,318,21
20523893,UNIT PELAKSANA TEKNIS DAERAH (UPTD) SATUAN PENDIDIKAN SMPN 1 BANGSALSARI,SMP,NEGERI,Kab. Jember,Kec. Bangsalsari,Jl. Sukorejo 107,Kedungsuko,68154,0331711621,smpn1bangsalsarijember@gmail.com,http://,A,653,375,278,23
20503448,SMP NEGERI 2 DIWEK,SMP,NEGERI,Kab. Jombang,Kec. Diwek,Watugaluh,WATUGALUH,61471,03218493682,smpndiwek2@gmail.com,http://www.smpn2diwek.sch.id,A,651,415,236,21
20509351,SMP NEGERI 3 MAOSPATI,SMP,NEGERI,Kab. Magetan,Kec. Maospati,Jl. Raya I/17 Maospati,,63392,0351869046,smp3maospati@gmail.com,http://www.smp3maospati.sch.id,A,651,349,302,21
20527174,SMKN 2 PAMEKASAN,SMK,NEGERI,Kab. Pamekasan,Kec. Pamekasan,JL. PROPPO NO.161,Bugih,69316,0324322322,informasi@smkn2pamekasan.sch.id,http://www.smkn2pamekasan.sch.id,A,650,633,17,31
20509360,SMP NEGERI 1 KARANGREJO,SMP,NEGERI,Kab. Magetan,Kec. Karangrejo,Jalan Raya Desa Pelem,Pelem,63395,0351860054,karangrejo.smpn1@gmail.com,http://,A,649,326,323,22
20570323,SMK NEGERI 1 KAMAL BANGKALAN,SMK,NEGERI,Kab. Bangkalan,Kec. Kamal,"JL. RAYA TELANG NO. 03 KAMAL, BANGKALAN",-,69162,03151160739,smkn1_kamal@yahoo.co.id,http://www.smkn1kamal.blogspot.com,B,648,403,245,25
20525872,SMAN 1 BANGOREJO,SMA,NEGERI,Kab. Banyuwangi,Kec. Bangorejo,JL. BHAYANGKARA NO. 67,KEBONREJO,68487,0333713297,sman1bangorejo@yahoo.co.id,http://smanegeri1bangorejo.sch.id,A,648,266,382,19
20509316,SMAN 1 PARANG,SMA,NEGERI,Kab. Magetan,Kec. Parang,JL. RAYA PARANG 27,-,63371,0351871045,smapamagetan@gmail.com,http://sman1parang.sch.id,A,647,285,362,20
20517477,SMP NEGERI 1 AMPELGADING,SMP,NEGERI,Kab. Malang,Kec. Ampelgading,JL. RAYA TIRTOMARTO NO. 9 RT.1 RW.3,TIRTOMARTO,65183,0341851055,smpnsatuampelgading@yahoo.com,http://,A,647,297,350,22
20517717,SMKS ISLAM AHMAD YANI NGANTANG,SMK,SWASTA,Kab. Malang,Kec. Ngantang,JL. RAYA NO. 03 NGANTANG,KEBONSARI,65392,0341521370,smkyaningantang@yahoo.co.id,http://,B,646,401,245,20
20510763,SMP NEGERI 1 BADEGAN,SMP,NEGERI,Kab. Ponorogo,Kec. Badegan,Jl. Raya Ponorogo-Wonogiri No.2,Badegan,63455,0352751228,smpn1badegan.po@gmail.com,http://www.smpn1badegan.sch.id,A,646,316,330,21
20549204,SMP NEGERI 1 PAGELARAN,SMP,NEGERI,Kab. Malang,Kec. Pagelaran,JL. KERAMAT NO. 234 RT. 32 RW. 12,Ardirejo,65177,0341877007,smpn1pagelaran@yahoo.co.id,http://smpn1pagelaranmalang.sch.id,A,645,314,331,21
20502672,SMAS ISLAM DIPONEGORO,SMA,SWASTA,Kab. Mojokerto,Kec. Gondang,Jl. Yon Munasir No.36 Gondang - Mojokerto,Kejambon,61372,03216830902,smaidipo86@gmail.com,http://smaislamdiponegoromojokerto.sch.id,A,645,307,338,18
20577698,SMKS MAMBAUL ULUM BATA BATA,SMK,SWASTA,Kab. Pamekasan,Kec. Palengaan,Jalan KHR. Abd. Majid (Komplek PP. Mambaul Ulum Bata-Bata),Bata-Bata,69362,3515021,smk_muba@yahoo.com,http://smkmuba.wordpress.com,B,645,339,306,23
20541362,SMP NEGERI 1 NGASEM,SMP,NEGERI,Kab. Bojonegoro,Kec. Ngasem,Jl. Raya Ngasem 38,NGADILUWIH,62154,0,smpn1ngasem.bjn.jatim@gmail.com,http://,A,644,348,296,22
20509371,SMP NEGERI 1 PARANG,SMP,NEGERI,Kab. Magetan,Kec. Parang,Jl. Raya Parang Lembeyan,Tamanarum,63371,0351871118,smpnegeri1parang@yahoo.com,https://smpn1parang.sch.id,B,644,344,300,21
20554397,SMA NEGERI 5 TUBAN,SMA,NEGERI,Kab. Tuban,Kec. Semanding,JL. RAYA BEKTIHARJO SEMANDING,Krajan,62381,0356327974,smanegeri5tuban@yahoo.co.id,http://www.sman5tuban.sch.id,A,644,272,372,18
20553228,SMP Raudlatul Jannah,SMP,SWASTA,Kab. Probolinggo,Kec. Gending,Klaseman ,Rowojati Lor,67272,0335841154,smpradja15@gmail.com,http://,B,643,366,277,20
69978592,SMP TAHFIDH AL HIDAYAH ,SMP,SWASTA,Kab. Tulungagung,Kec. Kauman,Jl. KH. Hasyim Asy’ari Gang 3 Desa Kauman Kec. Kauman Kab. Tulungagung,Tawang,66261,0355326582,smptah2018@gmail.com,http://,C,643,273,370,16
20521760,UPTD SPF SMP Negeri 3 BONDOWOSO,SMP,NEGERI,Kab. Bondowoso,Kec. Bondowoso,Jl. A.Yani No. 123 Bondowoso,,68211,421815,smpn3bondowoso@gmail.com,https://smpn3bws.csh.id/,A,642,354,288,20
20517467,SMP NEGERI 1 PONCOKUSUMO,SMP,NEGERI,Kab. Malang,Kec. Poncokusumo,JL. PARAS NO. 1 ,Paras,65157,0341787358,esensip@ymail.com,https://smpn1poncokusumo.sch.id,A,642,293,349,21
20555637,SMKS MAARIF NU JATIREJO,SMK,SWASTA,Kab. Mojokerto,Kec. Jatirejo,"JL. PB. SUDIRMAN NO.56, SUMENGKO",SUMENGKO,61373,03216830324,smkmanuja@gmail.com,http://www.smkmanuja.mysch.id,B,641,480,161,20
70038438,SMP ALBERR PANDAAN,SMP,SWASTA,Kab. Pasuruan,Kec. Pandaan,JL PESANTREN  RT.03/RW.15 SANGAREJO,Sangarejo,67156,085604034445,smpalberr23@gmail.com,http://,A,641,572,69,21
20501724,SMP NEGERI 2 TANGGULANGIN,SMP,NEGERI,Kab. Sidoarjo,Kec. Tanggulangin,Kedung Banteng,,61272,0318923733,smpn2tanggulangin@ymail.com,http://www.smpnegeri2tanggulangin.sch.id,A,641,324,317,21
20515525,SMPN 1 TANGGUNGGUNUNG,SMP,NEGERI,Kab. Tulungagung,Kec. Tanggung Gunung,Jl. Raya Tanggunggunung,Kalitalun,66283,0,smpn1.tggn@gmail.com,http://s.id/s1ntag_official,A,641,315,326,21
20571007,SMKS HIDAYATUL MUBTADIIN,SMK,SWASTA,Kab. Jember,Kec. Tempurejo,JL. KOTTA BLATER GG.III/160. DESA SIDODADI KEC. TEMPUREJO,Krajan,68173,081231964918,smkhmubtadiin@gmail.com,http://www.smkhmtempurejo.blogspot.com,B,640,353,287,21
20520021,SMAN 1 LECES,SMA,NEGERI,Kab. Probolinggo,Kec. Leces,JL. RAYA LECES - PROBOLINGGO,MALASAN KULON,67273,0335680489,smanstlcs@gmail.com,http://www.sman1leces.sch.id,A,640,363,277,19
20539251,SMKS PGRI 6 SURABAYA,SMK,SWASTA,Kota Surabaya,Kec. Tambaksari,JL. KAPAS BARU XI / 45,Kapas Baru,60134,0313734074,smkpgri6plus_ms_sby@yahoo.com,http://www.smkpgri6sby.sch.id,B,640,577,63,19
20532209,SMKS MUHAMMADIYAH 1 SURABAYA,SMK,SWASTA,Kota Surabaya,Kec. Simokerto,JL. KAPASAN NO. 73-75 SURABAYA,Kapasan,60141,0313710559,smkm1sby@yahoo.com,http://smkm1surabaya.sch.id,A,640,321,319,21
20502621,SMPN 2 DAWARBLANDONG,SMP,NEGERI,Kab. Mojokerto,Kec. Dawar Blandong,Ds. Sumberwuluh,Sumberwuluh,61354,0317922084,smpn2dawar@yahoo.co.id,http://www.smpn2dawarbl.sch.id,A,639,326,313,19
20549267,SMP BILINGUAL TERPADU,SMP,SWASTA,Kab. Sidoarjo,Kec. Krian,JL. JUNWANGI NO. 43B,Kwangen,61262,0318983618,admin@smpbilingualterpadu.sch.id,http://smpbilingualterpadu.sch.id,A,639,349,290,21
20540013,SMP NEGERI 2 JABON,SMP,NEGERI,Kab. Sidoarjo,Kec. Jabon,Jl. Permisan No. 01 Jabon,Permisan,61276,0343850886,negeriduajabon@gmail.com,http://,A,639,371,268,21
20522695,SMP NEGERI 3 SITUBONDO,SMP,NEGERI,Kab. Situbondo,Kec. Situbondo,Talkandang Situbondo,-,68315,0338672215,smpn3_situbondo@yahoo.co.id,http://www.smpn3situbondo.sch.id,A,639,342,297,21
20525594,SMKS PGRI PESANGGARAN,SMK,SWASTA,Kab. Banyuwangi,Kec. Pesanggaran,JL. LAMPON NO. 50,KRAJAN,68488,0333710853,smkpgripesanggaran@gmail.com,http://smkpgripesanggaran.sch.id/,B,638,334,304,20
20532451,SMAS 17 AGUSTUS 1945,SMA,SWASTA,Kota Surabaya,Kec. Sukolilo,JL. SEMOLOWARU NO. 45,Menur Pumpungan,60119,0315924165,smatag45@gmail.com,http://www.smatag45.sch.id,A,638,315,323,19
20532109,SMAS WACHID HASYIM 5,SMA,SWASTA,Kota Surabaya,Kec. Benowo,JL. RAYA SEMEMI NO. 7,sememi,60198,082145886668,smawaha5sby@yahoo.com,http://smawh5.sch.id,A,638,253,385,18
20514354,SMKS ISLAM 2 WLINGI,SMK,SWASTA,Kab. Blitar,Kec. Wlingi,JL. GAJAH MADA 102 WLINGI,majegan,66184,03425696968,smki2wlingi@yahoo.co.id,http://www.smkislam2wlingi.sch.id,B,637,492,145,21
20541255,SMKS DIRGAHAYU KEDUNGADEM,SMK,SWASTA,Kab. Bojonegoro,Kec. Kedungadem,JL. RAYA 592/593 KEDUNGADEM,Kedungadem Utara,62195,085144158686,smksdirgahayukdm@gmail.com,http://smkdirgahayukdm.sch.id,A,637,373,264,20
20506356,SMP NEGERI 1 PUCUK,SMP,NEGERI,Kab. Lamongan,Kec. Pucuk,Jl. Raya Paji No. 03 Kec. Pucuk - Lamongan,,62257,0322390129,smpn1pucuk@gmail.com,http://www.smpn1pucuk.sch.id,A,637,325,312,21
20539737,SMP NEGERI 23 MALANG,SMP,NEGERI,Kota Malang,Kec. Kedungkandang,Jl. Raya Tlogowaru,Tlogowaru,65133,0341754085,smpn.23.malang@gmail.com,http://www.smpn23malang.sch.id,A,637,325,312,21
20547241,SMP NEGERI 2 KRAKSAAN,SMP,NEGERI,Kab. Probolinggo,Kec. Kraksaan,Jl. Mayjen Sutoyo 34,Patokan,67282,0335841406,smpn2kraksaan@yahoo.co.id,http://smpn2kraksaan.sch.id/,A,636,330,306,21
20505011,SMA NEGERI 1 SINGGAHAN TUBAN,SMA,NEGERI,Kab. Tuban,Kec. Singgahan,Jl. Raya Mulyoagung No. 1122 Singgahan Tuban,Krajan,62361,08113212035,smanegeri1singgahan@gmail.com,https://sman1singgahan.sch.id,A,636,276,360,18
20506389,SMP NEGERI 1 SUKORAME,SMP,NEGERI,Kab. Lamongan,Kec. Sukorame,Jl. Raya Sukorame No. 50 Sukorame,Jatenan,62276,08113691965,smpnegeri1sukorame@gmail.com,http://smpnegeri1sukorame.sch.id,A,635,312,323,22
20510767,SMP NEGERI 1 JENANGAN,SMP,NEGERI,Kab. Ponorogo,Kec. Jenangan,Jalan Raya Jenangan Kesugihan,,63492,0352531171,smpn_1_jng@yahoo.co.id,http://smpn1jenangan.sch.id,A,635,313,322,21
20528659,SMAN 3 SAMPANG,SMA,NEGERI,Kab. Sampang,Kec. Sampang,JL. DIPONEGORO 50,-,69216,03233325056,sman3sampang@yahoo.com,http://www.smagasampang.sch.id,A,635,322,313,20
20515529,SMP NEGERI 1 PAKEL,SMP,NEGERI,Kab. Tulungagung,Kec. Pakel,"Desa Pecuk, Kec. Pakel, Kab. Tulungagung",PECUK,66273,0355531049,smpn1_pakel@yahoo.com,http://smpn1pakel.sch.id,A,635,324,311,21
20517510,SMP NEGERI 2 BULULAWANG,SMP,NEGERI,Kab. Malang,Kec. Bululawang,JL. RAYA KREBET,LUMBANGSARI,65171,0341833056,smpn2bululawang@gmail.com,http://www.smpnegeri2bululawang.blogspot.com,A,634,337,297,21
20534162,SMPN 11,SMP,NEGERI,Kota Madiun,Kec. Taman,Jl. PG Kanigoro No. 11 Madiun,Manisrejo,63138,0351451646,smpnegeri11.kotamadiun@gmail.com,http://www.smpn11madiun.sch.id,A,634,338,296,21
20538317,SMP NEGERI 4 KERTOSONO,SMP,NEGERI,Kab. Nganjuk,Kec. Kertosono,Jalan Raya Juwono Nomor  02,SOBOWONO,64315,0358551784,smp4kertosono@gmail.com,www.smpn4kertosono.sch.id,A,633,324,309,21
20511938,UPTD SMPN 2 Kras,SMP,NEGERI,Kab. Kediri,Kec. Kras,"DESA BENDOSARI, KRAS, KEDIRI",Bendosari,64172,0354411338,smpnegeriduakras@gmail.com,http://smpn2kraskediri.sch.id,A,631,327,304,18
20511871,UPTD SMPN 2 Tarokan,SMP,NEGERI,Kab. Kediri,Kec. Tarokan,Jl.Raya Kaliboto,kaliboto,64152,0354777627,smpn2trk@yahoo.co.id,http://uptdsmpn2tarokan.sch.id,A,631,342,289,20
20507785,SMP N 1 JIWAN,SMP,NEGERI,Kab. Madiun,Kec. Jiwan,Jl. Marsma TNI Anumerta R. Iswahjudi No. 30,,63161,0351868253,smpn1_jiwan@yahoo.co.id,http://,A,631,342,289,21
20538303,SMP NEGERI 2 PACE,SMP,NEGERI,Kab. Nganjuk,Kec. Pace,"Jalan. Gunung Kelud, No. 19",Banaran,64472,0358325508,smpnegeri2pace@yahoo.co.id,http://www.smpn2-pace.sch.id,A,631,358,273,21
20549262,SMAN 1 KETAPANG,SMA,NEGERI,Kab. Sampang,Kec. Ketapang,JL. RAYA BANYUATES,Rabiyan,69261,03238260033,kurikulum_smanka@yahoo.co.id,http://www.sman1ketapang.sch.id,A,631,343,288,20
20534390,SMA WAHIDIYAH KEDIRI,SMA,SWASTA,Kota Kediri,Kec. Mojoroto,JL. KH. WAHID HASYIM. PONPES KEDUNGLO,KEDUNGLO,64114,0354776202,smaswahidiyah@gmail.com,http://smawahidiyah.my.id,A,631,276,355,18
20531203,UPTD SMP NEGERI 5 BANGKALAN,SMP,NEGERI,Kab. Bangkalan,Kec. Bangkalan,Jl.Cempaka 33 Bangkalan,MLAJAH,69116,0313095763,smpnegeri.5.bangkalan@gmail.com,http://www.smpn5bangkalan.net,A,629,356,273,21
20517468,SMP NEGERI 1 PUJON,SMP,NEGERI,Kab. Malang,Kec. Pujon,JL. PONDOK ASRI NO. 83,Krajan,65391,0341524150,smpn1pujon.malang@gmail.com,http://,A,629,292,337,21
20533764,SMP NEGERI 22 MALANG,SMP,NEGERI,Kota Malang,Kec. Kedungkandang,Jl. Eltari Villa Gunung  Buring,Cemorokandang,65138,0341717905,smp22_mlg@yahoo.co.id,http://smpn22malang.sch.id/,A,629,336,293,20
20534163,SMPN 12,SMP,NEGERI,Kota Madiun,Kec. Manguharjo,Jl. Yos Sudarso No. 87,Surobayan,63122,0351462641,smpn12madiun@gmail.com,http://www.smpn12madiun.sch.id/,A,628,327,301,21
20509368,SMP NEGERI 1 SUKOMORO,SMP,NEGERI,Kab. Magetan,Kec. Sukomoro,"Jl. Raya Sukomoro, Magetan",SUKOMORO,63391,0351894064,snesmormgt@gmail.com,http://smpn1sukomoro.sch.id,A,627,319,308,21
20501861,SMAS MUHAMMADIYAH 1 TAMAN,SMA,SWASTA,Kab. Sidoarjo,Kec. Taman,JL. RAYA KETEGAN NO. 35,Ketegan,61257,7881550,sma.muhammadiyah1taman@gmail.com,http://www.smam1ta.sch.id,A,626,298,328,18
20523887,UNIT PELAKSANA TEKNIS DAERAH (UPTD) SATUAN PENDIDIKAN SMPN 1 ARJASA,SMP,NEGERI,Kab. Jember,Kec. Arjasa,"Jl. Teratai No. 11 Biting, Kec. Arjasa",Krajan,68191,0331540232,smpnsatuarjasa@gmail.com,http://www.smpn1arjasa.sch.id,A,625,332,293,21
20546767,SMP ZAINUL HASAN 1,SMP,SWASTA,Kab. Probolinggo,Kec. Pajarakan,"Genggong, Pajarakan, Probolinggo",GROJOGAN,67281,0335842253,smpzaha@gmail.com,smpzainulhasan.sch.id,A,625,310,315,22
69852107,SMK NURUL ABROR ARROBANIYYIN,SMK,SWASTA,Kab. Banyuwangi,Kec. Wongsorejo,Jl. KH. Agus Salim No. 155 Alasbuluh-Wongsorejo,UMBUL SARI,68453,082230765106,smkrobbany@gmail.com,http://smknaa.com,B,624,326,298,20
20505014,SMA NEGERI 1 PARENGAN TUBAN,SMA,NEGERI,Kab. Tuban,Kec. Parengan,JL. RAYA BOJONEGORO-JATIROGO KM.19 ,-,62366,085107005786,sman1parengan@yahoo.co.id,http://smansaparengan.sch.id,A,623,237,386,18
20515527,SMP NEGERI 1 SENDANG,SMP,NEGERI,Kab. Tulungagung,Kec. Sendang,Jl. Raya Sendang No.06,Jengglik,66254,03555236575,smpn1sendang@gmail.com,http://smpn1sendang.sch.id,A,623,341,282,20
20532580,SMP NEGERI 38 SURABAYA,SMP,NEGERI,Kota Surabaya,Kec. Krembangan,Jl. Kutilang No. 09-11 Surabaya,,60175,0313526167,sekolahku_38@yahoo.com,http://smpn38sby.sch.id,A,623,294,329,21
20532671,SMKS PGRI 10 SURABAYA,SMK,SWASTA,Kota Surabaya,Kec. Sukomanunggal,SIMOLAWANG BARU NO. 59 ,-,60181,0317326419,smkpgri10surabaya@yahoo.co.id,http://smkpgri10.com,B,623,347,276,20
20525654,SMP NEGERI 3 GENTENG,SMP,NEGERI,Kab. Banyuwangi,Kec. Genteng,Jl. Kh. Kholil No. 1 Jalen-Setail,JALEN,68465,0333848120,smpn3gtgbwi@gmail.com,http://https://www.smpn3genteng.sch.id,A,622,341,281,18
20509361,SMP NEGERI 1 BENDO,SMP,NEGERI,Kab. Magetan,Kec. Bendo,Jl. Raya Kecamatan Bendo,BENDO,63384,0351439334,smpnsatubendo@yahoo.co.id,http://www.smpn1bendo-magetan.sch.id,A,622,324,298,20
20534166,SMPN 6,SMP,NEGERI,Kota Madiun,Kec. Taman,Jl. H.O.S. Cokroaminoto 60 Kota Madiun,Taman,63133,464778,info@smpn6kotamadiun.sch.id,http://smpn6kotamadiun.sch.id,A,622,306,316,21
20505095,UPT SMP NEGERI 2 WIDANG,SMP,NEGERI,Kab. Tuban,Kec. Widang,Jl. Gotong Royong Widang,PENCOL,62383,0322451981,smpnwidang2@gmail.com,http://smpn2widang.sch.id,A,621,346,275,21
69964214,SMA NEGERI TARUNA NALA JAWA TIMUR,SMA,NEGERI,Kota Malang,Kec. Kedungkandang,Jl. Raya Tlogowaru No.66 RT.04 / RW.03,TLOGOWARU,65129,03412993222,info@smantarunajatim.sch.id,http://www.smantarunajatim.sch.id,A,621,388,233,19
20523807,SMA KATOLIK SANTO PAULUS JEMBER,SMA,SWASTA,Kab. Jember,Kec. Kaliwates,JL. TRUNOJOYO 22C,Kepatihan,68137,0331421727,smak.st.paulus@gmail.com,http://www.saintpauljember.sch.id,A,620,322,298,18
69820144,SMP MODERN AL RIFA IE GONDANGLEGI,SMP,SWASTA,Kab. Malang,Kec. Gondanglegi,Jl. Raya Ketawang No.02 Gondanglegi Malang,Ketawang,65174,0341879375,smpmodern2@gmail.com,http://www.smpmodernalrifaie.sch.id,A,620,272,348,22
20521405,SMP NEGERI 1 SENDURO,SMP,NEGERI,Kab. Lumajang,Kec. Senduro,"Jl. PB Sudirman No.120 Senduro, Lumajang",Dsn. Jurang Langak,67361,0334610070,smpnsatusenduro@gmail.com,http://smpn1senduro.sch.id,A,619,327,292,21
70007358,SMP SUNAN KALIJOGO 2 JABUNG ,SMP,SWASTA,Kab. Malang,Kec. Jabung,Jl. Kramat Sukolilo,GANDON TIMUR,65155,,smpskj2@gmail.com,http://,A,619,0,619,19
20517498,SMP NEGERI 2 TUMPANG,SMP,NEGERI,Kab. Malang,Kec. Tumpang,JL. TANJUNG Dsn.Pulungan Desa Pulungdowo  RT. 7 RW. 1,Pulungan,65156,0341787057,esperotumpang055@gmail.com,-,A,619,303,316,20
20508514,SMP NEGERI 4 NGAWI,SMP,NEGERI,Kab. Ngawi,Kec. Ngawi,Ngawi,Karang Tengah,63213,0351749818,smpn4_ngawi@yahoo.co.id,http://smpn4ngawi.blogspot.com,A,619,345,274,21
20546840,SMP NEGERI 1 SUMBERASIH,SMP,NEGERI,Kab. Probolinggo,Kec. Sumberasih,Jl. Brawijaya 78,Bibis,67251,5893073,smpn1sumberasih@gmail.com,http://smpn1sumberasih.sch.id,A,618,368,250,21
70003968,SMA AL-MAAHIRA IIBS MALANG,SMA,SWASTA,Kab. Malang,Kec. Karangploso,Tirtasani Royal Resort,Kepuharjo,65153,08113770078,sma.almaahira.iibs.malang1@gamial.com,http://https://al-maahiraiibs.sch.id,A,617,63,554,19
69980589,SMP MAMBAUL ULUM BATA BATA,SMP,SWASTA,Kab. Pamekasan,Kec. Palengaan,Dusun Bata Bata Desa Panaan,BATA-BATA,69362,081938354426,smp.mambaululumbata2@gmail.com,http://www.bata-bata.net,C,617,402,215,17
20501721,SMKS PGRI 2 SIDOARJO,SMK,SWASTA,Kab. Sidoarjo,Kec. Sidoarjo,JL. JENGGOLO III NO.61 SIDOARJO,-,61219,0318961349,smkpgri2sidoarjo@yahoo.co.id,http://www.smkpgri2sidoarjo.sch.id,A,617,211,406,22
20541367,SMP NEGERI 2 BALEN,SMP,NEGERI,Kab. Bojonegoro,Kec. Balen,Jl. Desa Kenep No.05 Balen,KENEP,62182,0353331675,smpn2balen@ymail.com,http://www.smpn2balen.sch.id,A,616,343,273,20
20505124,UPT SMP NEGERI 1 MONTONG,SMP,NEGERI,Kab. Tuban,Kec. Montong,"Jalan Raya Pakel Nomor 360 Kecamatan Montong, Kabupaten Tuban Kode Pos 62357",KRAJAN,62357,0356611021,smp.negeri.1.montong@gmail.com,http://smonsacerdas.sch.id,A,616,328,288,18
20532762,SMP HANG TUAH 1,SMP,SWASTA,Kota Surabaya,Kec. Wonokromo,Jl. Bogowonto 57,Darmo,60241,0315688126,smphangtuahsatu@gmail.com,http://www.smphangtuah1sby.sch.id/,A,615,288,327,19
20536834,SMP MUHAMMADIYAH 08,SMP,SWASTA,Kota Batu,Kec. Batu,Jl. Welirang 17,SISIR,65314,0341591693,kantor@smpm8batu.sch.id,http://smpm8batu.sch.id,A,614,347,267,19
20532183,SMKS KAL 1 SURABAYA,SMK,SWASTA,Kota Surabaya,Kec. Krembangan,JL. KODIKLATAL MOROKREMBANGAN,Morokrembangan,60178,0313285933,smk.kal1@gmail.com,http://www.smkkal-1.sch.id,A,614,588,26,22
20521730,SMAN 1 BONDOWOSO,SMA,NEGERI,Kab. Bondowoso,Kec. Bondowoso,Jl. Letnan Rantam No. 2,-,68214,421542,smasabondowoso123@gmail.com,http://www.smasabondowoso.sch.id,A,613,328,285,18
20501683,SMP NUSANTARA KRIAN,SMP,SWASTA,Kab. Sidoarjo,Kec. Krian,Jl. Raya Sidoarjo Krian,Bakalan,61262,0318973430,smpnusantara_krian@yahoo.co.id,http://smpnusantarakrian.sch.id,A,613,410,203,19
20505027,SMKS YPM 12 TUBAN,SMK,SWASTA,Kab. Tuban,Kec. Tuban,JL. MANUNGGAL NO.10 SUKOLILO TUBAN,-,62318,0356326478,smkypm12.tuban@gmail.com,http://smkypm12tuban.sch.id,A,612,567,45,22
20541361,SMP NEGERI 1 NGAMBON,SMP,NEGERI,Kab. Bojonegoro,Kec. Ngambon,Jl. Raya No. 405,Karang,62167,03537798319,smpn_ngambon1@yahoo.com,http://smpn1ngambon.blogspot.com,A,610,307,303,21
20510728,SMP NEGERI 3 PONOROGO,SMP,NEGERI,Kab. Ponorogo,Kec. Ponorogo,Jl. MT. Haryono IV / 26,Beduri,63412,0352483540,smpn3_ponorogo@yahoo.co.id,http://smpn3ponorogo.sch.id,A,610,343,267,20
20519215,SMPN 1 LEKOK,SMP,NEGERI,Kab. Pasuruan,Kec. Lekok,Jl. Raya Branang No. 1 Lekok,Branang,67186,,smpkok@gmail.com,http://,A,609,369,240,21
20515425,SMKS PGRI 1 TULUNGAGUNG,SMK,SWASTA,Kab. Tulungagung,Kec. Tulungagung,JL. PJ. SUDIRMAN VII/1,,66219,,smkpgri1tulungagung@gmail.com,http://www.smkpgri1tulungagung.sch.id,A,609,169,440,17
20532138,SMAS KATOLIK SANTA AGNES,SMA,SWASTA,Kota Surabaya,Kec. Tambaksari,JL. MENDUT NO. 7,-,60131,5026540,stagnessmak@gmail.com,http://smakstagnes.sch.id,A,609,307,302,19
20503440,SMP NEGERI NGUSIKAN,SMP,NEGERI,Kab. Jombang,Kec. Ngusikan,Jl. Seco Mulyo,NGUSIKAN,61486,0321886538,smpn.ngusikan@gmail.com,https://www.smpnngusikan.sch.id,A,608,316,292,19
20508470,SMAN 1 KEDUNGGALAR,SMA,NEGERI,Kab. Ngawi,Kec. Kedunggalar,JL. RAYA SOLO KM. 12 TRINIL-NGAWI 63254,KLIYANGAN,63254,08113315556,smankedunggalar@yahoo.com,http://sman1ke.sch.id,A,608,222,386,18
20529957,SMK NEGERI 1 KALIANGET SUMENEP ,SMK,NEGERI,Kab. Sumenep,Kec. Kalianget,JL. BY PASS KERTASADA,Kalianget,69471,0328667429,smkn1klgt@yahoo.com,http://smk1-klgt.sch.id,A,608,513,95,32
20532505,SMP MUHAMMADIYAH 2 SURABAYA,SMP,SWASTA,Kota Surabaya,Kec. Genteng,Jl. Genteng Muhammadiyah 28 Sby,Genteng,60275,0315352708,smpmudaprestasi@gmail.com,http://smpmudasurabaya.sch.id,A,607,345,262,20
20523894,UNIT PELAKSANA TEKNIS DAERAH (UPTD) SATUAN PENDIDIKAN SMPN 1 JOMBANG,SMP,NEGERI,Kab. Jember,Kec. Jombang,Jl. Raya Kencong,KRAJAN 1,68168,0336321582,smpn1joje@gmail.com,http://,A,606,324,282,20
20506324,SMA NEGERI 1 KARANGBINANGUN,SMA,NEGERI,Kab. Lamongan,Kec. Karangbinangun,JL. DESA WINDU NO. 23,Windu,62293,03223382588,smansa.karangbinangun@yahoo.co.id,http://sman1karangbinangun.sch.id,A,606,261,345,19
20517745,SMKS PGRI KASEMBON,SMK,SWASTA,Kab. Malang,Kec. Kasembon,JL. RAYA KEC.KASEMBON NO. 71,Kasembon,65393,08113788997,smkpgrikasembon@yahoo.co.id,http://smkpgrikasembon.blogspot.com,B,606,240,366,21
20531188,UPTD SMP NEGERI 1 TANJUNG BUMI,SMP,NEGERI,Kab. Bangkalan,Kec. Tanjungbumi,Jl. Raya Tanjung Bumi,Masaran,69156,0313071208,smpn1_tanjungbumi@yahoo.com,http://,A,605,313,292,21
20517383,SMP NU PAKIS,SMP,SWASTA,Kab. Malang,Kec. Pakis,JL. H. MUSTOFA 108 PAKIS,KRAJAN PAKISKEMBAR,65154,0341791566,smpnupakiskab.malang@gmail.com,http://smpnupakis.sch.id,A,605,329,276,19
20574730,SMKN PRINGKUKU,SMK,NEGERI,Kab. Pacitan,Kec. Pringkuku,"Dusun Krajan, Desa Ngadirejan, Kecamatan Pringkuku, Kabupaten Pacitan",Krajan,63552,0357511351,smknegeripringkuku@yahoo.co.id,http://www.smknpringkuku.sch.id,A,605,361,244,27
20519113,SMP MAARIF NU,SMP,SWASTA,Kab. Pasuruan,Kec. Pandaan,Jl. Raya 92 Pandaan,JOGONALAN,67156,0343631655,smpmaarifpdn@gmail.com,http://www.smpmaarifpdn.sch.id,A,605,334,271,20
20542432,SMP NEGERI 1 KAMPAK,SMP,NEGERI,Kab. Trenggalek,Kec. Kampak,Jln. Anggrek No. 1 Kampak,Kademangan,66373,0355631020,smpnsatukampak@yahoo.com,http://www.smp1kampak.weebly.com,A,604,332,272,21
20536269,SMP NEGERI 6 PROBOLINGGO,SMP,NEGERI,Kota Probolinggo,Kec. Kedopok,Jl. Kedondong No. 4,Krajan,67228,420145,smpnegeri6probolinggo2024@gmail.com,http://smpnegeri6probolinggo.sch.id,A,604,385,219,19
70030536,SMP NEGERI 2 TULANGAN,SMP,NEGERI,Kab. Sidoarjo,Kec. Tulangan,Dusun Tanggungan RT 20 RW 5,Tanggungan,61273,,smpn2tulangansidoarjo@gmail.com,http://https://smpn2tulangan.sch.id/,B,603,310,293,17
20510765,SMP NEGERI 1 BUNGKAL,SMP,NEGERI,Kab. Ponorogo,Kec. Bungkal,Jl. Pemuda No. 23,DUNGULAN,63462,0352371377,email.smpn1bungkal@gmail.com,http://www.smpn1bungkal.sch.id,A,602,308,294,18
20505086,UPT SMP NEGERI 2 RENGEL,SMP,NEGERI,Kab. Tuban,Kec. Rengel,Jl. Raya Punggulrejo 644,Punggulrejo,62371,0356812544,smpnrengel2@gmail.com,http://smpn2rengel.sch.id,A,602,368,234,20
20535089,SMKS PGRI 1 KOTA BLITAR,SMK,SWASTA,Kota Blitar,Kec. Sananwetan,JL. Kemuning No 44 Plosokerep Blitar,Plosokerep,66134,0342808707,smk_pgri1@yahoo.com,http://https://www.smkspgri1kotablitar.sch.id,B,602,547,55,19
20532520,SMP PAWIYATAN,SMP,SWASTA,Kota Surabaya,Kec. Sukomanunggal,Jl. Tangkis Turi 4-6,Simo Mulyo,60181,0315316346,smp_pawiyatan@yahoo.com,http://,A,602,296,306,19
20504434,SMP NEGERI 4 BOJONEGORO,SMP,NEGERI,Kab. Bojonegoro,Kec. Bojonegoro,Jl. Lettu Suyitno No. 27 Bojonegoro,Ngangkatan,62119,0353882453,smp4bojonegoro@gmail.com,http://,A,601,311,290,20
20509314,SMAN 1 SUKOMORO,SMA,NEGERI,Kab. Magetan,Kec. Sukomoro,DS. KEDUNGGUWO,-,63391,0351891315,sman1sukomoro@yahoo.com,http://sman1sukomoro.sch.id,A,601,294,307,18
20571621,SMP NEGERI 49 SURABAYA,SMP,NEGERI,Kota Surabaya,Kec. Tenggilis Mejoyo,Jl. Kutisari Indah Selatan 6/2a Surabaya,KUTISARI,60291,0318413898,smpnegeri49sbyy@gmail.com,http://www.smpn49surabaya.sch.id,A,601,329,272,20
20500463,SMAS MUHAMMADIYAH 1 GRESIK,SMA,SWASTA,Kab. Gresik,Kec. Kebomas,"Jl. Raya Dr. Wahidin Sudiro Husodo No. 162, Kebomas Kab. Gresik",Randuagung,61121,081259505336,info@smam1gresik.sch.id,http://www.smam1gresik.sch.id,A,600,291,309,18
20511852,UPTD SMPN 1 Ringinrejo,SMP,NEGERI,Kab. Kediri,Kec. Ringinrejo,Jl. Marabunta,Selodono,64176,0354411847,smpn1ringinrejo@gmail.com,http://www.smpn1ringinrejo.sch.id,A,600,329,271,20
20509373,SMP NEGERI 1 NGARIBOYO,SMP,NEGERI,Kab. Magetan,Kec. Ngariboyo,Ds. Ngariboyo,Ngariboyo,63351,0351894537,smp1ngariboyo@gmail.com,http://,A,600,327,273,21
20505072,UPT SMP NEGERI 2 PALANG,SMP,NEGERI,Kab. Tuban,Kec. Palang,Jl. Pusri Dusun Karangrejo,Karangrejo,62391,0356328477,smppalda@gmail.com,http://www.smppalda.sch.id,A,600,347,253,18
20539249,SMKS BARUNAWATI SURABAYA,SMK,SWASTA,Kota Surabaya,Kec. Pabean Cantian,JL. PERAK BARAT NO.173 SURABAYA,PERAK UTARA,60165,0313291312,smkbarunawatisurabaya9@gmail.com,http://https://smk.ybbs-surabaya.id/,A,600,202,398,23
20514343,SMKS PEMUDA 1 KESAMBEN,SMK,SWASTA,Kab. Blitar,Kec. Kesamben,JL. A. YANI NO. 7 KESAMBEN,Kesamben,66191,0342331078,smkpemuda_1ksb@yahoo.co.id,http://smkpemuda1kesamben.sch.id,A,599,306,293,22
20541240,SMA NEGERI 1 KASIMAN BOJONEGORO,SMA,NEGERI,Kab. Bojonegoro,Kec. Kasiman,JL. RAYA KEDEWAN NO. 15 KASIMAN BOJONEGORO,Kasiman,62164,081364802111,smankasimanoperatorsekolah@gmail.com,https://www.sman1kasiman.sch.id,A,599,227,372,18
20542498,SMAN 1 MUNJUNGAN,SMA,NEGERI,Kab. Trenggalek,Kec. Munjungan,JL. TERUSAN SOLODIPO,Dsn. Krajan,66365,082338021282,sman.munjungan@gmail.com,http://smanegeri1munjungan.sch.id,A,599,328,271,18
20549430,SMKS BAITUL HIKMAH,SMK,SWASTA,Kab. Jember,Kec. Tempurejo,JL. CUT NYADIN 2,Krajan,68173,0331758006,baitulhikmah18@gmail.com,http://www.smkbaitulhikmah.com,A,598,324,274,20
20538332,SMK AL HUSNA,SMK,SWASTA,Kab. Nganjuk,Kec. Loceret,JL. RAYA KEDIRI GG. KWAGEAN NO. 4 LOCERET,-,64471,0358329806,smksalhusna.nganjuk@gmail.com,http://smksalhusna.sch.id,B,598,481,117,17
70001477,SMP TAHFIDH PUTRI AL-AMIEN,SMP,SWASTA,Kab. Sumenep,Kec. Pragaan,Jl. Raya Pamekasan Sumenep KM 20,Mornangkah,69465,082332866943,smptahfidhputri@gmail.com,http://www.al-amien.ac.id,B,598,0,598,20
20511857,UPTD SMPN 2 Puncu,SMP,NEGERI,Kab. Kediri,Kec. Puncu,Puncu,DOROK,64292,03547011512,smpn_puncu2@yahoo.co.id,http://smpn2puncu.sch.id,A,597,335,262,17
20517481,SMP NEGERI 1 DAU,SMP,NEGERI,Kab. Malang,Kec. Dau,JL. BRAWIJAYA NO. 191 RT.13 RW. 3,TEGALWERU,65151,03415082830,smpn1dau@yahoo.com,http://www.smpn1dau.blogspot.com,A,597,291,306,20
20535072,SMKS KATHOLIK SANTO YUSUP BLITAR,SMK,SWASTA,Kota Blitar,Kec. Kepanjenkidul,Jl. Jenderal Sudirman No.35,-,66112,0342801787,smk_katolik11@yahoo.co.id,http://smkkatolik.sch.id,A,597,514,83,25
20506246,SMK NEGERI 1 BRONDONG,SMK,NEGERI,Kab. Lamongan,Kec. Brondong,Jl. Raya Ds. Tlogoretno Kec. Brondong Lamongan,MBOHO,62263,08113183334,smkn1brondong@gmail.com,http://www.smkn1brondong.sch.id,A,596,403,193,22
20511009,SMP NEGERI 1 TULAKAN,SMP,NEGERI,Kab. Pacitan,Kec. Tulakan,Jl. Sartika No.09,Gesingan,63571,03573219145,smpn1tulakanpct@yahoo.co.id,https://smpn1tulakanpacitan.blogspot.com,A,596,319,277,20
20525634,SMP NEGERI 2 PURWOHARJO,SMP,NEGERI,Kab. Banyuwangi,Kec. Purwoharjo,Jl. PB. Sudirman No. 54,Bulurejo,68483,0333392628,smpn2purwoharjo@yahoo.co.id,http://smpn2purwoharjo.siap-sekolah.com,A,595,331,264,18
20523753,SMKS PLUS AL MUJAHIDI TEMBOKREJO,SMK,SWASTA,Kab. Jember,Kec. Gumuk Mas,JL. GAJAH MADA NO. 04,Krajan,68165,085231137381,smkplusalmujahidi@yahoo.com,http://smkplusalmujahidi.sch.id/,B,595,316,279,18
20511867,UPTD SMPN 3 Plosoklaten,SMP,NEGERI,Kab. Kediri,Kec. Plosoklaten,Jl. Hasanudin,Gondang,64175,741500,smpnteluplos_kdr@yahoo.co.id,http://www.smpn3plosoklaten.sch.id,A,595,324,271,18
20523862,UNIT PELAKSANA TEKNIS DAERAH (UPTD) SATUAN PENDIDIKAN SMPN 2 RAMBIPUJI,SMP,NEGERI,Kab. Jember,Kec. Rambipuji,Jl Widuri No 1,KANDANGAN,68152,7501045,smpn2rambipuji.jember@gmail.com,http://,A,594,322,272,21
20573043,SMP DAARUL UKHUWWAH,SMP,SWASTA,Kab. Malang,Kec. Pakis,Dusun Bamban Desa Asrikaton Pakis,Bamban,65154,03412997133,smp.ppdu@yahoo.com,http://www.daarul-ukhuwwah.org,B,594,390,204,20
20519208,SMPN 1 PURWODADI,SMP,NEGERI,Kab. Pasuruan,Kec. Purwodadi,Jln. Nongkojajar Desa Cowek Kec. Purwodadi,Putuk Timur,67163,0343611593,smpn1cowekpurwodadi@yahoo.co.id,http://,A,594,293,301,18
20551714,UPT SMP NEGERI 1 PANGGUNGREJO,SMP,NEGERI,Kab. Blitar,Kec. Panggungrejo,Jl. Protokol,PANGGUNGREJO,66174,082302036622,smpn1pgrejo@gmail.com,http://smpnegeri1panggungrejo.blogspot.com,A,593,324,269,20
20504413,SMP NEGERI 1 SUGIHWARAS,SMP,NEGERI,Kab. Bojonegoro,Kec. Sugihwaras,Jl. Kedungadem No. 390,"BANJAREJO,PEREN",62183,085330663285,smpnegeri1sugihwaras@gmail.com,http://,A,593,315,278,19
69857710,SMA TRENSAINS TEBUIRENG,SMA,SWASTA,Kab. Jombang,Kec. Ngoro,Jln Raya Jombang Pare KM19,Jalan Raya Jombang Pare KM19 Jombok,61473,03216870022,admin@smatrensainstebuireng.sch.id,http://www.smatrensains.sch.id,A,593,289,304,18
20521442,SMP NEGERI 2 SUKODONO,SMP,NEGERI,Kab. Lumajang,Kec. Sukodono,Jl Kebonarang No 2,Plosorejo,67352,0334883071,smpn2sukodono@yahoo.co.id,http://,A,593,310,283,20
69961331,SMP AT-TIBYAN,SMP,SWASTA,Kab. Pasuruan,Kec. Gempol,"Jalan Raya Surabaya - Malang Km. 42 RT 04 RW 03, Dusun Arcopodo",ARCOPODO,67155,03436744579,smpattibyankepulungan@gmail.com,www.smpattibyan.sch.id,A,593,324,269,20
20532782,SMP KATOLIK SANTA AGNES,SMP,SWASTA,Kota Surabaya,Kec. Tambaksari,Jl. Mendut No. 7 Surabaya,,60131,0315034680,admin@smpkstagnes.sch.id,http://www.smpkstagnes.sch.id,A,593,291,302,20
20500516,UPT SMP NEGERI 28 GRESIK,SMP,NEGERI,Kab. Gresik,Kec. Benjeng,Balongmojo,BALONGMOJO,61172,0317923290,smpnduabenjeng@yahoo.com,http://www.smpn-2benjeng.sch.id.,A,592,316,276,18
69728235,SMP NEGERI 6 SINGOSARI,SMP,NEGERI,Kab. Malang,Kec. Singosari,JL. PERUSAHAAN NO. 20 RT. 2  RW. 10,JAJAR,65153,0341414665,smpn_6singosari@yahoo.com,http://,A,592,320,272,19
20508440,SMKS TRISAKTI NGAWI,SMK,SWASTA,Kab. Ngawi,Kec. Ngawi,JL. KENARI NO. 7A NGAWI,-,63216,0351744100,smktrisaktingawi@gmail.com,,B,591,436,155,20
20511013,SMKN 1 NAWANGAN,SMK,NEGERI,Kab. Pacitan,Kec. Nawangan,JL. JEND. SOEDIRMAN NO. 3,Krajan,63584,0357371003,info@smknegeri1nawangan.com,http://smk1nawangan.sch.id,A,591,317,274,21
20546834,SMP NEGERI 1 LECES,SMP,NEGERI,Kab. Probolinggo,Kec. Leces,Jl. Bantaran 38,Sumberkedawung,67273,0335680394,smpnsatu_leces@yahoo.co.id,http://smpnegeri1leces.sch.id,A,591,353,238,19
20534317,SMA KATOLIK SANTO AUGUSTINUS,SMA,SWASTA,Kota Kediri,Kec. Mojoroto,Jl. Veteran No. 3 Kediri,,64114,0354771564,smakaugkediri@yahoo.co.id,http://www.smakaugustinuskediri.sch.id,A,591,309,282,18
20532194,SMKS KRISTEN PETRA SURABAYA,SMK,SWASTA,Kota Surabaya,Kec. Wonocolo,Jalan Jemur Andayani XVI/16-18,-,60236,0318417391,smk@pppkpetra.sch.id,http://smk.pppkpetra.or.id,A,591,477,114,20
20525728,SMP NEGERI 1 GLAGAH,SMP,NEGERI,Kab. Banyuwangi,Kec. Glagah,Jalan Melati No.2,LINGKUNGAN SUKOROJO,68432,0333421737,smpn1glagahbwi@gmail.com,http://smpn1glagahbanyuwangi.sch.id,A,590,286,304,18
69948033,SMPS ISLAM DARUL ULUM II AL-WAHIDIYAH,SMP,SWASTA,Kab. Sampang,Kec. Omben,Dusun Sar Ganding,Sarganding,69291,085231141948,smpidarululum2@gmail.com,http://darululum2.blogspot.co.id,B,590,294,296,18
69765028,UPTD SMPN 1 Badas,SMP,NEGERI,Kab. Kediri,Kec. Badas,Dusun Sumberagung Desa Krecek Kecamatan Badas Kabupaten Kediri,Sumberagung,64218,03543101966,smpn1badas@gmail.com,http://www.smpn1badas.sch.id,B,589,293,296,18
20529901,SMP YAYASAN ABDULLAH,SMP,SWASTA,Kab. Sumenep,Kec. Kota Sumenep,Jl. Kartini Gg VI/04,SAWAH BARAT,69412,0328669776,smpyasa6@gmail.com,http://smpyasa6@gmail.com,A,589,269,320,20
20548732,SMKN  KARE,SMK,NEGERI,Kab. Madiun,Kec. Kare,JL. RAYA DESA MORANG,MORANG,63182,085100766676,smknkare@yahoo.co.id,http://www.smknkare.sch.id,A,588,349,239,20
20507769,SMP N 1 SARADAN,SMP,NEGERI,Kab. Madiun,Kec. Saradan,Jalan Raya No. 59 Saradan,Saradan,63155,0351383514,smpn01_saradan@yahoo.com,http://www.smpn1saradan.sch.id,A,588,287,301,20
20525715,SMP NEGERI 1 ROGOJAMPI,SMP,NEGERI,Kab. Banyuwangi,Kec. Rogojampi,Jl. Kampungbaru 14a Rogojampi,Sidomulyo,68462,0333631245,smpn1rogojampi@gmail.com,https://smpn1rogojampi.sch.id,A,587,280,307,18
20534776,UPT SMP NEGERI 8,SMP,NEGERI,Kota Mojokerto,Kec. Kranggan,Jl. Raden Wijaya No. 62,Kranggan,61321,0321321318,smpn8mjk@gmail.com,https://smpnegeri8mojokerto.sch.id,A,587,298,289,19
20523901,UNIT PELAKSANA TEKNIS DAERAH (UPTD) SATUAN PENDIDIKAN SMPN 2 KENCONG,SMP,NEGERI,Kab. Jember,Kec. Kencong,Jl. Jatisari  Wonorejo,Krajan A,68167,0336321598,smpnegeri2kencong@gmail.com,http://,A,586,329,257,19
20501759,SMP YPM-4 BOHAR,SMP,SWASTA,Kab. Sidoarjo,Kec. Taman,Jl. Raya Bohar No. 39,Bohar,61257,0318542692,smpypm_4.bohar@ymail.com,http://smpypm4.sch.id,A,586,335,251,17
20542499,SMAN 1 PULE,SMA,NEGERI,Kab. Trenggalek,Kec. Pule,JL. Raya Jombok gang Sidem No. 03,SIDEM,66362,,sman.pule.tgglk@gmail.com,http://www.sman1pule.sch.id,A,586,273,313,17
20509340,SMP NEGERI 2 MAGETAN,SMP,NEGERI,Kab. Magetan,Kec. Magetan,Jl. Yos Sudarso No. 71 Magetan RT. 01 / RW. 01,Kepolorejo,63311,0351895225,smpn2magetan@gmail.com,https://smpn2magetan.sch.id,A,585,291,294,19
20505127,UPT SMP NEGERI 1 KENDURUAN,SMP,NEGERI,Kab. Tuban,Kec. Kenduruan,Jl. Raya Utara No. 2,Tanjungrejo,62363,0356551704,smpn1kenduruan@yahoo.com,http://,A,585,301,284,18
20537100,SMP MUHAMMADIYAH 1 SIDOARJO,SMP,SWASTA,Kab. Sidoarjo,Kec. Sidoarjo,Jalan Samanhudi No. 81,Bulu Sidokare,61216,0318921666,smpmusasi@gmail.com,http://www.smpmusasi.sch.id,A,584,294,290,19
20515503,SMP Negeri 3 Kedungwaru,SMP,NEGERI,Kab. Tulungagung,Kec. Kedungwaru,Jalan Raya Bangoan,KRAJAN,66251,0355329585,smpkedungwaru3negeri@gmail.com,http://smpnegeri3kedungwaru.sch.id,A,584,314,270,19
20531186,SMA NEGERI 1 KWANYAR BANGKALAN,SMA,NEGERI,Kab. Bangkalan,Kec. Kwanyar,JL. RAYA DLEMER  2,Pasanggrahan,69164,0313166045,smansakwa.official1992@gmail.com,http://sman1-kwanyar.sch.id/,A,583,300,283,18
20525725,SMP NEGERI 1 GAMBIRAN,SMP,NEGERI,Kab. Banyuwangi,Kec. Gambiran,Jl. Yosomulyo,Krajan,68486,846675,smpn1gambiran@gmail.com,http://,A,583,327,256,19
20521723,SMKN 2 BONDOWOSO,SMK,NEGERI,Kab. Bondowoso,Kec. Bondowoso,JL. AHMAD YANI NO. 48,-,68214,0332421286,smknbws2@yahoo.com,https://www.smkn2bondowoso.sch.id,A,582,102,480,22
20566398,SMKN SENDURO,SMK,NEGERI,Kab. Lumajang,Kec. Senduro,JALAN AGROPOLITAN PURWOREJO SENDURO,PURWOREJO,67361,610728,info@smknsenduro.sch.id,http://www.smknsenduro.sch.id,A,582,361,221,24
20509372,SMP NEGERI 1 PANEKAN,SMP,NEGERI,Kab. Magetan,Kec. Panekan,Jln. Raya Panekan - Magetan,Menggungan,63352,0351892237,smp1panekan@yahoo.co.id,http://www.smpn1panekan.sch.id,A,581,307,274,19
20536267,SMP NEGERI 8 PROBOLINGGO,SMP,NEGERI,Kota Probolinggo,Kec. Wonoasih,Jl. Salak 137,Krajan,67233,0335420168,smpn8.prob@gmail.com,http://smpn8prob.sch.id,A,581,321,260,18
20532403,SMAS GIKI 2,SMA,SWASTA,Kota Surabaya,Kec. Gubeng,JL. RAYA GUBENG 45 SURABAYA,GUBENG,60281,5031053,smagiki2@yahoo.com,http://www.smagiki2.sch.id,A,581,254,327,17
69936635,SMP NEGERI 5 KARANGPLOSO,SMP,NEGERI,Kab. Malang,Kec. Karangploso,JL. SINGOJOYO,ngenep,65152,0341463877,smpn5karangploso@yahoo.com,http://www.smpn5karangploso.wordpress.com,A,580,293,287,19
20515432,SMAN 1 KALIDAWIR,SMA,NEGERI,Kab. Tulungagung,Kec. Kalidawir,JL. RAYA NGUBALAN,ngubalan,66281,592052,sman1kalidawir@yahoo.co.id,http://www.sman1kalidawir.sch.id,A,580,292,288,18
20508541,SMP NEGERI 1 PANGKUR,SMP,NEGERI,Kab. Ngawi,Kec. Pangkur,Jl Raya Pangkur - Ngawi Km 12,TAPEN,63282,08113028600,smpn1pangkur@gmail.com,http://smpn1pangkur.sch.id,A,579,328,251,19
20508499,SMP NEGERI 1 KASREMAN,SMP,NEGERI,Kab. Ngawi,Kec. Kasreman,Jl. Raya Ngawi Caruban Km 06,PRAYUNGAN,63281,0351749997,smpnsatukasreman@yahoo.co.id,http://www.smpn1kasremanblogspot,A,579,305,274,19
20558611,SMP KRISTEN GLORIA 2,SMP,SWASTA,Kota Surabaya,Kec. Mulyorejo,JL. KALISARI SELATAN I KAV KI/5-Florida Pakuwon City ,,60112,0315910077,tusmp2.gloria@yahoo.com,http://www.gloriaschool.org,A,579,289,290,20
20505080,UPT SMP NEGERI 1 TUBAN,SMP,NEGERI,Kab. Tuban,Kec. Tuban,JL. RM. SURYO NO 01 TUBAN,Sendangharjo,62319,0356321322,smpntuban01@gmail.com,https://www.smpn1tuban.sch.id,A,578,260,318,18
60726487,SMP NEGERI 26 MALANG,SMP,NEGERI,Kota Malang,Kec. Lowokwaru,Jl. Ikan Gurami no.36 Malang,Babadan,65142,03412992436,smpnegeri26malang@gmail.com,http://smpn26mlg.sch.id,A,578,306,272,18
20532387,SMA Dr. SOETOMO,SMA,SWASTA,Kota Surabaya,Kec. Sukolilo,Jl. Manyar Rejo 1 No. 39,,60118,0315991783,smadors@gmail.com,http://smadrsoetomo.sch.id,A,578,259,319,17
20539700,SMP AL FURQAN MQ,SMP,SWASTA,Kab. Jombang,Kec. Diwek,Jl. Irian Jaya PP. Madrasatul Qur an Tebuireng,Tebuireng,61471,087723306647,smp.alfurqanmq@gmail.com,http://www.alfurqanmq.sch.id,A,577,577,0,19
20525732,SMP NEGERI 1 KALIPURO,SMP,NEGERI,Kab. Banyuwangi,Kec. Kalipuro,Jln. Gatot Subroto,ROWO,68451,082131549563,smpnegeri1kalipuro@gmail.com,http://www.smpn1kalipuro.sch.id,A,576,313,263,18
20577218,SMA NEGERI 1 KEPOHBARU BOJONEGORO,SMA,NEGERI,Kab. Bojonegoro,Kec. Kepohbaru,"Jln. Hayam Wuruk, No. 50, Kepoh, Kepohbaru, Bojonegoro",KEPOH,62194,081377137397,halosmankepohbaru@gmail.com,http://www.sman1kepohbaru.sch.id,A,576,280,296,16
20510759,SMP NEGERI 1 MLARAK,SMP,NEGERI,Kab. Ponorogo,Kec. Mlarak,Jalan Raya Mlarak Nomor 2,Joresan I,63472,0352311334,smpn1_mlarak@yahoo.co.id,http://www.smpn1mlarak.sch.id,A,576,319,257,18
20540061,SMAS KATHOLIK UNTUNG SURAPATI SIDOARJO,SMA,SWASTA,Kab. Sidoarjo,Kec. Sidoarjo,"JL. UNTUNG SUROPATI 33, SIDOARJO",Sidoklumpuk,61218,0318941551,smakunsur9@gmail.com,http://https://smakunsur.sch.id/,A,575,286,289,18
20574698,SMP NEGERI 52 SURABAYA,SMP,NEGERI,Kota Surabaya,Kec. Sukolilo,JL. SEMAMPIR Gg. KELURAHAN NO. 124 SURABAYA ,MEDOKAN SEMAMPIR,60119,0315997142,surabayasmpn52@gmail.com,http://www.smpn52surabaya.mysch.id/,A,575,306,269,19
20525730,SMP NEGERI 1 KABAT,SMP,NEGERI,Kab. Banyuwangi,Kec. Kabat,"Jl. Raya Kedayunan No. 09, Kedayunan, Kabat, Banyuwangi",Krajan,68461,0333631204,smpnsatukabat@gmail.com,http://smpn1kabat.sch.id,A,574,309,265,19
20525605,SMKS 17 AGUSTUS 1945 MUNCAR,SMK,SWASTA,Kab. Banyuwangi,Kec. Muncar,JL. RAYA BLAMBANGAN NO. 37 MUNCAR,Krajan,68472,0333592170,smkagustus1945muncar@gmail.com,http://smk17muncar.sch.id,B,574,297,277,23
69752453,SMKN 4 BONDOWOSO,SMK,NEGERI,Kab. Bondowoso,Kec. Bondowoso,Jalan Raya Mastrip Pancoran Bondowoso,Pasenan,68219,433350,smkn.4bdws@gmail.com,http://www.smkn4bondowoso.sch.id,A,574,309,265,23
20509359,SMP NEGERI 1 KARAS,SMP,NEGERI,Kab. Magetan,Kec. Karas,Jl. Raya Karas,Karas,63396,0351868924,smp_karas@yahoo.co.id,http://smpn1karas.sch.id,A,574,300,274,20
20534778,UPT SMP NEGERI 9,SMP,NEGERI,Kota Mojokerto,Kec. Magersari,Jl. Semeru Wates Mojokerto,Wates,61317,0321323812,smp9kotamojokerto@yahoo.co.id,http://www.smpn9mojokerto.sch.id,A,574,322,252,18
20525645,SMP NEGERI 2 CLURING,SMP,NEGERI,Kab. Banyuwangi,Kec. Cluring,Jalan Kerinci,Dusun Krajan,68482,0333397688,smpn2cluring@yahoo.co.id,http://www.smpn2cluring.com,A,573,316,257,18
20520804,SMAN 1 JATIROTO,SMA,NEGERI,Kab. Lumajang,Kec. Jatiroto,JL. Desa Rojopolo- Jatiroto,KRAJAN,67355,321547,smanjatiroto1986@gmail.com,http://sman1-jatiroto.sch.id,A,573,282,291,17
20517508,SMP NEGERI 1 WONOSARI,SMP,NEGERI,Kab. Malang,Kec. Wonosari,JL. RAYA BUMIREJO NO. 45 RT. 1 RW. 14,BUMIREJO,65164,,wsmpn@yahoo.com,http://smpn01wonosari.sch.id,A,573,280,293,18
20505098,UPT SMP NEGERI 2 SOKO,SMP,NEGERI,Kab. Tuban,Kec. Soko,Jl. Prambontergayang,Kenti,62372,085231283339,uptsmpn2soko@gmail.com,http://www.smpn2soko,A,573,319,254,18
20533827,SMP ISLAM SABILILLAH MALANG,SMP,SWASTA,Kota Malang,Kec. Lowokwaru,Jl. Terusan Piranha Atas 135,,65142,0341405061,smpis@sekolahsabilillah.sch.id,http://sekolahsabilillah.sch.id,A,573,311,262,18
20532668,SMP CAHAYA,SMP,SWASTA,Kota Surabaya,Kec. Kenjeran,Bulak banteng 68,JL. BULAK BANTENG 68 SURABAYA,60127,0313722552,smpcahayaalsari@gmail.com,http://www.smpcahayaalsari.blogspot.com,A,573,312,261,16
20531189,UPTD SMP NEGERI 1 TANAH MERAH,SMP,NEGERI,Kab. Bangkalan,Kec. Tanah Merah,Jl. Raya Tanahmerah 105,Tanah Merah Dajah,69172,0313080243,smpn1tanahmerah.bkl@gmail.com,http://smpn1tanahmerahbkl.mysch.id/,A,572,326,246,20
20514407,UPT SMP NEGERI 3 SRENGAT,SMP,NEGERI,Kab. Blitar,Kec. Srengat,Jl. A. Yani Selokajang,Selokajang,66152,0342552139,smpn3srengatblitar@gmail.com,http://www.smega.sch.id,A,572,331,241,19
20525684,SMP NEGERI 5 BANYUWANGI,SMP,NEGERI,Kab. Banyuwangi,Kec. Banyuwangi,Jl. Jaksa Agung Suprapto 74 Banyuwangi,-,68416,0333424582,smpn5banyuwangi32@gmail.com,https://sites.google.com/view/smpn5bwi/home,A,571,304,267,18
20511971,SMKS PUTRA HARAPAN PLEMAHAN,SMK,SWASTA,Kab. Kediri,Kec. Plemahan,JL. KARTINI NO.45 PLEMAHAN,WONOKERTO,64155,0354527244,smkph45@yahoo.com,http://smkphplemahan.sch.id,B,571,415,156,18
20537397,SMP AL MIFTAH TERPADU,SMP,SWASTA,Kab. Pamekasan,Kec. Palengaan,Jl. Raya Palengaan Km. 11,Barat,69362,082333359000,smpalmiftahp5m@gmail.com,http://www.smp al-miftah terpadu.com,B,571,570,1,17
20529966,SMA YAS A,SMA,SWASTA,Kab. Sumenep,Kec. Kota Sumenep,JL. KARTINI VI NO.04,SAWAH BARAT,69412,082331120155,smayayasanabdullah_yasa@yahoo.com,http://sma-yayasan-abdullah.blogspot.co.id/,B,571,230,341,18
20542509,SMK ISLAM 1 DURENAN,SMK,SWASTA,Kab. Trenggalek,Kec. Durenan,JL. RAYA KENDALREJO DURENAN TRENGGALEK,Kendalrejo,66381,0355879515,info@smkislam1durenan.sch.id,http://www.smkislam1durenan.sch.id,A,571,260,311,23
20535448,UPT SMP NEGERI 10,SMP,NEGERI,Kota Pasuruan,Kec. Gadingrejo,Jl. Gatot Subroto No. 23,,67137,0343422237,smpnten.pasuruan@gmail.com,http://smpnten.wordpress.com,A,571,328,243,18
20535438,UPT SMP NEGERI 9,SMP,NEGERI,Kota Pasuruan,Kec. Purworejo,Jl.KH. Mansyur No. 141 Pasuruan,Sekargadung,67121,0343424151,spenixgreen@gmail.com,http://smpn9pasuruan.sch.id,A,571,311,260,18
20525722,SMP NEGERI 1 TEGALSARI,SMP,NEGERI,Kab. Banyuwangi,Kec. Tegalsari,Jl Blokagung,BALOKAN,68491,847854,tegalsarismpn1@gmail.com,http://,A,570,297,273,18
20523868,UNIT PELAKSANA TEKNIS DAERAH (UPTD) SATUAN PENDIDIKAN SMPN 1 LEDOKOMBO,SMP,NEGERI,Kab. Jember,Kec. Ledok Ombo,Jl. Sumberanget 202,Oloh,68196,0331591613,smpnegeri1.ldo@gmail.com,http://,A,570,306,264,22
20503479,SMP NEGERI 2 TEMBELANG,SMP,NEGERI,Kab. Jombang,Kec. Tembelang,Jl.wr.soepratman 136,Kendil Wesi,61452,0321887380,smpn2.tembelang@gmail.com,smpn2tembelang.sch.id,A,570,279,291,18
20548715,SMP NEGERI 3 SUGIO,SMP,NEGERI,Kab. Lamongan,Kec. Sugio,Kompleks Pondok Pesantren Darul Ulum  Medali,MEDALI,62256,081281404581,smpn3sugio.lmg@gmail.com,http://www.smpn3sugio.sch.id,A,570,261,309,19
20549208,SMP NEGERI 2 WAGIR,SMP,NEGERI,Kab. Malang,Kec. Wagir,JL. RAYA SUKODADI NO. 1,Jamuran Desa Sukodadi,65158,0341809777,smpnwagir2@gmail.com,http://,A,570,272,298,18
20502636,SMPN 1 TRAWAS,SMP,NEGERI,Kab. Mojokerto,Kec. Trawas,Jl. Kompi Murlan 6 Ketapanrame,Ketapanrame,61375,0343886064,upsmpn1trawas@gmail.com,http://sekolah.mojokertokab.go.id/smpn1trawas,A,570,265,305,18
20510762,SMP NEGERI 1 BABADAN,SMP,NEGERI,Kab. Ponorogo,Kec. Babadan,Jl. Teuku Umar,,63491,0352483723,smpn1_babadan@yahoo.co.id,http://www.smpn1babadan-po.sch.id,A,570,311,259,20
20540024,SMP PGRI 9 SIDOARJO,SMP,SWASTA,Kab. Sidoarjo,Kec. Sidoarjo,Sidoarjo,,61261,8054998,adm.smppgri9sda@gmail.com,http://https://www.smppgri9-sda.sch.id/,A,570,299,271,17
20542506,SMAN 1 KAMPAK,SMA,NEGERI,Kab. Trenggalek,Kec. Kampak,Jl. Raya Bendoagung No. 92,-,66373,0355631049,sman_kampak@yahoo.com,https://smakampak.blogspot.com,A,570,276,294,18
20505088,UPT SMP NEGERI 5 TUBAN,SMP,NEGERI,Kab. Tuban,Kec. Tuban,Jln. P. Sudirman Gg. Balai Kel. Sukolilo 251,SUKOLILO,62318,0356321509,smpnegeri5tuban@gmail.com,https://www.smpn5tuban.sch.id/,A,570,307,263,18
20554539,SMAS BRAWIJAYA SMART SCHOOL,SMA,SWASTA,Kota Malang,Kec. Lowokwaru,JL. CIPAYUNG NO. 10 MALANG,KETAWANGGEDE,65145,0341584654,smabss@ub.ac.id,http://www.smabss.ub.ac.id,A,570,268,302,18
20500493,UPT SMP NEGERI 11 GRESIK,SMP,NEGERI,Kab. Gresik,Kec. Dukun,Jl. Raya Mentaras No.34,Sidobangun,61155,03199114250,smpn11gresik@gmail.com,http://www.uptsmpn11gresik.scn.id,A,569,294,275,18
20503430,SMK MAARIF NGORO,SMK,SWASTA,Kab. Jombang,Kec. Ngoro,JL. MANUNGGAL NO. 2,NGORO,61473,0321711656,smk_maarif99@yahoo.co.id,http://www.smkmaarifngoro.sch.id,B,569,283,286,17
20570951,SMKS NAGARA KEDUNGGALAR NGAWI,SMK,SWASTA,Kab. Ngawi,Kec. Kedunggalar,JALAN RAYA KEDUNGGALAR - JOGOROGO,Piji,63254,0351673048,smknagara1@gmail.com,http://,B,569,521,48,20
20519216,SMPN 1 KRATON,SMP,NEGERI,Kab. Pasuruan,Kec. Kraton,Jl. Kabupaten 98,Krajan,67151,0343423540,smpn_1_kraton@yahoo.com,http://,A,569,358,211,18
20532087,SMAS SANTA MARIA,SMA,SWASTA,Kota Surabaya,Kec. Tegal Sari,JL. RAYA DARMO 49,Keputran,60265,0315661996,smasanmarsby@sanmarosu-jatim.sch.id,https://sma-sby.sanmarosu-jatim.sch.id/,A,569,255,314,17
20521761,UPTD SPF SMP Negeri 2 Tenggarang,SMP,NEGERI,Kab. Bondowoso,Kec. Tenggarang,Jl. Raya Situbondo No. 96 A Tenggarang,Krajan,68281,0332432520,smp2tenggarang@gmail.com,http://www.smpn2tenggarang.sch.id/,A,568,293,275,19
20523906,UNIT PELAKSANA TEKNIS DAERAH (UPTD) SATUAN PENDIDIKAN SMPN 5 JEMBER,SMP,NEGERI,Kab. Jember,Kec. Kaliwates,Jl. Imam Bonjol 39,Tegal Besar,68132,0331321737,spama.jember@gmail.com,http://smpn5jember.sch.id,A,568,311,257,18
20502625,SMPN 2 JATIREJO,SMP,NEGERI,Kab. Mojokerto,Kec. Jatirejo,Jl. Raya Baureno,Baureno Ds. Baureno Kec. Jatirejo Kab. Mojokerto,61373,03216831562,spenduja2@gmail.com,http://smpn2jatirejo.sch.id,A,568,290,278,18
20510967,SMP NEGERI 1 KEBONAGUNG,SMP,NEGERI,Kab. Pacitan,Kec. Kebonagung,Jl. Raya Kebonagung Pacitan,Wetih,63561,081775440290,smpn1kebonagungpct@gmail.com,http://www.smpnegeri1kebonagung.sch.id,A,568,294,274,18
20503460,SMP NEGERI 1 WONOSALAM,SMP,NEGERI,Kab. Jombang,Kec. Wonosalam,"Jl. Anjasmoro, Wonosalam",Wonosalam,61476,08113222338,smpijiwo@yahoo.co.id,http://smpn1wonosalam.sch.id,A,567,288,279,18
20503441,SMP NEGERI 2 MEGALUH,SMP,NEGERI,Kab. Jombang,Kec. Megaluh,Jl. Raya Sumberagung,Sumberagung,61457,03218494881,smpn2_megaluh@yahoo.co.id,http://smpn2megaluhjombang.sch.id,A,567,291,276,18
20505128,UPT SMP NEGERI 1 JENU,SMP,NEGERI,Kab. Tuban,Kec. Jenu,Jl. Raya Jenu-Merakurak,KANDANGAN,62352,711088,smpn1.jenu@yahoo.co.id,http://-,A,567,308,259,18
69947052,SMP NEGERI 59 SURABAYA,SMP,NEGERI,Kota Surabaya,Kec. Wiyung,Jl. Klumprik PDAM No. 59  Surabaya ,Balas Klumprik,60222,03199751467,smpn59surabaya@yahoo.com,"http://www.smpn59surabaya,sch.id",A,567,305,262,19
20532402,SMAS GIKI 1 SURABAYA,SMA,SWASTA,Kota Surabaya,Kec. Sawahan,JL. DUKUH KUPANG UTARA I / 2,Putat Jaya,60255,5634291,smagiki1@gmail.com,http://smagiki-sby.sch.id,A,567,222,345,16
20506384,SMP NEGERI 2 MANTUP,SMP,NEGERI,Kab. Lamongan,Kec. Mantup,Jl. Desa Kedungsoko Mantup ,Maijo,62283,0,smpn2mantup@gmail.com,http://smp2mantup.sch.id,A,566,302,264,19
20502633,SMPN 2 SOOKO,SMP,NEGERI,Kab. Mojokerto,Kec. Sooko,Jl. Raya Modongan,Modongan,61361,081357209724,smpn2sookomjk@gmail.com,http://www.smpn2sookomojokerto.blogspot.com,A,566,282,284,18
20529969,SMAN 1 BLUTO,SMA,NEGERI,Kab. Sumenep,Kec. Bluto,JL. RAYA BLUTO,Temor Lorong,69466,0328415059,sman1_bluto@yahoo.com,http://smansatubluto.sch.id,A,566,351,215,17
20540131,SMP NEGERI 2 SONGGON,SMP,NEGERI,Kab. Banyuwangi,Kec. Songgon,Jl. Songgon,Cemoro,68463,085259520282,smpn2songgon@ymail.com,http://smpn2songgon.sch.id,A,565,268,297,18
20523885,UNIT PELAKSANA TEKNIS DAERAH (UPTD) SATUAN PENDIDIKAN SMPN 12 JEMBER,SMP,NEGERI,Kab. Jember,Kec. Kaliwates,Jl. Kh. Wahid Hasyim 16 Jember,Kepatihan,68137,0331424526,rolasijember@yahoo.com,http://,A,565,275,290,18
20521459,SMAN 1 PRONOJIWO,SMA,NEGERI,Kab. Lumajang,Kec. Pronojiwo,JL. AHMAD YANI PRONOJIWO,Tulungagungan,67374,590269,smanpronojiwo@gmail.com,https://sman1pronojiwo.sch.id,A,565,234,331,18
20551738,UPT SMP NEGERI 1 SANANKULON,SMP,NEGERI,Kab. Blitar,Kec. Sanankulon,Dusun Purworejo Rt.05 Rw.01,Purworejo,66151,0342804753,smpn1sanankulon@yahoo.co.id,http://smpn1sanankulon.sch.id,A,564,317,247,19
20502622,SMPN 2 DLANGGU,SMP,NEGERI,Kab. Mojokerto,Kec. Dlanggu,Sumber Agung,Sumberagung,61371,0321512782,smpn2dlanggu@gmail.com,http://smpn2dlanggu.blogspot.com,A,564,312,252,18
20539031,SMA NEGERI 1 BANGILAN TUBAN,SMA,NEGERI,Kab. Tuban,Kec. Bangilan,Jl. Raya Bojonegoro-Jatirogo 328 Bangilan Tuban,Banjarworo,62364,085103009468,sma1_bangilan@yahoo.co.id,http://www.sman1bangilan.sch.id,A,564,295,269,16
20503442,SMP NEGERI 2 KESAMBEN,SMP,NEGERI,Kab. Jombang,Kec. Kesamben,Jl. Raya Candisari 37,Candisari,61484,03216835181,smpnegeri2kesamben@gmail.com,http://www.smpn2kesamben.sch.id/,A,563,300,263,18
20511855,UPTD SMPN 2 Plemahan,SMP,NEGERI,Kab. Kediri,Kec. Plemahan,Puhjarak,Recosolo,64155,03547007567,smpnduaplemahan@yahoo.co.id,http://www.smpn2plmh.yahoo.co.id,A,563,319,244,18
20507737,SMP NEGERI 2 MEJAYAN,SMP,NEGERI,Kab. Madiun,Kec. Mejayan,Jl. P. Sudirman 143 Caruban,Pandean,63153,0351383126,smpn2mejayan02@gmail.com,http://smpn2mejayan.sch.id,A,563,294,269,18
20510956,SMP NEGERI 2 PACITAN,SMP,NEGERI,Kab. Pacitan,Kec. Pacitan,Jl. A. Yani No. 31,Purwoharjo,63511,0357881087,smpn2pacitan@gmail.com,http://www.smpn2pacitan.sch.id,A,563,276,287,18
20525685,SMP NEGERI MANBAUL FALAH SINGOJURUH,SMP,NEGERI,Kab. Banyuwangi,Kec. Singojuruh,Jl. KH. Rofii Makhsum No. 25,Kedungliwung,68464,0333646640,smpnmanbaulfalah@rocketmail.com,http://,A,562,278,284,16
20517474,SMP NEGERI 1 KROMENGAN,SMP,NEGERI,Kab. Malang,Kec. Kromengan,JL. KERAMAT,Krajan,65165,03414342464,smpnkromengan@yahoo.com,http://https://smpn1kromengan.sch.id/,A,562,284,278,18
20542479,SMP TERPADU AL ANWAR,SMP,SWASTA,Kab. Trenggalek,Kec. Durenan,Jln. Raya Baruharjo Durenan Trenggalek,Baruklinting,66381,0355878585,smptalanwar@gmail.com,http://20542479.siap-sekolah.com/,A,562,312,250,17
20504411,SMP NEGERI 1 TRUCUK,SMP,NEGERI,Kab. Bojonegoro,Kec. Trucuk,Jl. Raya Sumberjo Kentong No.1 Trucuk,Kentong,62155,891414,smpn1trucuk@gmail.com,http://www.smpn1trucukbojonegoro.sch.id,A,561,294,267,18
20506348,SMP NEGERI 1 KEMBANGBAHU,SMP,NEGERI,Kab. Lamongan,Kec. Kembangbahu,Jl. Raya Kembangbahu No 06,Kembangbahu,62282,085606380480,smpn1kbbh@gmail.com,http://www.smpn1kembangbahu.sch.id,A,561,299,262,19
20521433,SMP NEGERI 2 TEMPEH,SMP,NEGERI,Kab. Lumajang,Kec. Tempeh,Jl Panjaitan No 06,Wringin Cilik,67371,0334521122,smpn2.tempeh@gmail.com,http://www.smpn2tempeh.sch.id,A,561,310,251,19
20501734,SMP NEGERI 2 BALONGBENDO,SMP,NEGERI,Kab. Sidoarjo,Kec. Balong Bendo,Sumokembangsri,Luwung,61263,03199890023,smpnduabalongbendo@yahoo.co.id,http://smpn2balongbendo.sch.id,A,560,304,256,18
20521784,UPTD SPF SMP Negeri 2 Bondowoso,SMP,NEGERI,Kab. Bondowoso,Kec. Bondowoso,Jl. MT. Haryono No. 23,,68213,0332421910,smpn2bondowoso@yahoo.co.id,http://,A,559,287,272,18
20506387,SMP NEGERI 1 SUGIO,SMP,NEGERI,Kab. Lamongan,Kec. Sugio,Jalan Raya Sugio - Lamongan,SUGIO,62256,,smpn1sgo@gmail.com,http://www.smpnegeri1sugio.sch.id,A,558,295,263,19
20502656,SMPN 3 KUTOREJO,SMP,NEGERI,Kab. Mojokerto,Kec. Kutorejo,Dsn. Rejosari,Rejosari,61383,7221161,simpatiksmp@yahoo.co.id,http://smpn3kutorejo.co.id,A,558,323,235,18
20551662,SMP NEGERI 06 BATU,SMP,NEGERI,Kota Batu,Kec. Bumiaji,Jl. Raya Giripurno 284,Sawahan,65333,0341592881,hebatsneba@gmail.com,http://smpn06batu.sch.id,A,558,287,271,18
20531227,SMA NEGERI 3 BANGKALAN,SMA,NEGERI,Kab. Bangkalan,Kec. Bangkalan,JL. RE. MARTADINATA 54,MLAJAH,69116,0313095330,smagabangkalan@gmail.com,http://www.sman3-bangkalan.sch.id,A,557,256,301,17
20540304,SMA NEGERI PLANDAAN,SMA,NEGERI,Kab. Jombang,Kec. Plandaan,JL.BANGSRI NO.38 PLANDAAN JOMBANG,BANGSRI,61456,883222,sman1plandaan@gmail.com,http://smanepa.sch.id,A,557,183,374,16
20540096,SMKS YPM 2 TAMAN SIDOARJO,SMK,SWASTA,Kab. Sidoarjo,Kec. Taman,JL. RAYA NGELOM 86 SEPANJANG,Ngelom,61257,0317875230,ypm2smk@gmail.com,http://www.smkypm2taman.sch.id,A,557,83,474,15
69947051,SMA Negeri 3,SMA,NEGERI,Kota Batu,Kec. Bumiaji,Jl. Joko Bundu,SEGUNDU,65335,5109023,sma3batu@gmail.com,http://sman3-batu.sch.id,A,557,214,343,17
20523859,UNIT PELAKSANA TEKNIS DAERAH (UPTD) SATUAN PENDIDIKAN SMPN 2 KALISAT,SMP,NEGERI,Kab. Jember,Kec. Kalisat,Jln. Patempuran - Kalisat,Patempuran,68193,0331591331,smp2kalisat@gmail.com,http://smpn2kalisat.com,A,556,321,235,18
69944430,SMK ASH SHOLIHUDDIN DAMPIT,SMK,SWASTA,Kab. Malang,Kec. Dampit,Jl. Pesantren  No.72  RT.21 RW.03 Sumbertangkep,Sumbertangkep,65181,081335235736,smk_ashsholihuddin@yahoo.co.id,http://smkashsholihuddindampit.blogspot.com,B,556,236,320,17
20501693,SMKS YPM 7 TARIK SIDOARJO,SMK,SWASTA,Kab. Sidoarjo,Kec. Tarik,JL. KEMUNING NO. 01,Kemuning,61265,0318987258,smkypm7@ymail.com,http://www.smkypm7.sch.id,A,556,449,107,17
20555110,SMK NEGERI 1 SEPULUH BANGKALAN,SMK,NEGERI,Kab. Bangkalan,Kec. Sepulu,JL. RAYA SEPULUH NO. 89,SEPULU,69154,0313079325,smkn1sepuluh@gmail.com,http://www.smkn1sepulu.sch.id,B,555,423,132,21
20549087,SMKS KARTINI JEMBER,SMK,SWASTA,Kab. Jember,Kec. Sumbersari,JL. LETJEN SUTOYO NO. 30,-,68122,0331331737,smkkartinijember@yahoo.com,http://smkkartinijember.sch.id,A,555,292,263,20
20517515,SMP NEGERI 2 JABUNG,SMP,NEGERI,Kab. Malang,Kec. Jabung,JL. RAYA SLAMPAREJO NO. 54,SLAMPAREJO,65155,0341793669,smpnjabung2@gmail.com,http://smpn2jabung.sch,A,555,276,279,18
20538309,SMP NEGERI 2 GONDANG,SMP,NEGERI,Kab. Nganjuk,Kec. Gondang,Jl. Raya Gondang - Lengkong,SUMBERAGUNG,64451,0358612060,gondangtri@yahoo.co.id,https://smpn2gondangnganjuk.sch.id/,A,555,316,239,19
20519189,SMPN 2 PRIGEN,SMP,NEGERI,Kab. Pasuruan,Kec. Prigen,Desa Dayurejo No.532 Prigen,Gamoh,67157,081332012921,smpn2prigen123@gmail.com,http://,A,555,282,273,16
20510155,SMKN 1 MLARAK,SMK,NEGERI,Kab. Ponorogo,Kec. Mlarak,JALAN RAYA MLARAK PULUNG,Purworejo,63472,085234016773,smkn1mlarak@gmail.com,http://smkn1mlarak.sch.id,A,555,385,170,26
20525639,SMP NEGERI 2 TEGALDLIMO,SMP,NEGERI,Kab. Banyuwangi,Kec. Tegaldlimo,Jalan Purwo Kalipait Tegaldlimo,Purworejo,68484,0333594004,tegaldlimosmpndua@yahoo.com,http://,A,554,280,274,15
20562077,SMKN 1 WONOMERTO,SMK,NEGERI,Kab. Probolinggo,Kec. Wonomerto,"JL RAYA BANTARAN, KEDUNG SUPIT, KECAMATAN WONOMERTO",BINTAOSAN,67253,,smkn1.wonomerto.sch@gmail.com,http://https://smkn1wonomerto.sch.id/,B,554,381,173,17
20546835,SMP NEGERI 1 MARON,SMP,NEGERI,Kab. Probolinggo,Kec. Maron,Maron Wetan,Krajan 2,67276,085852284978,smpn1_maron@yahoo.com,http://www.smpn1maron.sch.id,A,554,271,283,16
20505131,UPT SMP NEGERI 1 BANCAR,SMP,NEGERI,Kab. Tuban,Kec. Bancar,Jln. Raya Bancar No.113,Bancar,62354,0356411135,smpbancar1@gmail.com,http://s.id/smpn1bancar,A,554,305,249,15
20534169,SMPN 3,SMP,NEGERI,Kota Madiun,Kec. Manguharjo,Jl. RA. Kartini No.6  Madiun,,63122,0351462523,smpn3madiun@gmail.com,http://www.smpn3kotamadiun.sch.id,A,554,278,276,18
20536273,SMP NEGERI 2 PROBOLINGGO,SMP,NEGERI,Kota Probolinggo,Kec. Kanigaran,Jl. Dr. Moch. Saleh No.7,,67211,0335421403,labkom_smp2@yahoo.co.id,http://smpn2.dikpora.probolinggokota.go.id,A,554,270,284,17
20532267,SMKS 45 SURABAYA,SMK,SWASTA,Kota Surabaya,Kec. Gubeng,JL. JOJORAN I-46 SURABAYA,Mojo,60285,0315994020,smk45sby@yahoo.com,http://www.smk45sby.sch.id,A,554,551,3,20
20501757,SMP DHARMA WANITA 1 GEDANGAN,SMP,SWASTA,Kab. Sidoarjo,Kec. Gedangan,Jl Raya Gedangan No 107,GEDANGAN,61254,0318912289,smpdharmawanita1gedangansidoarjo@yahoo.com,http://www.smpdharmawanita.blogspot.com,A,553,278,275,17
20562152,SMKN 1 GENDING,SMK,NEGERI,Kab. Probolinggo,Kec. Gending,Sumberkerang,Sumberan,67272,085230188220,smkn1gending@gmail.com,http://www.smkn1gending.sch.id,B,552,399,153,21
20528613,UPTD SMPN 3 SAMPANG,SMP,NEGERI,Kab. Sampang,Kec. Sampang,Jl. Syamsul Arifin I/36,Tajung,69215,0323321072,smpn3sampang@gmail.com,http://smpn3sampang.sch.id,A,552,302,250,19
20546829,SMP NEGERI 1 GENDING,SMP,NEGERI,Kab. Probolinggo,Kec. Gending,Jl. Randupitu 19,Krajan,67272,611083,smpn1gending@gmail.com,http://www.smpn1gending.sch.id,A,551,321,230,18
20507747,SMP N 4 SARADAN,SMP,NEGERI,Kab. Madiun,Kec. Saradan,Jl. Klumutan,Sumbersari,63155,0351384535,smpn4saradan@yahoo.co.id,http://,A,550,292,258,18
20549181,SMPS ISLAM MIFTAHUL ULUM TAMBELANGAN,SMP,SWASTA,Kab. Sampang,Kec. Tambelangan,Jl. KH. Muhammad F,Kapasan,69253,0817332115,smp.islammiftahululumtbl2020@gmail.com,http://,B,549,379,170,18
20551741,UPT SMP NEGERI 1 BAKUNG,SMP,NEGERI,Kab. Blitar,Kec. Bakung,Jalan Ahmad Yani,BAKUNG UTARA,66163,,smpn1bakung@gmail.com,http://spensiba.wordpress.com,A,548,285,263,19
20549656,UNIT PELAKSANA TEKNIS DAERAH (UPTD) SATUAN PENDIDIKAN SMPN 2 MAYANG,SMP,NEGERI,Kab. Jember,Kec. Mayang,Jl Bromo No 1 Mayang,Klayu,68182,0331591299,smpn2_mayang@yahoo.co.id,http://smpnegeri2mayang.blogspot.co.id,A,548,308,240,18
20542453,SMP NEGERI 2 TRENGGALEK,SMP,NEGERI,Kab. Trenggalek,Kec. Trenggalek,Jl. Mastrip No. 150 RT. 09 RW. 04 Desa Parakan Kec. Trenggalek Kab. Trenggalek,Krajan,66317,0355791096,smpn2_tgalek@yahoo.co.id,http://smpn2trenggalek.blogspot.com,A,548,314,234,17
20517505,SMP NEGERI 2 PAKIS,SMP,NEGERI,Kab. Malang,Kec. Pakis,JL. GAJAHMADA BANJAREJO,Banjarejo,65154,0341789268,smpn2_pakis@ymail.com,http://,A,547,326,221,18
20546836,SMP NEGERI 1 PAITON,SMP,NEGERI,Kab. Probolinggo,Kec. Paiton,Jl. Pakuniran - Paiton,PAITON,67291,0335771106,smpnegeri1paiton@gmail.com,http://smpn1paiton.sch.id,A,547,314,233,18
20542454,SMP NEGERI 2 TUGU,SMP,NEGERI,Kab. Trenggalek,Kec. Tugu,Jl.Corah Mulyo No. 89,Krajan,66352,035579313,smpn2tugu@gmail.com,http://,A,547,273,274,18
69880823,SMP ISLAM AL FATTAHIYYAH,SMP,SWASTA,Kab. Tulungagung,Kec. Boyolangu,DSN MIREN DS NGRANTI KECAMATAN BOYOLANGU,MIREN,66271,085235243232,smpislamalfattahiyyah@gmail.com,http://smpialfattahiyyah.sch.id,B,547,277,270,18
20539424,SMP AL IZZAH BATU,SMP,SWASTA,Kota Batu,Kec. Batu,Jl. INDRAGIRI GG PANGKUR NO 78 KOTA BATU,Sumberejo,65317,0341590363,lpii_alizzahbatu@yahoo.co.id,http://alizzah-batu.sch.id,A,547,0,547,19
60726708,SMK UNITOMO SURABAYA,SMK,SWASTA,Kota Surabaya,Kec. Sukolilo,JALAN  SEMOLOWARU 84,-,60118,0315991699,smk.unitomo@gmail.com,http://smkunitomosby.sch.id,A,547,297,250,22
20528616,UPTD SMPN 2 SAMPANG,SMP,NEGERI,Kab. Sampang,Kec. Sampang,Jl. Bahagia No. 68a,,69211,0323327833,smpn2spg@gmail.com,http://smp2sampang.wordpress.com,B,546,302,244,18
20525680,SMP NEGERI 3 ROGOJAMPI,SMP,NEGERI,Kab. Banyuwangi,Kec. Rogojampi,Jln Ki Hajar Dewantoro No 18A,SIDOMULYO,68462,631352,sempegarogojampi@gmail.com,www.smpn3rogojampi.sch.id,A,545,276,269,18
20523871,UNIT PELAKSANA TEKNIS DAERAH (UPTD) SATUAN PENDIDIKAN SMPN 1 PAKUSARI,SMP,NEGERI,Kab. Jember,Kec. Pakusari,Jln. Sumberpinang Pakusari,KRAJAN,68181,085100762303,smpnpakusari63@gmail.com,http://,A,545,284,261,19
20503469,SMP NEGERI 2 MOJOWARNO,SMP,NEGERI,Kab. Jombang,Kec. Mojowarno,Jln. Wanara Japanan,Sedah,61475,0321495767,smpn2mojowarno@gmail.com,http://smpn2mojowarno.sch.id,A,545,295,250,18
20525649,SMP NEGERI 2 GLAGAH,SMP,NEGERI,Kab. Banyuwangi,Kec. Glagah,Jl. Kenjo No.45,JAMBEAN,68432,0333418566,smpnegeri2glagah@yahoo.co.id,http://smpn2glagahbwi.sch.id,A,543,277,266,18
20541364,SMP NEGERI 1 SEKAR,SMP,NEGERI,Kab. Bojonegoro,Kec. Sekar,Desa Miyono,Kerajan,62167,081230929129,smpnegerisatusekar@yahoo.co.id,http://,A,542,292,250,18
20500470,SMKS HIDAYATUL UMMAH,SMK,SWASTA,Kab. Gresik,Kec. Balong Panggang,JL. RAYA BALONGPANGGANG NO.23,BALONGPANGGANG,61173,0317923338,smkhu.blpg@gmail.com,http://smkhu.sch.id,B,542,336,206,16
20511845,UPTD SMPN 2 Kandat,SMP,NEGERI,Kab. Kediri,Kec. Kandat,Jl. Kelud No. 399,Tegalarum,64173,081318279209,smpnkandat2@gmail.com,http://www.smpn2kandat.sch.id,A,542,310,232,17
20510974,SMP NEGERI 1 PUNUNG,SMP,NEGERI,Kab. Pacitan,Kec. Punung,Jl. Raya Punung - Pacitan,Thekil,63553,0357511045,smp1punung@yahoo.co.id,http://www.smp1punung.sch.id,A,542,262,280,19
20519186,SMPN 2 SUKOREJO,SMP,NEGERI,Kab. Pasuruan,Kec. Sukorejo,Sukorejo,SEBANDUNG,67161,08113663900,smpnn2sukorejo@gmail.com,http://www.smpn2sukorejo.sch.id,A,542,288,254,16
20584053,SMK MITRA SEHAT MANDIRI,SMK,SWASTA,Kab. Sidoarjo,Kec. Krian,JL. KI HAJAR DEWANTARA NO. 200 KRIAN,KATERUNGAN,61262,0318987404,skamediss@gmail.com,http://www.smkmitrasehatmandiri.sch.id,A,542,126,416,21
20506353,SMP NEGERI 1 MODO,SMP,NEGERI,Kab. Lamongan,Kec. Modo,Jl. Panji No. 03,Jimus,62275,08113064664,smpnegerimodo@gmail.com,http://smpnegerimodo.sch.id,A,541,271,270,19
20521435,SMP NEGERI 2 KLAKAH,SMP,NEGERI,Kab. Lumajang,Kec. Klakah,Jl Ranu No 23 Klakah,Klakah,67356,0334441327,smpnduaklakah@yahoo.com,http://,A,541,291,250,18
20531152,SMAS MAARIF,SMA,SWASTA,Kab. Bangkalan,Kec. Bangkalan,Jl. KH. MOH. KHOLIL I/6,-,69115,71060770,smamaarifbkl@gmail.com,https://www.smasmaarifbkl.sch.id,A,540,197,343,17
20529967,SMA NEGERI 1 AMBUNTEN SUMENEP,SMA,NEGERI,Kab. Sumenep,Kec. Ambunten,JL. RAYA AMBUNTEN,Tambaagung,69455,311070,ssn.smania@gmail.com,http://www.sman1ambunten.sch.id,A,540,271,269,17
20542440,SMP NEGERI 1 TUGU,SMP,NEGERI,Kab. Trenggalek,Kec. Tugu,"Jl. Ponorogo, Dermosari",Bonsari,66352,0355792804,smpnsatutugu@yahoo.co.id,http://www.smpn1tugu.sch.id,A,540,280,260,18
20551699,SMP ISLAM BUSTANUL ULUM,SMP,SWASTA,Kab. Jember,Kec. Pakusari,Jl. Himalaya No. 17,Rowo,68181,0331592909,smpibu2006@gmail.com,http://,B,539,263,276,18
20523914,SMP NURIS JEMBER,SMP,SWASTA,Kab. Jember,Kec. Sumbersari,Jl. Pangandaran 48,KRAJAN,68125,0331324946,nurissmp@gmail.com,https://pesantrennuris.net/,A,539,289,250,18
20503476,SMP NEGERI 3 MOJOAGUNG,SMP,NEGERI,Kab. Jombang,Kec. Mojoagung,Jl. H. Subakir No 25,KAROBELAH,61482,0321492177,spigma@gmail.com,http://spigma.sch.id,A,538,268,270,18
20517472,SMP NEGERI 1 TAJINAN,SMP,NEGERI,Kab. Malang,Kec. Tajinan,JL. RAYA GUNUNGSARI NO. 21,Gunungsari,65172,03417508821,smpntajinan@gmail.com,http://www.smpntajinan.blogspot.com,A,538,265,273,18
20502715,SMKS RADEN PATAH MOJOSARI,SMK,SWASTA,Kab. Mojokerto,Kec. Mojosari,JL. HASANUDDIN NO.44,candisari,61382,0321593832,smkradenpatah@yahoo.co.id,http://www.smkradenpatah.sch.id,A,538,493,45,23
20538382,SMP NEGERI 3 REJOSO,SMP,NEGERI,Kab. Nganjuk,Kec. Rejoso,Mlorah,Mlorah,64453,0358611348,smptiga_rejoso@yahoo.co.id,http://,A,538,298,240,18
20519140,SMKS YADIKA 1 BANGIL,SMK,SWASTA,Kab. Pasuruan,Kec. Bangil,JL. BADER NO. 9,Kalirejo,67153,0343742070,smk.ydk.bangil@gmail.com,http://smk-yadika-bangil.sch.id,A,538,368,170,21
20501680,SMP PGRI 10 CANDI,SMP,SWASTA,Kab. Sidoarjo,Kec. Candi,Jl. H. M. Nur No. 10,,61271,0318961260,smppgri10candi@yahoo.com,http://smppgri10candisidoarjo.sch.id,A,538,304,234,16
20532094,SMAS SEJAHTERA 1 SURABAYA,SMA,SWASTA,Kota Surabaya,Kec. Sukomanunggal,JL. SIMO MULYO 1 / 3,Simomulyo,60181,0315313213,smara_sby@yahoo.com,http://www.smasejahterasurabaya.sch.id,A,537,258,279,17
20527193,SMP NEGERI 5 PAMEKASAN,SMP,NEGERI,Kab. Pamekasan,Kec. Pademawu,Jl. Jokotole No. 125 Pamekasan,Barurambat Timur,69321,0324322148,smplima_pamekasan@yahoo.co.id,http://smpn5pamekasan.sch.id,A,536,295,241,18
20514412,UPT SMP NEGERI 1 WATES,SMP,NEGERI,Kab. Blitar,Kec. Wates,Jl Kenanga No 6 RT 2 RW 1 Desa Mojorejo Kec. Wates,Banyuurip,66194,03426350040,smpn1wateskabblitar@gmail.com,https://smpn1watesblitar.sch.id,A,535,269,266,18
20523869,UNIT PELAKSANA TEKNIS DAERAH (UPTD) SATUAN PENDIDIKAN SMPN 1 MAYANG,SMP,NEGERI,Kab. Jember,Kec. Mayang,Jl Mumbulsari No 1,Krajan,68182,0331591727,info@smpnegeri1mayang.sch.id,http://www.smpnegeri1mayang.sch.id/,A,535,300,235,17
20503429,SMK MUHAMMADIYAH 2 JOGOROTO,SMK,SWASTA,Kab. Jombang,Kec. Jogoroto,JL. RAYA JOGOROTO NO. 78,kalianyar,61485,0321853955,ar.smeakem2jog@gmail.com,http://,B,535,324,211,18
20560084,SMP SUNAN KALIJOGO JABUNG,SMP,SWASTA,Kab. Malang,Kec. Jabung,Jl. KRAMAT SUKOLILO RT 19 RW 03,GANDON,65155,0341791311,SMPSUNANKALIJOGOJABUNG@GMAIL.COM,http://,A,535,535,0,17
20517417,SMP ARROHMAH BOARDING SCHOOL,SMP,SWASTA,Kab. Malang,Kec. Dau,Jl. Raya Apel 61,Semanding,65151,0341461231,smp.arrohmah.putra@gmail.com,"http://www.arrohmahputra,com",A,535,535,0,18
20521413,SMP NEGERI 1 RANDUAGUNG,SMP,NEGERI,Kab. Lumajang,Kec. Randuagung,Jl Tunjung  Randuagung,Tunjung,67354,0334321705,smpn1randuagung@yahoo.com,http://,A,534,314,220,18
70003200,SMP BILINGUAL TERPADU 2,SMP,SWASTA,Kab. Sidoarjo,Kec. Krian,JL. JUNWANGI NO. 43B,Kwangen,61262,081399952020,smpbilie@gmail.com,https://smpbilie.com,A,534,251,283,18
20532483,SMP TARUNA JAYA I,SMP,SWASTA,Kota Surabaya,Kec. Kenjeran,Kedinding Tengah Sekolahan No.40,Tanah Kali Kedinding,60129,03151504874,smptarunajaya_1@yahoo.co.id,http://www.tarunajaya.sch.id,A,534,285,249,18
20540097,SMKS DARMA SISWA 1 SIDOARJO,SMK,SWASTA,Kab. Sidoarjo,Kec. Waru,JL. KUSUMA 9-11,brebek,61256,0318672377,smkdarmasiswa1sidoarjo@gmail.com,http://www_smk_darma_siswa.com,A,533,532,1,15
20542431,SMP NEGERI 1 GANDUSARI,SMP,NEGERI,Kab. Trenggalek,Kec. Gandusari,Jalan Raya Gandusari - Kampak,Karang Rejo,66372,0355811098,smpn1gandusaritglk@gmail.com,http://,A,533,288,245,18
20525644,SMP NEGERI 2 MUNCAR,SMP,NEGERI,Kab. Banyuwangi,Kec. Muncar,JL. DIPONEGORO No. 35,CURAHKRAKAL,68472,0333592478,smpn2muncar@gmail.com,http://www.smpn2_muncar.sch.id,A,532,299,233,18
20521457,SMAN 1 KUNIR,SMA,NEGERI,Kab. Lumajang,Kec. Kunir,JALAN SUMBERSARI NO.1 KUNIR,Sumbersari,67383,0334521370,sman_kunir@yahoo.co.id,http://www.smankunir.sch.id,A,532,239,293,16
20508469,SMAN 1 KENDAL,SMA,NEGERI,Kab. Ngawi,Kec. Kendal,JL. RAYA NGAWI - KENDAL KM.32,TEGAL REJO,63261,732301,sman1kendal_ngawi@yahoo.co.id,http://sman1kendal.sch.id,A,532,227,305,15
20529970,SMA NEGERI 1 GAPURA SUMENEP,SMA,NEGERI,Kab. Sumenep,Kec. Gapura,JL. RAYA GAPURA KM. 9,Raas,69472,0328667741,smangapura@gmail.com,http://www.sman1gapura.com,A,532,341,191,17
20504410,SMP NEGERI 1 TEMAYANG,SMP,NEGERI,Kab. Bojonegoro,Kec. Temayang,Jl. Raya Temayang Km 25,Judeg,62184,082331162277,smpn1tmy@gmail.com,http://www.smpn1tmy.sch.id,A,531,268,263,18
69946189,SMA MUHAMMADIYAH 10 GKB GRESIK,SMA,SWASTA,Kab. Gresik,Kec. Manyar,Jl. Raya Mutiara No. 95 Perum PPS GSK,Suci,61151,03199006210,smam10gkb@gmail.com,http://www.smam10gkb.sch.id,A,531,260,271,16
20554381,SMKS NU 2 KEDUNGPRING,SMK,SWASTA,Kab. Lamongan,Kec. Kedungpring,JL. PRAMUKA NO. 03 BLAWIREJO,Blawi,62272,085852794111,smknukedungpring@gmail.com,http://smknu2kedungpring.sch.id,A,530,323,207,23
20523855,UNIT PELAKSANA TEKNIS DAERAH (UPTD) SATUAN PENDIDIKAN SMPN 2 GUMUKMAS,SMP,NEGERI,Kab. Jember,Kec. Gumuk Mas,Jl. Mahakam No. 20,Banjarejo,68165,0336321823,smpngumukmas2@gmail.com,http://,A,529,290,239,20
20511978,SMK KARYA WATES,SMK,SWASTA,Kab. Kediri,Kec. Wates,JL. MUJAIR 36 TAWANG,DADAPAN,64174,442149,smkkarya85@gmail.com,http://www.smkkarya85.com,B,529,178,351,18
20532674,SMKS SEJAHTERA SURABAYA,SMK,SWASTA,Kota Surabaya,Kec. Sukomanunggal,JL. SIMOMULYO I/3,Simomulyo,60181,0315476870,admin@smksejahterasurabaya.sch.id,http://https://smksejahterasurabaya.sch.id/,B,529,231,298,19
20532141,SMAS KHADIJAH,SMA,SWASTA,Kota Surabaya,Kec. Wonokromo,JL. A. YANI NO. 2-4,-,60243,0318284261,info@smakhadijah.sch.id,http://www.smakhadijah.sch.id,A,528,230,298,16
20519188,SMPN 2 PURWODADI,SMP,NEGERI,Kab. Pasuruan,Kec. Purwodadi,JL BUK KEMANTEN ,SEMAMBUNG,67163,081235604405,smpn2purwodadipasuruan@gmail.com,http://smpn2purwodadi.blog.go.id,A,527,273,254,15
20537097,SMP BUANA WARU,SMP,SWASTA,Kab. Sidoarjo,Kec. Waru,Jl. Kol Sugiono,WEDORO MADRASAH,61256,8543388,smpbuanawaru@gmail.com,http://www.smpbuana.sch.id,A,527,270,257,17
20517478,SMP NEGERI 1 BANTUR,SMP,NEGERI,Kab. Malang,Kec. Bantur,Jl. Raya Bantur No. 1014,Bantur,65179,0341841027,smpnbantur1@gmail.com,http://-,A,526,254,272,17
20510959,SMP NEGERI 1 DONOROJO,SMP,NEGERI,Kab. Pacitan,Kec. Donorojo,Jl. Taruna N0. 17 Donorojo,DRUJU,63554,0357511145,smp1donorojopacitan@gmail.com,http://smpn1donorojo.sch.id,A,526,271,255,18
20525836,SMAS MUHAMMADIYAH 2 GENTENG,SMA,SWASTA,Kab. Banyuwangi,Kec. Genteng,JL. JEMBER KM. 2 SETAIL,KRAJAN,68465,0333845396,info@muhagenteng.sch.id,http://www.muhagenteng.sch.id,A,525,257,268,15
20500410,SMP AL AZHAR,SMP,SWASTA,Kab. Gresik,Kec. Menganti,Jl. Raya Menganti Krajan No.474,MENGANTI,61174,0317911108,smp_alazhar.menganti@yahoo.com,http://www.smpalazharmenganti.sch.id,A,525,269,256,17
20523864,UNIT PELAKSANA TEKNIS DAERAH (UPTD) SATUAN PENDIDIKAN SMPN 1 TANGGUL,SMP,NEGERI,Kab. Jember,Kec. Tanggul,Jl. Sidomulyo 26 Tanggul,Krajan,68155,0336442180,smpn1tanggul@gmail.com,https://www.smpnegeri1tanggul.sch.id/,A,525,291,234,20
70045925,SMP AR ROHMAH IIBS,SMP,SWASTA,Kab. Malang,Kec. Dau,Jl. Raya Sempu No. 1,Sempu,65151,081231757560,ypi@arrohmah.co.id,http://www.arrohmah.co.id,A,525,0,525,18
20565432,SMKS RAUDLATUL MALIKIYAH,SMK,SWASTA,Kota Probolinggo,Kec. Kademangan,Jl. LAWU NO. 39 KEL. KETAPANG KEC. KADEMANGAN KOTA PROBOLINGGO,JL LAWU 39,67222,0335423045,smkraudlatulmalikiyah@yahoo.co.id,http://smkraudlatulmalikiyah.sch,B,525,319,206,19
20570831,SMKS BUSTANUL FALAH,SMK,SWASTA,Kab. Banyuwangi,Kec. Genteng,RAYA TEBU INDAH KEMBIRITAN,Krajan,68465,03335823571,smkbustanulfalahgenteng@gmail.com,http://www.smkbustanulfalahgenteng.sch.id,A,524,243,281,19
20527231,SMA NEGERI 1 PADEMAWU PAMEKASAN,SMA,NEGERI,Kab. Pamekasan,Kec. Pademawu,JL. RAYA MANDALA,Bunder Barat,69381,0324328795,smansapademawu1@gmail.com,http://sman1pademawu.sch.id,A,524,295,229,17
69947506,SMP NEGERI 55 SURABAYA,SMP,NEGERI,Kota Surabaya,Kec. Jambangan,Jl.Pagesangan Mulia,PAGESANGAN,60233,03182516950,smpn55sby@gmail.com,http://smpn55surabaya.webs.com/,A,523,270,253,18
20540038,SMP YPM 7 SIDOARJO,SMP,SWASTA,Kab. Sidoarjo,Kec. Sidoarjo,Jl. Raya Sarirogo 481 Sidoarjo,Sarirogo,61229,0318952055,smpypm7sidoarjo@yahoo.co.id,http://www.smpypm7.sch.id,A,522,274,248,16
20537498,SMKN PONCOL,SMK,NEGERI,Kab. Magetan,Kec. Poncol,JL. RAYA GENILANGIT PONCOL,Turus,63362,0351889422,smkn1_poncol@yahoo.co.id,https://smknponcol.sch.id,A,521,260,261,20
69861158,SMK SUMBER ILMU,SMK,SWASTA,Kab. Sidoarjo,Kec. Tulangan,Jl. Raya Kemantren,,61273,0318857001,smk.simutu@gmail.com,http://smksumberilmu-sda.scvh.id,B,521,193,328,16
20525681,SMP NEGERI 4 BANYUWANGI,SMP,NEGERI,Kab. Banyuwangi,Kec. Banyuwangi,Jl. Letkol Istiqlah 74 Banyuwangi,,68415,0333419761,smp4banyuwangi@gmail.com,http://www.smpn4banyuwangi.web.siap.go.id,B,520,270,250,17
20525621,SMKS PGRI 2 GIRI,SMK,SWASTA,Kab. Banyuwangi,Kec. Giri,JL. MAWAR NO. 16 BANYUWANGI,Penataban,68422,0333421754,smkgiri02@gmail.com,http://smkkdi.sch.id/,B,520,458,62,22
20521778,UPTD SPF SMP Negeri 1 Sukosari,SMP,NEGERI,Kab. Bondowoso,Kec. Sukosari,Jl. Sukosari Lor,Nangnangka Wetan,68287,0332321020,smpn1sukosari@gmail.com,http://,A,520,308,212,18
20574668,SMP ISLAMIC QON,SMP,SWASTA,Kab. Gresik,Kec. Manyar,"Jl. Rantau Gg. Masjid No. 1, GKB Manyar Gresik",GKB,61151,0313930977,smpislamicqon@yahoo.co.id,http://www.smpislamicqon.com,A,520,318,202,17
20547258,SMP PLUS AL FATIMAH BOJONEGORO,SMP,SWASTA,Kab. Bojonegoro,Kec. Bojonegoro,Jl. Pondok Bambu No. 01 Sukorejo,,62115,0353893488,smpplusalfatimahbjn@gmail.com,http://alfatimah.sch.id,A,518,0,518,17
20546843,SMP NEGERI 1 TONGAS,SMP,NEGERI,Kab. Probolinggo,Kec. Tongas,Bayeman,Krajan,67252,0335511162,smpn1tongas100@gmail.com,http://smpnegeri1tongas.sch.id,A,517,306,211,17
20532744,SMP KRISTEN PETRA 5 SURABAYA,SMP,SWASTA,Kota Surabaya,Kec. Wonocolo,Jalan Jemur Andayani XVII/2,,60236,0318495555,smppetra5@yahoo.com,http://smp5.pppkpetra.or.id,A,516,253,263,17
20521714,SMAN 1 PRAJEKAN,SMA,NEGERI,Kab. Bondowoso,Kec. Prajekan,JL. KHR. ASAD SYAMSUL ARIFIN,Sraten,68285,0332560420,sman1prjkn@gmail.com,http://www.sman1prajekan@sch.id,A,515,236,279,15
69991299,UPT SMP NEGERI 33 GRESIK,SMP,NEGERI,Kab. Gresik,Kec. Driyorejo,Perumahan Bukit Bambe,Bambe,61177,,smpn33gresik@yahoo.com,http://smpn33gresik.sch.id,B,515,252,263,15
20507700,SMKS MUHAMMADIYAH 3 DOLOPO,SMK,SWASTA,Kab. Madiun,Kec. Dolopo,RAYA DOLOPO NO. 838,-,63174,62351367636,smkm3dolopo@gmail.com,http://www.smkm3dolopo.sch.id,B,515,448,67,20
20521447,SMKS AL MALIKI SUKODONO,SMK,SWASTA,Kab. Lumajang,Kec. Sukodono,JL. PON PES. AL MALIKI 2,duren,67352,082333460857,smkalmaliki@gmail.com,http://www.smkalmalikisukodono.wordpress.com,B,514,331,183,21
20521410,SMP NEGERI 1 TEMPURSARI,SMP,NEGERI,Kab. Lumajang,Kec. Tempursari,Jl Raya Tempursari,Sumoroto,67375,,smpn01tempursari@gmail.com,http://,A,514,248,266,18
69964362,SMK UBP NURUL ISLAM,SMK,SWASTA,Kab. Mojokerto,Kec. Pungging,"Dsn. Guwo, Ds. Jabontegal","Dsn. Guwo, Ds. Jabontegal",61380,03215199661,smk.ubp.nuris@gmail.com,http://www.smk.nuris.id,A,514,315,199,16
20531194,UPTD SMP NEGERI 1 KWANYAR,SMP,NEGERI,Kab. Bangkalan,Kec. Kwanyar,Jl. Raya Dlemer No.08 Kwanyar,Pesanggrahan,69164,0,smpnkwanyar1@gmail.com,http://smpn1kwanyar.bangkalankab.sch.id,A,513,295,218,16
20538337,SMK MUHAMMADIYAH 1 NGANJUK,SMK,SWASTA,Kab. Nganjuk,Kec. Nganjuk,JL. CITARUM NO. 22-24 NGANJUK,-,64412,0358322003,smkmuh1nganjuk@gmail.com,http://www.smkmuh1nganjuk.sch.id,A,513,486,27,26
20522712,SMP NEGERI 1 BANYUPUTIH,SMP,NEGERI,Kab. Situbondo,Kec. Banyuputih,Jalan Raya Banyuputih,DUSUN CURAHTEMU,68374,0338451050,smpnsatubanyuputih@gmail.com,http://www.smpn1banyuputih.sch.id,A,513,293,220,17
20511923,SMK PGRI KRAS,SMK,SWASTA,Kab. Kediri,Kec. Kras,JL. Raya Desa Kras,Kras,64172,03544740750,krassmkpgri@gmail.com,http://www.smkspgrikras.sch.id,B,512,439,73,19
69831492,SMP ISLAM BUSTANUL HIKMAH,SMP,SWASTA,Kab. Lamongan,Kec. Kembangbahu,Desa Dumpiagung,Dumpiagung,62282,03224670322,smpi.bustanulhikmah@gmail.com,http://smpi.bustanulhikmah.sch.id,A,512,268,244,17
20554028,SMKS AL MIFTAH PALENGAAN,SMK,SWASTA,Kab. Pamekasan,Kec. Palengaan,JL. RAYA PALENGAAN KM 11 Pamekasan,Dusun Barat,69362,081937266659,smkalmiftahpmk@gmail.com,http://smkalmiftah.sch.id,B,512,359,153,19
20534164,SMPN 8,SMP,NEGERI,Kota Madiun,Kec. Kartoharjo,Jl. Pilang Mulya No. 20,PILANGBANGO,63119,0351452554,daporespenden@gmail.com,http://smpn8madiun.sch.id,A,512,290,222,18
20534153,SMPN 10,SMP,NEGERI,Kota Madiun,Kec. Taman,JL. DAWUHAN NO. 10 MADIUN,Banjarejo,63137,0351463346,smp10.madiun@yahoo.co.id,http://smpn10madiun.sch.id,A,512,277,235,17
20505093,UPT SMP NEGERI 1 GRABAGAN,SMP,NEGERI,Kab. Tuban,Kec. Grabagan,Jln. Raya Grabagan-Tuban No. 96,GENENG,62373,03568810035,smpn1grabagan_tbn@yahoo.co.id,http://,A,511,262,249,15
20514365,SMKN 1 BAKUNG,SMK,NEGERI,Kab. Blitar,Kec. Bakung,JL. YOS SUDARSO BAKUNG,BAKUNG,66163,0,smkn1bakung@gmail.com,http://smkn1bakung.sch.id,A,510,283,227,18
69947216,SMP IT BAITUL QURAN AL JAHRA,SMP,SWASTA,Kab. Magetan,Kec. Magetan,Rt 02 Rw 04 Tawanganom,Tawanganom,63313,0351891511,baitulquran.aljahra@gmail.com,http://www.baitulquran-magetan.sch.id/,A,510,239,271,17
20515502,SMP N 3 NGUNUT,SMP,NEGERI,Kab. Tulungagung,Kec. Ngunut,Jalan Adil   No. 52 Ngunut,LK. 10,66292,0355395096,smpn3_ngunut@yahoo.co.id,http://,A,510,286,224,18
20528596,SMPS NAZHATUT THULLAB,SMP,SWASTA,Kab. Sampang,Kec. Camplong,Jl. Raya Prajjan,Prajjan Laok,69281,03237720444,smpnazhatutthullab019@gmail.com,http://www.nata.ponpes.id,A,509,246,263,16
20532131,SMAS KATOLIK FRATERAN,SMA,SWASTA,Kota Surabaya,Kec. Krembangan,JL. KEPANJEN NO. 8,Krembangan Selatan,60175,0313524901,smak@frateran.sch.id,http://frateran.sch.id,A,509,251,258,15
20506289,SMKS PGRI SUKODADI,SMK,SWASTA,Kab. Lamongan,Kec. Sukodadi,JL. PUD MENONGO NO. 1 ,-,62253,0322390580,smkspgrisukodadi97@gmail.com,http://www.smkpgrisukodadi.sch.id,B,508,389,119,19
20546827,SMP NEGERI 1 BESUK,SMP,NEGERI,Kab. Probolinggo,Kec. Besuk,Jl. Raya Besuk,Krajan,67283,0335841640,smpn1besuk@gmail.com,http://smpn1besuk.sch.id,A,508,300,208,16
20500486, UPT SMP NEGERI 7 GRESIK,SMP,NEGERI,Kab. Gresik,Kec. Sangkapura,Jalan Wiyatamandala No.2,Bangkalan,61181,0325421006,smpn1skp@yahoo.co.id,http://smpn1skp.wordpress.com,A,507,259,248,17
69929178,SMKS MUHAMMADIYAH 5,SMK,SWASTA,Kab. Jember,Kec. Kencong,JL. Rowogempol Igir-igir,Krajan,68167,03364140325,smkmu5kencong@gmail.com,http://www.smkmuliajember.sch.id,B,507,314,193,17
20564085,SMKS ISLAM KALIPARE,SMK,SWASTA,Kab. Malang,Kec. Kalipare,JL. TRISULA 21,Lodalem,65166,03412992566,smk.islam.kalipare@gmail.com,http://smkislamkalipare.sch.id,A,507,286,221,18
20517563,SMP TAMANSISWA TUREN,SMP,SWASTA,Kab. Malang,Kec. Turen,Jl. P. Sudirman No. 37 Turen,,65175,0341824172,smptamansiswaturen@gmail.com,http://smptamansiswaturen.mysch.id,A,507,257,250,17
20542495,SMAN 1 DONGKO,SMA,NEGERI,Kab. Trenggalek,Kec. Dongko,JL. RAYA DONGKO NO. 99,Krajan,66363,611094,smando1trenggalek@gmail.com,http://sman1dongko.sch.id,A,507,207,300,15
20533809,SMKS PGRI 2 MALANG,SMK,SWASTA,Kota Malang,Kec. Sukun,JL. JANTI BARAT BLOK A MALANG,BANDUNGREJOSARI,65148,0341801410,smkpgri2kotamalang@gmail.com,www.smkpgri2malang.sch.id,A,507,257,250,17
20532767,SMP GEMA 45 SURABAYA,SMP,SWASTA,Kota Surabaya,Kec. Sawahan,Jl. Mayjend. Sungkono No. 106 Surabaya,PAKIS,60256,0315621571,smpgema@yahoo.com,http://smpgema.wordpress.com/,A,507,257,250,15
20517831,SMAS ISLAM AL-MAARIF SINGOSARI,SMA,SWASTA,Kab. Malang,Kec. Singosari,JL. MASJID NO. 28,PAGENTAN,65153,0341458689,smaialmaarif@yahoo.com,http://www.smais.sch.id,A,506,207,299,16
20527201,SMP NEGERI 3 PAMEKASAN,SMP,NEGERI,Kab. Pamekasan,Kec. Pamekasan,Jl. Bahagia No. 6,Bugih,69316,0324322387,smpn3_pmksan@yahoo.co.id,http://,A,506,282,224,17
20522692,SMP NEGERI 5 SITUBONDO,SMP,NEGERI,Kab. Situbondo,Kec. Situbondo,Jl. PB. Sudirman No. 01,Karang Asem,68312,0338671662,admin@smpn5situbondo.sch.id,http://smpn5situbondo.sch.id,A,506,252,254,17
20574853,SMKS ISLAM ASSALAM JAMBEWANGI,SMK,SWASTA,Kab. Blitar,Kec. Selopuro,DESA JAMBEWANGI,Krajan,66185,085646715996,smkiassalam@gmail.com,http://,B,505,301,204,21
20554608,SMP ISLAM BRAWIJAYA TROWULAN,SMP,SWASTA,Kab. Mojokerto,Kec. Trowulan,Jl. Jayanegara No 04,Nglinguk,61362,0321492727,smp_islam_brawijaya_trw@yahoo.com,http://www.smpibrawijaya.wordpress.com,B,505,293,212,17
20510946,SMP NEGERI 3 NGADIROJO,SMP,NEGERI,Kab. Pacitan,Kec. Ngadirojo,"Desa Hadiwarno, Kec. Ngadirojo, Kab. Pacitan",Damas,63572,0357441472,smpn3.ngadirojo.pct@gmail.com,http://www.sempega.hol.es,A,505,250,255,18
20570660,SMK RAUDLATUL JANNAH,SMK,SWASTA,Kab. Probolinggo,Kec. Gending,JL. Raya. Klaseman,-,67272,0335841333,smkradja@yahoo.co.id,http://smkraudlatuljannah.sch.id,C,505,308,197,15
20525637,SMP NEGERI 2 SILIRAGUNG,SMP,NEGERI,Kab. Banyuwangi,Kec. Siliragung,Jl. A. Yani 42,Senepolor,68488,0333715276,smpduasiliragung@gmail.com,http://-,A,504,267,237,17
20521706,SMKN 1 MAESAN,SMK,NEGERI,Kab. Bondowoso,Kec. Maesan,JL. RAYA SUKOWONO,-,68262,0332426280,smknsatumaesan@yahoo.co.id,http://smkn1maesan.sch.id,B,504,367,137,16
20523903,UNIT PELAKSANA TEKNIS DAERAH (UPTD) SATUAN PENDIDIKAN SMPN 3 TANGGUL,SMP,NEGERI,Kab. Jember,Kec. Tanggul,Jl. Pb Sudirman No.30 Tanggul,Tanggul Wetan,68155,0336441211,smpn3tanggul@yahoo.co.id,http://,A,504,254,250,17
20532501,SMP MUHAMMADIYAH 13,SMP,SWASTA,Kota Surabaya,Kec. Tambaksari,Tambak Segaran 27,Tambak Segaran,60135,0313772661,smpmuh_13sby@yahoo.com,http://www.smpmuh13sby.sch.id/,A,504,266,238,16
20566158,SMK AL IKHLAS TAROKAN,SMK,SWASTA,Kab. Kediri,Kec. Tarokan,JL SRIWIJAYA DS. KALIBOTO KEC. TAROKAN KAB. KEDIRI,KALIBOTO,64152,03546022040,alikhlas.smk@gmail.com,http://smkalikhlastarokan.sch.id,B,503,321,182,16
69965070,SMA THURSINA IIBS,SMA,SWASTA,Kab. Malang,Kec. Dau,JL. TIRTO SENTONO NO. 15 RT. 3 RW. 8 DUSUN KLANDUNGAN,landungsari,65152,0341463838,sma.tazkia.iibs@gmail.com,https://thursinaiibs.sch.id/,A,503,267,236,16
69816338,SMKS PESANTREN TERPADU,SMK,SWASTA,Kab. Mojokerto,Kec. Dlanggu,Jl. Pondok No. 55,Ngembeh,61371,03216830851,smkpesantren@gmail.com,http://www.smkpesantrenku.sch.id,B,503,248,255,17
20508524,SMP NEGERI 1 BRINGIN,SMP,NEGERI,Kab. Ngawi,Kec. Bringin,Jl. Krompol - Bringin,Winong,63285,08113022422,smp_1bringin@yahoo.co.id,http://,A,503,283,220,18
20523865,UNIT PELAKSANA TEKNIS DAERAH (UPTD) SATUAN PENDIDIKAN SMPN 1 SUMBERJAMBE,SMP,NEGERI,Kab. Jember,Kec. Sumberjambe,Jl. Sukosari No. 10 Cumedak,Krajan,68195,0331593721,smpn1sumberjambe@gmail.com,http://WWW.SMPN1SUMBERJAMBE.COM,A,502,266,236,18
20525734,SMP NEGERI 1 WONGSOREJO,SMP,NEGERI,Kab. Banyuwangi,Kec. Wongsorejo,Jl. PB. Sudirman No. 13,Krajan,68453,,smpnwongsorejo1@gmail.com,http://https://smpn1wongsorejo.sch.id,A,501,296,205,17
20521776,UPTD SPF SMP Negeri 1 Tapen,SMP,NEGERI,Kab. Bondowoso,Kec. Tapen,Jl. Raya Cindogo - Tapen,Krajan Lama,68283,0332427928,smpn1tapen_bws@yahoo.co.id,http://,A,501,289,212,20
20503506,SMP NEGERI 1 MEGALUH,SMP,NEGERI,Kab. Jombang,Kec. Megaluh,"Jl. Raya Megaluh, Dsn Paritan",Paritan,61457,03218491621,smpn1.megaluh@gmail.com,http://smpn1megaluh.sch.id,A,501,251,250,16
69761920,SMKS SUNAN KALIJOGO JABUNG,SMK,SWASTA,Kab. Malang,Kec. Jabung,JL. Keramat Sukolilo Jabung,Gandon Timur,65155,0341792669,smksunankalijogojabung@gmail.com,http://,B,501,263,238,19
20546826,SMP NEGERI 1 BANYUANYAR,SMP,NEGERI,Kab. Probolinggo,Kec. Banyuanyar,Jl. Klenang Lor 75,Sekolahan,67275,0335611069,smpn1banyuanyar@yahoo.com,http://smpn1banyuanyar.sch.id,A,501,299,202,18
20539366,SMKN 2 SITUBONDO,SMK,NEGERI,Kab. Situbondo,Kec. Situbondo,"Jl. Sucipto, No. 163",Timur,68315,03383892569,info@smkn2situbondo.sch.id,http://www.smkn2situbondo.sch.id,B,501,285,216,22
20522711,SMP NEGERI 1 BANYUGLUGUR,SMP,NEGERI,Kab. Situbondo,Kec. Banyuglugur,Jl. Raya Kalianget No. 264,Kalianget,68359,0338891249,banyuglugur1@gmail.com,http://www.smpnegeri1banyuglugur.blogspot.com,A,501,267,234,17
20508547,SMP NEGERI 1 KENDAL,SMP,NEGERI,Kab. Ngawi,Kec. Kendal,Jl. Raya Kendal,Ngijo,63261,730032,smpn1kendalngawi@gmail.com,http://smpn1kendalngawi.com,A,500,260,240,17
20531191,UPTD SMP NEGERI 1 SEPULU,SMP,NEGERI,Kab. Bangkalan,Kec. Sepulu,Jl. Raya Sepulu 89,-,69154,081332023668,smpn1sepulu@gmail.com,http://www.smpn1sepulu.sch.id,A,499,263,236,18
69985403,SMPS ISLAM AS-SIRAJUL MUNIR,SMP,SWASTA,Kab. Sampang,Kec. Banyuates,Dusun Senneng,Senneng,69263,085655999495,smpi.assirajulmunir@gmail.com,http://https://:smpiassirajulmunir@blogspot.com,B,499,261,238,18
20540179,SMKS MUHAMMADIYAH 4 GLENMORE,SMK,SWASTA,Kab. Banyuwangi,Kec. Glenmore,JL. RAYA PASAR NO. 45 GLENMORE,Sepanjang,68466,822981,smksmuhammadiyah04glenmore@gmail.com,http://www.smkmuhammadiyah4glenmore.sch.id,A,498,288,210,19
20514367,SMKS PEMUDA 3 KESAMBEN BLITAR,SMK,SWASTA,Kab. Blitar,Kec. Kesamben,JL. BROMO NO. 15 KESAMBEN,KESAMBEN,66191,0342332712,smkp3.kesamben@gmail.com,http://www.smkp3kesamben.web.id,A,498,286,212,17
69727395,SMP NEGERI 3 NGRONGGOT,SMP,NEGERI,Kab. Nganjuk,Kec. Ngronggot,"Desa Klurahan, Kec. Ngronggot, Kode Pos 64395 Kab. Nganjuk ,jawa",Klurahan,64395,0358773358,uptdsmpn3ngronggot@gmail.com,http://,A,498,280,218,17
20554408,SMPN 3 PURWODADI,SMP,NEGERI,Kab. Pasuruan,Kec. Purwodadi,Dusun Gunting RT 1 RW 7,GUNTING,67163,,smpntigapurwodadi@gmail.com,http://,A,498,265,233,16
20532492,SMP SANTA MARIA,SMP,SWASTA,Kota Surabaya,Kec. Tegal Sari,Jl. Raya Darmo 49,Dinoyo,60265,0315665064,smp.sanmarosu@yahoo.com,http://www.smp.sanmarosu.org,A,497,265,232,15
20541243,SMA NEGERI 1 TAMBAKREJO BOJONEGORO,SMA,NEGERI,Kab. Bojonegoro,Kec. Tambakrejo,JL. RAYA TAJI NGAMBON,BAKALAN,62166,,sman1tambakrejobjn@gmail.com,http://www.sman1tambakrejo.sch.id,A,496,234,262,14
20539989,SMP MUHAMMADIYAH 2 TAMAN,SMP,SWASTA,Kab. Sidoarjo,Kec. Taman,Jl. Belakang Pasar Lama 135 Sepanjang,WONOCOLO,61257,0317881554,smpmduta_788@yahoo.com,http://www.smpmuh2taman.sch.id,A,496,241,255,17
69886256,SMA AL-MURSYIDIYAH,SMA,SWASTA,Kab. Bangkalan,Kec. Kokop,DUSUN GRESIK DESA TLOKOH Kec. Kokop Kab Bangkalan,Gersik,69155,085334333590,smaalmursyidiyah@yahoo.co.id,http://,C,495,280,215,12
20521764,UPTD SPF SMP Negeri 2 Tamanan,SMP,NEGERI,Kab. Bondowoso,Kec. Tamanan,Tamanan,Kalianyar Selatan,68263,03317717404,tamanansmpn02@gmail.com,-,A,495,290,205,17
20574693,SMP NEGERI 51 SURABAYA,SMP,NEGERI,Kota Surabaya,Kec. Wiyung,Jl. Raya Balas klumprik No.125,Balas Klumprik,60222,0317662510,smpn51sby@gmail.com,http://smpn51sby.blogspot.com/,A,494,267,227,17
20558760,SMKS NAHDLATUTH THALABAH WULUHAN,SMK,SWASTA,Kab. Jember,Kec. Wuluhan,JL. K.H. IMAM BUKHORI ,DEMANGAN,68162,0336881400,smkyasinat@yahoo.co.id,http://smkyasinat.sch.id,B,493,230,263,18
20564315,SMK ISLAM KUNJANG,SMK,SWASTA,Kab. Kediri,Kec. Kunjang,DS KUWIK KEC. KUNJANG,PRAYUNGAN,64156,03543101311,smkislamkunjang@gmail.com,http://smkislamkunjang.sch.id,B,493,350,143,18
20521452,SMKN TEMPURSARI,SMK,NEGERI,Kab. Lumajang,Kec. Tempursari,JL. RAYA TEMPURSARI,Sumoroto,67375,081357376143,info@smknegeritempursari.sch.id,https://www.smknegeritempursari.sch.id/,A,493,296,197,18
20511841,UPTD SMPN 1 Kayen Kidul,SMP,NEGERI,Kab. Kediri,Kec. Kayen Kidul,Jl. Balai Desa Sukoharjo,Sukoharjo,64183,085649499604,smpn1kayenkidul@gmail.com,http://www.smpn1kayenkidul.sch.id,A,492,273,219,17
20584034,SMK NEGERI ROWOKANGKUNG,SMK,NEGERI,Kab. Lumajang,Kec. Rowokangkung,JL. MAYJEN SOEKERTIYO ROWOKANGKUNG,Sumbersari,67359,0334392049,smknrowo1@yahoo.co.id,http://www.smknrowo.sch.id,B,492,283,209,18
20511005,SMAN PUNUNG,SMA,NEGERI,Kab. Pacitan,Kec. Punung,JL. RAYA SOLO NO. 27,THEKIL,63553,0357511030,smanegeripunung@gmail.com,http://https://www.smanpunung.sch.id/,A,492,198,294,15
20510968,SMP NEGERI 1 NAWANGAN,SMP,NEGERI,Kab. Pacitan,Kec. Nawangan,Jl. Jend. Sudirman No. 3 Pakisbaru,Krajan,63584,0357371038,smp1nawangan@gmail.com,http://smp1nawangan.wordpress.com,A,492,235,257,17
20514423,UPT SMP NEGERI 2 DOKO,SMP,NEGERI,Kab. Blitar,Kec. Doko,Rt. 02 Rw. 02,GENENGAN,66186,0342693497,smpn2doko.blitar@gmail.com,http://www.smpn2doko.sch.id,A,491,277,214,16
20511872,UPTD SMPN 2 Semen,SMP,NEGERI,Kab. Kediri,Kec. Semen,Jl Sidorejo RT 003/002,Sidorejo,64161,6285731481037,smp2semen@gmail.com,http://smpnegeri2semen.mysch.id,A,491,273,218,16
20554786,SMKN 1 PITU,SMK,NEGERI,Kab. Ngawi,Kec. Pitu,Jl. Raya Ngancar Ngawi KM. 15,Ngancar,63252,03514477637,smkn1pitungawi@yahoo.co.id,http://www.smkn1pitu.sch.id.,A,491,271,220,15
20577334,SMKS GIKI 1 SURABAYA,SMK,SWASTA,Kota Surabaya,Kec. Dukuh Pakis,JL. DUKUH KUPANG UTARA I/2 SURABAYA,Simolangit,60256,0315660828,smk_giki@yahoo.com,http://www.smk-giki1sby.sch.id,A,491,218,273,16
20531145,SMA NEGERI 1 BLEGA BANGKALAN,SMA,NEGERI,Kab. Bangkalan,Kec. Blega,JL. RAYA BLEGA,BLEGA,69174,3041027,smansagakurikulum@gmail.com,http://www.sman1blega.sch.id/,A,490,264,226,15
20521807,UPTD SPF SMP Negeri 1 Prajekan,SMP,NEGERI,Kab. Bondowoso,Kec. Prajekan,"JL. RAYA SITUBONDO, PRAJEKAN - BONDOWOSO",PRAJEKAN KIDUL,68285,0332560405,smppra_1bo@yahoo.co.id,http://www.smpn1prajekan.sch.id,A,490,252,238,17
20503464,SMP NEGERI 1 PLANDAAN,SMP,NEGERI,Kab. Jombang,Kec. Plandaan,Jalan Bangsri No. 38,Bangsri,61456,0321888238,smpnsiji.1plandaan@gmail.com,http://,A,490,269,221,17
20554159,SMKN 1 TAPEN,SMK,NEGERI,Kab. Bondowoso,Kec. Tapen,JL. RAYA KAWAH IJEN NO 99,-,68283,0332423420,smkn.tapen@yahoo.com,http://smkn1tapen.sch.id,A,489,321,168,21
69972067,SMK NEGERI 1 PANGGUL,SMK,NEGERI,Kab. Trenggalek,Kec. Panggul,Jl.Raya Panggul - Dongko RT.04/RW.02 ,Nglebeng,66364,082242797824,smkn1panggul.dik@gmail.com,http://www.smkn1panggul.sch.id,B,489,274,215,17
20508506,SMP NEGERI 2 KARANGJATI,SMP,NEGERI,Kab. Ngawi,Kec. Karangjati,Jl. Raya Caruban Ngawi,Sawo 1,63284,0351661062,smpnegeri2karangjati@gmail.com,http://,A,488,252,236,17
69978077,SMK DARUL ULUM II AL - WAHIDIYAH,SMK,SWASTA,Kab. Sampang,Kec. Omben,PP. Darul Ulum II Al Wahidiyah,Dusun Sar Ganding,69291,085230191817,smkdarululum2alwahidiyah@gmail.com,http://darululum2.blogspot.co.id,B,488,206,282,15
20539365,SMKN 1 SITUBONDO,SMK,NEGERI,Kab. Situbondo,Kec. Situbondo,JL. BALURAN NO.17,,68315,0338678217,smk1situbondo@gmail.com,http://www.smkn1situbondo.sch.id,A,488,405,83,27
69978683,SMK NEGERI WONOSARI,SMK,NEGERI,Kab. Malang,Kec. Wonosari,Jl. Sumberingin No. 05,Sumberingin,65164,081252029907,smkn1.wonosari.kawi@gmail.com,http://smkn01wonosari.wixsite.com/home,B,487,264,223,16
20501865,SMAS YPM 2 SUKODONO,SMA,SWASTA,Kab. Sidoarjo,Kec. Sukodono,JL. RAYA PANJUNAN,PANJUNAN,61258,0317871568,smaypmsukodono@gmail.com,http://smaypm2.sch.id,A,487,163,324,12
20541357,SMP NEGERI 1 KAPAS,SMP,NEGERI,Kab. Bojonegoro,Kec. Kapas,Jl. Desa Plesungan Kec. Kapas Kab. Bojonegoro Kode Pos 62181,Plesungan,62181,08113108310,smpsatukps@gmail.com,http://,A,486,276,210,16
20517562,SMP SUNAN AMPEL,SMP,SWASTA,Kab. Malang,Kec. Poncokusumo,Jl. Subandi No.59 Wonomulyo Poncokusumo Malang,Wates,65157,0341789233,smpsunamp@gmail.com,http://www.smpnusa.sch.id,A,486,294,192,15
20504483,SMKN TEMAYANG,SMK,NEGERI,Kab. Bojonegoro,Kec. Temayang,JL. RAYA TEMAYANG KM.26,KRAJAN II,62184,08113514706,smkntemayang.bjn@gmail.com,http://,A,485,278,207,18
20517837,SMAS ISLAM KEPANJEN,SMA,SWASTA,Kab. Malang,Kec. Kepanjen,JL. DIPONEGORO NO.152 ARDIREJO,BANGSRI,65163,0341395840,sma.islam.kepanjen@gmail.com,http://www.smaisaka.sch.id,A,485,153,332,14
20522720,SMP NEGERI 1 BESUKI,SMP,NEGERI,Kab. Situbondo,Kec. Besuki,Jl. Pesanggrahan No. 01,Sagaran,68356,03388956806,ssn_smpn1besuki@ymail.com,http://www.smpn1besuki-stb.sch.id,A,485,275,210,16
20539247,SMKS SIANG 1 STM SURABAYA,SMK,SWASTA,Kota Surabaya,Kec. Sukomanunggal,JL. SIMOGUNUNG BARAT TOL I/61,SIMOMULYO BARU,60181,0317313771,stms_siang@yahoo.com.au,http://www.stmsiang.com,B,485,470,15,17
20558461,UNIT PELAKSANA TEKNIS DAERAH (UPTD) SATUAN PENDIDIKAN SMPN 2 JENGGAWAH,SMP,NEGERI,Kab. Jember,Kec. Jenggawah,Jl. Flamboyan,Krajan Tengah,68171,03317591380,smpn2jenggawah@yahoo.com,http://,B,484,238,246,15
20562769,SMP AR ROHMAH PUTRI,SMP,SWASTA,Kab. Malang,Kec. Dau,JL. RAYA JAMBU NO. 01 DS. SUMBERSEKAR,SEMANDING,65151,087859073468,smparrohmahputrimalang@gmail.com,http://https://www.arrohmah.co.id,A,484,0,484,16
20517439,SMP ISLAM NGEBRUK,SMP,SWASTA,Kab. Malang,Kec. Sumberpucung,Jl. Raya No. 48  Ngebruk Sumberpucung,NGEBRUK,65165,034385358,smpislam.ngebruk48@gmail.com,http://www.smpislam-ngebruk48.blogspot.com,A,484,247,237,16
20510149,SMAN 1 SLAHUNG,SMA,NEGERI,Kab. Ponorogo,Kec. Slahung,JL. RAYA BUNGKAL NO. 24,MARON,63463,0352371160,sma1_slahung@yahoo.co.id,http://sman1slahung.sch.id,A,484,216,268,16
20532377,SMAS BARUNAWATI,SMA,SWASTA,Kota Surabaya,Kec. Pabean Cantian,JL. PERAK BARAT  173,-,60165,0313295548,smabarunawatisby@gmail.com,http://www.smabarunawatisby.sch.id,A,484,200,284,15
20523876,UNIT PELAKSANA TEKNIS DAERAH (UPTD) SATUAN PENDIDIKAN SMPN SUKORAMBI,SMP,NEGERI,Kab. Jember,Kec. Sukorambi,Jl. Brigjen Syafiudin No. 09,MANGGIS,68151,0331421930,smpn_sukorambi_jember@yahoo.co.id,http://smpsukorambi.blogspot.com,A,483,272,211,16
20539813,SMK AL BASTHOMI LOCERET,SMK,SWASTA,Kab. Nganjuk,Kec. Loceret,JL. MOJOSARI -NGEPEH,MOJOSARI,64471,03583514008,smkalbasthomi.loceret1@gmail.com,http://https://www.smkalbasthomi.sch.id,A,482,351,131,17
20542438,SMP NEGERI 1 SURUH,SMP,NEGERI,Kab. Trenggalek,Kec. Suruh,Jl. Semboja Dusun Krajan RW. 18 RW. 07,Krajan,66361,,smpnsatu.suruh@yahoo.co.id,http://,A,482,269,213,16
20532766,SMP GIKI 1,SMP,SWASTA,Kota Surabaya,Kec. Dukuh Pakis,Jl. Dukuh Kupang Utara I/2,Jl. Dukuh Kupang Utara,60255,5674246,spegisa@gmail.com,http://https://smpgiki1sby.sch.id/,A,482,225,257,15
20532758,SMP GIKI 2 SURABAYA,SMP,SWASTA,Kota Surabaya,Kec. Gubeng,Jl. Raya Gubeng 45 Surabaya,Gubeng,60281,0315035581,smp.giki2.gubeng@gmail.com,http://,A,482,238,244,15
20532389,SMAS IPIEMS,SMA,SWASTA,Kota Surabaya,Kec. Mulyorejo,JL RAYA MENUR 125 SURABAYA,-,60116,5993014,info@sma-ipiems-sby.sch.id,http://smaipiemssurabaya.sch.id/,A,482,234,248,14
20555647,SMK NU PACE,SMK,SWASTA,Kab. Nganjuk,Kec. Pace,JL. KH. WACHID HASYIM,Dadaban,64472,0358331056,smknu_pace@yahoo.com,http://smknupace.sch.id,B,481,314,167,17
20534374,SMP WAHIDIYAH KOTA KEDIRI,SMP,SWASTA,Kota Kediri,Kec. Mojoroto,Jl.KH. Wahid Hasyim Ponpes Kedunglo Bandar Lor Mojoroto Kota Kediri,BANDAR LOR,64114,0354776202,smpwakediri@gmail.com,http://,A,481,207,274,17
69989236,SMK BUDI UTOMO KERTOSONO,SMK,SWASTA,Kab. Nganjuk,Kec. Kertosono,Jl. Supriyadi No. 41,Kudu,64312,03585502907,smkbudiutomo.kertosono@gmail.com,http://smkbudiutomokertosono.sch.id/,A,480,235,245,16
20536826,SMKN 2 BATU,SMK,NEGERI,Kota Batu,Kec. Bumiaji,Jl. Raya Pandanrejo 39 A Pandanrejo,Kajar,65332,03415025591,official@smkn2batu.sch.id,http://www.smkn2batu.sch.id,A,480,252,228,21
69899755,SMP MAMBAUL HISAN,SMP,SWASTA,Kab. Blitar,Kec. Gandusari,Desa Gondang Kecamatan Gandusari,Dsn. Gondang,66187,085876149999,smpmambaulhisan@gmail.com,http://https://smpmh.sch.id,B,479,250,229,16
70024516,SMP Islam Al-Ikhlas Karasan,SMP,SWASTA,Kab. Magetan,Kec. Kartoharjo,Dsn Karasan Desa Kartoharjo Kab. Magetan,,,,,http://,A,479,269,210,16
20508539,SMP NEGERI 1 SINE,SMP,NEGERI,Kab. Ngawi,Kec. Sine,Jalan Raya Sine  No. 01,sine,63264,0351611027,smpn_1sine@yahoo.co.id,http://www.smpn1sine.sch.id,A,479,260,219,17
20540100,SMKS MUHAMMADIYAH 2 TAMAN,SMK,SWASTA,Kab. Sidoarjo,Kec. Taman,JL. RAYA SAWUNGGALING 121,-,61257,0317874212,smkmuh2taman@gmail.com,http://www.smkmuh2taman.sch.id,A,479,401,78,18
20505100,UPT SMP NEGERI 2 SEMANDING,SMP,NEGERI,Kab. Tuban,Kec. Semanding,Desa Genaharjo,Gemanting,62381,088217950525,smpn2smd.tuban@gmail.com,http://smpn2semanding.sch.id,A,479,261,218,14
20564057,SMK IPIEMS,SMK,SWASTA,Kota Surabaya,Kec. Mulyorejo,JL. RAYA MENUR NO. 125 SURABAYA,-,60116,0315949790,smkipiems@gmail.com,http://www.smk-ipiems.sch.id,A,479,216,263,18
20567071,SMKS AL BADRI KALISAT,SMK,SWASTA,Kab. Jember,Kec. Kalisat,JL. ARJASA KALISAT NO.50 GUMUKSARI,Krajan,68193,081231966646,smkalbadri.tkj@gmail.com,http://www.smkalbadri.sch.id,B,478,274,204,16
20511933,UPTD SMPN 3 Grogol,SMP,NEGERI,Kab. Kediri,Kec. Tarokan,Ds. Bulusari Kec. Tarokan Kab. Kediri,Bulusari,64152,0354777509,smpngrogol3@gmail.com,http://www.smpn3grogol.sch.id,A,478,254,224,15
20535445,UPT SMP NEGERI 3,SMP,NEGERI,Kota Pasuruan,Kec. Panggungrejo,Jl. Ra Kartini No.9,,67111,0343426381,smpn3pasuruan@gmail.com,http://www.smpn3pasuruan.sch.id,A,478,246,232,15
20570156,SMP NEGERI MODEL TERPADU BOJONEGORO,SMP,NEGERI,Kab. Bojonegoro,Kec. Kapas,JL. RAYA SUKOWATI,,62181,03533410034,bojonegoro.smpnmt@gmail.com,http://www.smpnmtbojonegoro.sch.id,A,477,243,234,15
20517453,SMP ISLAM ALMAARIF 01 SINGOSARI,SMP,SWASTA,Kab. Malang,Kec. Singosari,Jl. Ronggolawe No. 19 RT 07 RW 03 ,,65153,0341458346,smpialmaarif01sgs@gmail.com,http://www.smpialmaarif01sgs.sch.id,A,477,234,243,15
20522693,SMP NEGERI 4 SITUBONDO,SMP,NEGERI,Kab. Situbondo,Kec. Situbondo,Jl. Wr. Supratman No 17 Situbondo,LMU,68312,0338671259,admin@smp4situbondo.sch.id,http://www.smp4situbondo.sch.id,A,476,253,223,15
20532721,SMP KHADIJAH,SMP,SWASTA,Kota Surabaya,Kec. Wonokromo,JL. A. YANI NO. 2 - 4 SURABAYA,WONOKROMO,60243,0318292851,smpkhadijah@ymail.com,http://www.smpkhadijah.com,A,476,229,247,16
20541355,SMP NEGERI 1 GONDANG,SMP,NEGERI,Kab. Bojonegoro,Kec. Gondang,Dk. Tliweng Ds. Senganten Gondang,TLIWENG,62173,082228860552,smpnegeri1gondang@gmail.com,http://smpn1gondangbjg.sch.id,A,475,255,220,16
20503481,SMP NEGERI 2 PLOSO,SMP,NEGERI,Kab. Jombang,Kec. Ploso,Jl. Sumatra No.06,Gedang,61453,0321888294,smpn2plosojombang@yahoo.co.id,http://www.smpn2plosojombang.sch.id,B,475,271,204,15
20507745,SMP N 2 NGLAMES,SMP,NEGERI,Kab. Madiun,Kec. Madiun,Jl. Raya Sendangrejo,Butuh,63151,0351499049,smpn2_nglames@yahoo.co.id,http://smpn2nglames.sch.id,A,475,230,245,16
20535447,UPT SMP NEGERI 11,SMP,NEGERI,Kota Pasuruan,Kec. Gadingrejo,Jl. Halmahera IX/68 Pasuruan,,67134,0343427416,smpnegeri11pasuruan@gmail.com,http://www.smpn11pasuruan.sch.id,B,475,283,192,16
20537275,SMP NEGERI 1 PAGERWOJO,SMP,NEGERI,Kab. Tulungagung,Kec. Pagerwojo,Jl. Raya Pagerwojo,Pabyongan,66262,,smpn1pagerwojo@gmail.com,http://,A,474,244,230,15
20521708,SMAN TAMANAN,SMA,NEGERI,Kab. Bondowoso,Kec. Tamanan,JL. SUKOWONO  108,TAMANAN,68263,0332426706,smatamanan@google.com,http://www.smantamanan.sch.id,A,473,221,252,15
20503447,SMP NEGERI 2 GUDO,SMP,NEGERI,Kab. Jombang,Kec. Gudo,GEMPOLLEGUNDI,Balongkebek,61463,0321862383,smpnduagudo@gmail.com,http://smpnduagudo.sch.id,A,473,251,222,15
20503443,SMP NEGERI 2 KABUH,SMP,NEGERI,Kab. Jombang,Kec. Kabuh,Dusun Karangdon RT. 01 RW. 01,Karangdon,61455,03216835072,smpn2.kabuh@gmail.com,http://smpn2kabuh.sch.id,A,473,275,198,15
20506250,SMK NEGERI 1 SARIREJO,SMK,NEGERI,Kab. Lamongan,Kec. Sarirejo,DS.  GEMPOLTUKMLOKO KEC. SARIREJO,Mloko,62285,08113607378,esemkasar@yahoo.co.id,http://www.smkn1sarirejo.sch.id,A,473,326,147,18
20549200,SMP ISLAM NURUL HUDA PONCOKUSUMO,SMP,SWASTA,Kab. Malang,Kec. Poncokusumo,Jl. Gajah Mada No 2,Krajan,65157,03418561356,smpinurulhuda@yahoo.com,http://www.smpinurulhuda.sch.id,B,473,262,211,14
20523907,UNIT PELAKSANA TEKNIS DAERAH (UPTD) SATUAN PENDIDIKAN SMPN 4 TANGGUL,SMP,NEGERI,Kab. Jember,Kec. Tanggul,Jln Kamboja No 95,Tanggul Kulon,68155,033644113,smpn4tanggul.jember@gmail.com,http://www.smpn4tanggul.sch.id,A,472,234,238,15
20507783,SMP NEGERI 1 KEBONSARI,SMP,NEGERI,Kab. Madiun,Kec. Kebonsari,Jl. Ahmad Yani,Pucanganom,63173,0351367741,smpnsatukebonsari@yahoo.co.id,http://www.smpnegeri1kebonsari.blogspot.com,A,472,265,207,16
69947341,SMK BAITUL IZZA ,SMK,SWASTA,Kab. Tulungagung,Kec. Boyolangu,JL. KH. Sulaiman Al Karim No 6,Kates,66235,085235410095,esemka.baitulizza@gmail.com,http://smkbaitulizza.sch.id,B,472,265,207,18
20533797,SMKS PRAJNAPARAMITA,SMK,SWASTA,Kota Malang,Kec. Blimbing,JL. SERAYU 2-C,-,65123,0341418919,smkprajnaparamita.pvs@gmail.com,http://www.smkprajnaparamita.sch.id,B,472,164,308,17
20533607,SMAS NASIONAL,SMA,SWASTA,Kota Malang,Kec. Sukun,JL. S. SUPRIADI  50,Kelurahan Bandungrejosari,65148,0341802835,websmanasionalmalang@gmail.com,http://www.smanasionalmalang.sch.id,A,472,209,263,13
20534775,UPT SMP NEGERI 7,SMP,NEGERI,Kota Mojokerto,Kec. Kranggan,Jl. Karyawan 4,Sentanan,61312,0321322330,uptsmpn7.kotamojokerto@gmail.com,http://smpn7kotamojokerto.sch.id,A,472,236,236,15
20532162,SMAS MUHAMMADIYAH 3 SURABAYA,SMA,SWASTA,Kota Surabaya,Kec. Wonokromo,JL. GADUNG III / 7,-,60244,0318415280,smam3.surabaya@gmail.com,http://smamgasby.sch.id,A,472,228,244,15
20532137,SMAS KRISTEN PETRA 5,SMA,SWASTA,Kota Surabaya,Kec. Wonocolo,JL. JEMUR ANDAYANI XVII / 2,-,60236,0318436474,sma5@pppkpetra.sch.id,http://pppkpetra.sch.id,A,472,232,240,15
20525606,SMK 17 AGUSTUS 1945 TEGALDLIMO,SMK,SWASTA,Kab. Banyuwangi,Kec. Tegaldlimo,JL. KALIPAIT TEGALDLIMO,Sumberluhur,68484,03335162663,smk17tdlimo@gmail.com,http://smk17tegaldlimo.sch.id,A,471,308,163,17
20546977,SMA NEGERI 1 BANCAR TUBAN,SMA,NEGERI,Kab. Tuban,Kec. Bancar,JL. Desa Bancar-Ngampelrejo Kec. bancar Kab. Tuban,Bancar,62354,412150,sman1.bancar@yahoo.co.id,https://sman1bancar.sch.id,B,471,229,242,15
20517519,SMP NEGERI 2 NGANTANG,SMP,NEGERI,Kab. Malang,Kec. Ngantang,JL. RAYA BANJAREJO RT. 19 RW. 3,LAJU,65392,0341521680,ssependa@yahoo.co.id,http://,A,470,236,234,15
20532700,SMP AL ISLAH,SMP,SWASTA,Kota Surabaya,Kec. Gununganyar,Jl. Gununganyar Tengah 22,Gunung Anyar,60294,03187858314,smp_alislah@yahoo.com,http://,A,470,219,251,15
20523863,UNIT PELAKSANA TEKNIS DAERAH (UPTD) SATUAN PENDIDIKAN SMPN 2 SILO,SMP,NEGERI,Kab. Jember,Kec. Silo,JL. KARANGHARJO No. 9,DUSUN SUMBER PINANG,68184,0331520030,silosmpdua@gmail.com,http://smpduasilo.blogspot.com,A,469,276,193,16
20506366,SMP NEGERI 1 BRONDONG,SMP,NEGERI,Kab. Lamongan,Kec. Brondong,Jl. Raya Brondong,BOHO,62263,0322663773,smpnegeri1brondong@gmail.com,http://smpn1-brondong.sch.id,A,469,255,214,16
20555837,SMP ASY SYARIFIY TEMPEH,SMP,SWASTA,Kab. Lumajang,Kec. Tempeh,Jl. Pondok Pesantren Asy-Syarifiy Desa Pandanwangi,kaligayam,67371,085854504157,SMP.ASSYARIF@YAHOO.CO.ID,http://,B,469,302,167,15
20522713,SMP NEGERI 1 PANARUKAN,SMP,NEGERI,Kab. Situbondo,Kec. Panarukan,Panarukan,KILENSARI,68351,0338672451,smp1panarukan.info@gmail.com,http://smpn1panarukan.sch.id,A,469,247,222,16
69758447,SMKN 13 MALANG,SMK,NEGERI,Kota Malang,Kec. Lowokwaru,PERUM. VILA BUKIT TIDAR BLOK A2,-,65144,03415023939,info@smkn13malang.sch.id,http://www.smkn13malang.sch.id,B,469,236,233,19
20568499,SMK KESEHATAN SURABAYA,SMK,SWASTA,Kota Surabaya,Kec. Sukolilo,JL. MEDOKAN SEMAMPIR INDAH NO.27 SURABAYA,-,60119,0315968122,smkesby@gmail.com,http://smekesbaya.sch.id,A,468,70,398,16
20531144,SMAS AL HIKAM,SMA,SWASTA,Kab. Bangkalan,Kec. Burneh,Jalan Raya Perumnas Tonjung Burneh No.1,Tunjung,69121,3095537,sma.alhikam@gmail.com,http://smasalhikam-burneh.blogspot.com,A,467,123,344,14
20540312,SMK MUHAMMADIYAH 1 NGORO,SMK,SWASTA,Kab. Jombang,Kec. Ngoro,JL. PATIMURA NO. 9 NGORO,Berjel,61473,0321712135,smkmuhammadiyahngoro@yahoo.co.id,http://smkmuhammadiyah1jmb.sch.id,B,467,459,8,16
20507746,SMP NEGERI 2 PILANGKENCENG,SMP,NEGERI,Kab. Madiun,Kec. Pilangkenceng,Jl. Raya Pilangkenceng No. 608,Kedungmaron,63154,0351384252,smp2pkc@yahoo.co.id,http://,A,467,272,195,17
20508500,SMP NEGERI 2 NGRAMBE,SMP,NEGERI,Kab. Ngawi,Kec. Ngrambe,Jl. Raya Ngrambe,GEDORO,63263,0351671075,smpn2ngrambe@gmail.com,http://smpn2ngrambe.blogspot.com,A,467,226,241,15
20566546,SMP TAHFIDZ DARUL ULUM,SMP,SWASTA,Kab. Pamekasan,Kec. Palengaan,Dusun Bujudan,Potoan,69362,0324323790,smptahfidzduba@yahoo.com,http://smptahfidzduba.blogspot.com,B,467,459,8,12
69768273,SMK UNGGULAN TERPADU,SMK,SWASTA,Kota Surabaya,Kec. Sambi Kerep,Dukuh Jelidro Kavling No.5 Sambikerep Surabaya,Sambikerep,60217,03135923025,smkunggulanterpadusby@gmail.com,http://smkut.sch.id,B,467,92,375,18
20523860,UNIT PELAKSANA TEKNIS DAERAH (UPTD) SATUAN PENDIDIKAN SMPN 2 PANTI,SMP,NEGERI,Kab. Jember,Kec. Panti,Jl. Rajawali 108 Panti,Krajan,68153,0331712377,smpn2pantijember@yahoo.co.id,http://smpn2panti.sch.id/,A,466,266,200,16
69852106,SMK ITABA,SMK,SWASTA,Kab. Sidoarjo,Kec. Gedangan,JL. RA. MUSTIKA,TEBEL TIMUR,61254,0318918242,semkitaba10@gmail.com,http://smkitaba.sch.id,B,466,333,133,13
20525689,SMP NEGERI 2 BANGOREJO,SMP,NEGERI,Kab. Banyuwangi,Kec. Bangorejo,Jalan Ahmad Yani No.14 A,SERE,68487,3390152,smpn2bango_119@yahoo.co.id,http://smpn2bangorejo.siap.web.id,A,465,244,221,15
20503446,SMP NEGERI 2 JOGOROTO,SMP,NEGERI,Kab. Jombang,Kec. Jogoroto,Ds . Alang - Alang Caruban,PENGALANGAN,61485,03217256554,smpn2_jogoroto@ymail.com,http://smpn2jogorotojombang.blogspot.co.id,A,465,260,205,15
20506370,SMP NEGERI 1 SAMBENG,SMP,NEGERI,Kab. Lamongan,Kec. Sambeng,JL. RAYA KEDUNGWANGI,LAWAN,62284,08113666701,smp1sambeng@gmaiL.com,https://smpnegeri1sambeng.sch.id,A,465,252,213,16
20523899,UNIT PELAKSANA TEKNIS DAERAH (UPTD) SATUAN PENDIDIKAN SMPN 3 BALUNG,SMP,NEGERI,Kab. Jember,Kec. Balung,Jl. Rambipuji Balung,Krajankidul,68161,0336621096,smpn3balung@yahoo.co.id,http://,A,464,265,199,15
20570687,SMK NEGERI 1 SUDIMORO,SMK,NEGERI,Kab. Pacitan,Kec. Sudimoro,JALAN RAYA LOROK - TRENGGALEK,BUBAKAN,63573,0,smkn1.sudimoro@gmail.com,http://www.smkn1.sudimoro,A,464,271,193,18
20525683,SMP NEGERI 4 GENTENG,SMP,NEGERI,Kab. Banyuwangi,Kec. Genteng,Pandan Kembiritan,Pandan,68465,085173190592,smpn4gtgbwi@gmail.com,http://www.smp4genteng.mysch.id,A,463,227,236,16
60724703,SMKS DR. SOEBANDI,SMK,SWASTA,Kab. Jember,Kec. Patrang,Jl. Dr. Soebandi No. 99A,-,68111,03315104296,smkdr.soebandi@gmail.com,http://www.smkdrsoebandijember.sch.id,A,463,44,419,21
20503403,SMK PGRI MOJOAGUNG,SMK,SWASTA,Kab. Jombang,Kec. Mojoagung,JL. VETERAN 103 MOJOAGUNG,-,61482,0321494553,smkpgrimojoagung@yahoo.co.id,http://www.smkpgrimjg.sch.id,B,463,209,254,18
20517828,SMAS SUNAN KALIJOGO JABUNG,SMA,SWASTA,Kab. Malang,Kec. Jabung,Jl. Ahmad Yani Kemantren Kec. Jabung,KEMANTREN,65155,0341793104,smakalijogojabung@gmail.com,http://www.sma.sunankalijogo-jabung.com,B,463,160,303,16
20508483,SMKS MUHAMMADIYAH 2 NGAWI,SMK,SWASTA,Kab. Ngawi,Kec. Mantingan,JL. MANTINGAN - SINE KM. 0,PULE,63260,0351673202,smkmuh_2ngawi@yahoo.co.id,http://https://smkmuhammadiyah2ngawi.sch.id/,B,463,304,159,17
20554534,SMKN BANDAR,SMK,NEGERI,Kab. Pacitan,Kec. Bandar,JL. RAYA BANDAR - PACITAN,Bandar,63583,0357331077,info@smknbandar.sch.id,"http://www.smknbandar,sch.id",B,462,250,212,16
20532793,SMP IPIEMS SURABAYA,SMP,SWASTA,Kota Surabaya,Kec. Mulyorejo,Jl Raya Menur 125 Surabaya,,60116,0315923769,info@smpipiems.sch.id,http://www.smpipiems.sch.id,A,462,248,214,15
20521445,SMAN KLAKAH,SMA,NEGERI,Kab. Lumajang,Kec. Klakah,JL. RAYA KLAKAH,MLAWANG,67356,0334441104,smanklakah@gmail.com,http://smakla.wixsite.com/smakla,A,461,209,252,14
69769397,SMKS SABILILLAH,SMK,SWASTA,Kab. Pasuruan,Kec. Gondang Wetan,Jalan Raya Dadapan RT/RW. 03/01 Grogol gondangwetan Pasuruan,DADAPAN,67174,081249021929,smksabilillah10@gmail.com,http://smksabilillah.sch.id,B,461,283,178,17
20515494,SMP N 2 SUMBERGEMPOL,SMP,NEGERI,Kab. Tulungagung,Kec. Sumbergempol,Desa Junjung,Pasir,66291,081232290002,sumbergempol2_jjg@yahoo.co.id,http://smp2sumbergempol.blogspot.com/,A,461,278,183,16
20539426,SMP PGRI 01,SMP,SWASTA,Kota Batu,Kec. Batu,Jl. Arjuno 40 E Kota Batu,SISIR,65314,0341599400,smppgri1batu@gmail.com,http://,A,461,257,204,16
20534167,SMPN 5,SMP,NEGERI,Kota Madiun,Kec. Manguharjo,Jl. Semeru No. 11 Madiun,PANGONGANGAN,63121,0351464146,smpn5madiun@gmail.com,http://smp5-madiun.blogspot.com/,A,461,234,227,15
20532200,SMKS PARIWISATA SATYA WIDYA,SMK,SWASTA,Kota Surabaya,Kec. Gubeng,JL. KARANGMENJANGAN 118 (MENUR 2 A),Menur,60286,0315030137,info@smkparsatyawidya.sch.id,http://smkparsatyawidya.sch.id,A,461,199,262,17
69921069,SMK NEGERI 2 TEGALSARI,SMK,NEGERI,Kab. Banyuwangi,Kec. Tegalsari,JL. KH. ACHMAD MUSAYYIDI KARANGDORO,Karangdoro,68491,,smknegeri2tegalsari@gmail.com,http://,A,460,270,190,20
20525607,SMKS AL AZHAR SEMPU,SMK,SWASTA,Kab. Banyuwangi,Kec. Sempu,JL. IMAM SYAFII 45 SEMPU BANYUWANGI,Sempu,68468,03335823811,smk_al_azhar@yahoo.com,http://www.smkalazhar.sch.id,B,460,263,197,19
20523889,UNIT PELAKSANA TEKNIS DAERAH (UPTD) SATUAN PENDIDIKAN SMPN 2 WULUHAN,SMP,NEGERI,Kab. Jember,Kec. Wuluhan,Jl. Kemuningsari Kidul 157,Sumberjo,68162,03366200022,smp2wuluhan@gmail.com,http://,A,460,244,216,16
69727423,SMK INTENSIF BAITUSSALAM TANJUNGANOM,SMK,SWASTA,Kab. Nganjuk,Kec. Tanjunganom,JL. LESMONO TANJUNGANOM,Putuk,64482,0358774537,smkibts@gmail.com,http://www.smkbts.sch.id,B,459,368,91,16
20540091,SMKS PGRI 3 SIDOARJO,SMK,SWASTA,Kab. Sidoarjo,Kec. Sidoarjo,JL. DR.WAHIDIN NO.130 B,-,61215,0318923909,smkpgritigasidoarjo@gmail.com,smkpgri3sidoarjo.mysch.id,B,459,69,390,15
70002935,SMP HM LIRBOYO PAPAR,SMP,SWASTA,Kab. Kediri,Kec. Papar,Jl. Raya Papar - Pare RT 04/RW 09,PAPAR,64153,081231232016,smphmlirboyo@gmail.com,http://,A,458,277,181,16
20533849,SMP BRAWIJAYA SMART SCHOOL,SMP,SWASTA,Kota Malang,Kec. Lowokwaru,Jalan Cipayung 8 Malang,Ketawanggede,65145,03415081175,smpbss@ub.ac.id,smpbss.sch.id,A,458,230,228,15
20546978,SMA NEGERI 1 KEREK TUBAN,SMA,NEGERI,Kab. Tuban,Kec. Kerek,Jl. Raya Kerek-Montong,Jarorejo,62356,,smansatukerek@gmail.com,http://www.sman1kerek.sch.id,B,457,197,260,14
20561785,SMP NEGERI 25 MALANG,SMP,NEGERI,Kota Malang,Kec. Lowokwaru,Perum Villa Bukit Tidar,Merjosari,65144,081281515582,smpn25ml9@gmail.com,http://smpn25malang.sch.id,A,457,244,213,15
69978722,SMP NEGERI 62 SURABAYA,SMP,NEGERI,Kota Surabaya,Kec. Gununganyar,Jl.Gunung Anyar Jaya,GUNUNG ANYAR,60294,03187858989,smpn62sby@gmail.com,http://spenamda.xyz,B,457,276,181,16
20511846,UPTD SMPN 2 Kandangan,SMP,NEGERI,Kab. Kediri,Kec. Kandangan,Dusun Sidomulyo,Sidomulyo,64294,085733646167,uptdsmp2kandangan@gmail.com,http://smpn2-kandangan.sch.id/,A,456,216,240,15
20510095,SMKS PGRI 1 PONOROGO,SMK,SWASTA,Kab. Ponorogo,Kec. Ponorogo,JL. IRAWAN NO. 13 PONOROGO,-,63416,0352461173,smkpgri_1po@yahoo.co.id,http://www.smkpgri1po.sch.id,A,456,33,423,18
20540068,SMAS SENOPATI SEDATI,SMA,SWASTA,Kab. Sidoarjo,Kec. Sedati,JL. SENOPATI NO. 2,-,61253,0318910601,tatausaha.smasenopati@gmail.com,http://smasenopati.sch.id,A,456,172,284,14
20507730,SMAN 1 SARADAN,SMA,NEGERI,Kab. Madiun,Kec. Saradan,JL RAYA SARADAN ,Sidorejo,63155,384194,sman1saradan@gmail.com,http://www.sman1saradan.sch.id,A,455,201,254,15
20528593,UPTD SMPN 1 CAMPLONG,SMP,NEGERI,Kab. Sampang,Kec. Camplong,Jl. Raya Camplong,Dharma,69281,081939445160,smpn1camplong.sampang@gmail.com,http://smpn1camplong.sch.id,A,455,233,222,16
70041835,SMP NEGERI 2 PRAMBON,SMP,NEGERI,Kab. Sidoarjo,Kec. Prambon,Jl. Raya Prambon Ds. Kajartengguli,KAJAR TENGGULI,61264,,spendapra@gmail.com,http://,A,455,242,213,15
20531197,UPTD SMP NEGERI 1 KLAMPIS,SMP,NEGERI,Kab. Bangkalan,Kec. Klampis,Jl.Raya Klampis No.2A,Lao' Sabe,69153,03130540915,smpn1klampis@gmail.com,http://www.smpn1klampis.ac.id,B,454,241,213,15
20549207,SMP NEGERI 2 PAKISAJI,SMP,NEGERI,Kab. Malang,Kec. Pakisaji,JL. DARUNGAN ,Darungan,65162,0341837710,smp2pakisaji@gmail.com,http://smpn2pakisaji.sch.id,A,454,224,230,15
20505031,SMKS PGRI 2 TUBAN,SMK,SWASTA,Kab. Tuban,Kec. Tuban,JL. AKBP SUROKO NO.21 KEBONSARI TUBAN,-,62317,0356326657,smkpgri2tbn.new@gmail.com,http://www.smkpgri2tuban.com,B,454,232,222,13
20517575,SMP PGRI 01 WAGIR,SMP,SWASTA,Kab. Malang,Kec. Wagir,Jl. Raya Sidorahayu RT. 01 RW. 01,TULUSAYU,65158,0341808270,spegrisawagir@gmail.com,http://,B,453,251,202,15
20539812,SMKS AL ASYARIYAH PRAMBON,SMK,SWASTA,Kab. Nganjuk,Kec. Prambon,JL. MASJID  WATUDANDANG,watudandang,64484,0358791093,smkalasyariyah@yahoo.com,http://www.smkalasyariyahnganjuk.wordpress.com,B,453,286,167,19
20508518,SMP NEGERI 3 NGRAMBE,SMP,NEGERI,Kab. Ngawi,Kec. Ngrambe,Jl. Bantar No. 38 Ngrambe,NGRAMBE,63263,03518511611,smpn3ngrambe@gmail.com,http://smpn3ngrambe.sch.id,A,453,232,221,15
20532723,SMP KEMALA BHAYANGKARI 1 SURABAYA,SMP,SWASTA,Kota Surabaya,Kec. Gayungan,Jl. A. Yani 30 - 32,GAYUNGAN,60231,031828298,smpbhayangkari1sby@gmail.com,http://https://smpbhayangkari1sby.sch.id,A,453,227,226,15
20555107,SMK MAMBA`UL KHOIRIYATIL ISLAMIYAH,SMK,SWASTA,Kab. Jember,Kec. Bangsalsari,JL. BALUNG NO.27,BANGSALSARI,68154,0331714586,mhi.smk@gmail.com,http://www.smkmhibangsalsari.blogspot.com,B,452,242,210,15
20520023,SMAN 1 GADING,SMA,NEGERI,Kab. Probolinggo,Kec. Gading,JL. RAYA CONDONG,KRAJAN,67285,611382,smansatugading@yahoo.co.id,http://www.sman1gading.sch.id/,A,452,269,183,14
20532133,SMA KRISTEN GLORIA 1,SMA,SWASTA,Kota Surabaya,Kec. Sukomanunggal,JL. Raya Sukomanunggal Jaya 25A,-,60188,7340247,tusma1.gloria@yahoo.com,http://www.gloriaschool.org,A,452,240,212,14
20504417,SMP NEGERI 2 SUGIHWARAS,SMP,NEGERI,Kab. Bojonegoro,Kec. Sugihwaras,Panunggalan,Medowo,62183,,smp2sugihwaras@gmail.com,http://,A,451,256,195,16
20506368,SMP NEGERI 1 DEKET,SMP,NEGERI,Kab. Lamongan,Kec. Deket,Jl Deket Wetan,DEKET WETAN,62291,0322323344,smpn1deket@gmail.com,http://www.smpn1deket.net,A,451,243,208,15
20533829,SMP KARTIKA IV-9 MALANG,SMP,SWASTA,Kota Malang,Kec. Blimbing,Jl. Narotama No. 100a,KESATRIAN,65121,0341324506,49kartika@gmail.com,http://www.smpkartika49-malang.sch.id,A,451,255,196,15
20504421,SMP NEGERI 1 MARGOMULYO,SMP,NEGERI,Kab. Bojonegoro,Kec. Margomulyo,Ds. Margomulyo,Kalimojo,62168,0351747955,smpnegeri1margomulyo@gmail.com,http://,A,450,248,202,15
69858461,SMK ISLAMIC QON,SMK,SWASTA,Kab. Gresik,Kec. Manyar,JL. RANTAU GG. MASJID NO. 1 GKB,Sukomulyo,61151,03199006870,smkislamicqon@yahoo.co.id,http://smkiqon.sch.id,A,450,210,240,15
20503482,SMP NEGERI 2 PLANDAAN,SMP,NEGERI,Kab. Jombang,Kec. Plandaan,Jln Arjuno No.40,Klagen,61456,081235869141,smp2plandaan@yahoo.com,http://smpn2plandaan.sch.id,A,450,229,221,15
